Workbook row,Priority,Keyword,Language,Source type,Intent,Origin,Destination,Service / modifier,Recommended cluster,Current page,Current ranking evidence,Existing coverage,Missing coverage,Cannibalization risk,Classification,Recommended action,Evidence / handling note
6,P0,المسافة من أرامكو الى البحرين بالسيارة,AR,Systematic long-tail expansion,Informational,أرامكو,البحرين,مسافة,أرامكو ← البحرين,/bahrain-saudi-gcc-transport/bahrain-to-aramco/,No numeric ranking evidence supplied for this keyword,No exact phrase found; contextual coverage required,Use Dammam/Khobar/Eastern Province coverage first; create a dedicated page only after unique intent and sufficient facts are confirmed,High if split into thin locality pages,Add safely to existing page or evaluate hub,Use Dammam/Khobar/Eastern Province coverage first; create a dedicated page only after unique intent and sufficient facts are confirmed,توسعة منهجية لعبارات المسار والخدمة؛ ليست حجم بحث موثق
7,P0,المسافة من البحرين الى أرامكو بالسيارة,AR,Systematic long-tail expansion,Informational,البحرين,أرامكو,مسافة,البحرين ← أرامكو,/bahrain-saudi-gcc-transport/aramco-to-bahrain/,No numeric ranking evidence supplied for this keyword,No exact phrase found; contextual coverage required,Use Dammam/Khobar/Eastern Province coverage first; create a dedicated page only after unique intent and sufficient facts are confirmed,High if split into thin locality pages,Add safely to existing page or evaluate hub,Use Dammam/Khobar/Eastern Province coverage first; create a dedicated page only after unique intent and sufficient facts are confirmed,توسعة منهجية لعبارات المسار والخدمة؛ ليست حجم بحث موثق
8,P0,المسافة من البحرين الى الخبر بالسيارة,AR,Systematic long-tail expansion,Informational,البحرين,الخبر,مسافة,البحرين ← الخبر,/bahrain-saudi-gcc-transport/bahrain-to-khobar/,GSC avg position 22.66; authority/ranking gap,Dedicated bilingual route page exists,Add naturally to the existing bilingual route/airport page and strengthen related internal links and FAQs,Medium; avoid duplicating the paired route or airport page,Improve underperforming existing page,Add naturally to the existing bilingual route/airport page and strengthen related internal links and FAQs,توسعة منهجية لعبارات المسار والخدمة؛ ليست حجم بحث موثق
9,P0,المسافة من البحرين الى الدمام بالسيارة,AR,Systematic long-tail expansion,Informational,البحرين,الدمام,مسافة,البحرين ← الدمام,/bahrain-saudi-gcc-transport/bahrain-to-dammam/,GSC avg position 14.14; page-two growth opportunity,Dedicated bilingual route page exists,Add naturally to the existing bilingual route/airport page and strengthen related internal links and FAQs,Medium; avoid duplicating the paired route or airport page,Improve underperforming existing page,Add naturally to the existing bilingual route/airport page and strengthen related internal links and FAQs,توسعة منهجية لعبارات المسار والخدمة؛ ليست حجم بحث موثق
10,P0,المسافة من البحرين الى الدوحة بالسيارة,AR,Systematic long-tail expansion,Informational,البحرين,الدوحة,مسافة,البحرين ← الدوحة,/bahrain-saudi-gcc-transport/qatar-to-bahrain/,GSC avg position 7.88; page-one winner,Dedicated bilingual route page exists,Leave primary SEO fields and ranking content unchanged; add only small safe conversion support,High; protect existing winner,Protect,Leave primary SEO fields and ranking content unchanged; add only small safe conversion support,توسعة منهجية لعبارات المسار والخدمة؛ ليست حجم بحث موثق
11,P0,المسافة من البحرين الى الظهران بالسيارة,AR,Systematic long-tail expansion,Informational,البحرين,الظهران,مسافة,البحرين ← الظهران,/bahrain-saudi-gcc-transport/dhahran-to-bahrain/,No numeric ranking evidence supplied for this keyword,No exact phrase found; contextual coverage required,Use Dammam/Khobar/Eastern Province coverage first; create a dedicated page only after unique intent and sufficient facts are confirmed,High if split into thin locality pages,Add safely to existing page or evaluate hub,Use Dammam/Khobar/Eastern Province coverage first; create a dedicated page only after unique intent and sufficient facts are confirmed,توسعة منهجية لعبارات المسار والخدمة؛ ليست حجم بحث موثق
12,P0,المسافة من البحرين الى مدينة الكويت بالسيارة,AR,Systematic long-tail expansion,Informational,البحرين,مدينة الكويت,مسافة,البحرين ← مدينة الكويت,/bahrain-saudi-gcc-transport/kuwait-to-bahrain/,GSC avg position 8.48; page-one winner with CTR opportunity,Dedicated bilingual route page exists,Leave primary SEO fields and ranking content unchanged; add only small safe conversion support,High; protect existing winner,Protect,Leave primary SEO fields and ranking content unchanged; add only small safe conversion support,توسعة منهجية لعبارات المسار والخدمة؛ ليست حجم بحث موثق
13,P0,المسافة من البحرين الى مطار الدمام بالسيارة,AR,Systematic long-tail expansion,Informational,البحرين,مطار الدمام,مسافة,البحرين ← مطار الدمام,/bahrain-saudi-gcc-transport/bahrain-to-dammam-airport/,Covered by route and dedicated airport pages; no separate numeric position supplied,Dedicated bilingual route page exists,Add naturally to the existing bilingual route/airport page and strengthen related internal links and FAQs,Medium; avoid duplicating the paired route or airport page,Improve underperforming existing page,Add naturally to the existing bilingual route/airport page and strengthen related internal links and FAQs,توسعة منهجية لعبارات المسار والخدمة؛ ليست حجم بحث موثق
14,P0,المسافة من الخبر الى البحرين بالسيارة,AR,Systematic long-tail expansion,Informational,الخبر,البحرين,مسافة,الخبر ← البحرين,/bahrain-saudi-gcc-transport/khobar-to-bahrain/,GSC avg position 22.66; authority/ranking gap,Dedicated bilingual route page exists,Add naturally to the existing bilingual route/airport page and strengthen related internal links and FAQs,Medium; avoid duplicating the paired route or airport page,Improve underperforming existing page,Add naturally to the existing bilingual route/airport page and strengthen related internal links and FAQs,توسعة منهجية لعبارات المسار والخدمة؛ ليست حجم بحث موثق
15,P0,المسافة من الدمام الى البحرين بالسيارة,AR,Systematic long-tail expansion,Informational,الدمام,البحرين,مسافة,الدمام ← البحرين,/bahrain-saudi-gcc-transport/dammam-to-bahrain/,GSC avg position 14.14; page-two growth opportunity,Dedicated bilingual route page exists,Add naturally to the existing bilingual route/airport page and strengthen related internal links and FAQs,Medium; avoid duplicating the paired route or airport page,Improve underperforming existing page,Add naturally to the existing bilingual route/airport page and strengthen related internal links and FAQs,توسعة منهجية لعبارات المسار والخدمة؛ ليست حجم بحث موثق
16,P0,المسافة من الدوحة الى البحرين بالسيارة,AR,Systematic long-tail expansion,Informational,الدوحة,البحرين,مسافة,الدوحة ← البحرين,/bahrain-saudi-gcc-transport/bahrain-to-qatar/,GSC avg position 7.88; page-one winner,Dedicated bilingual route page exists,Leave primary SEO fields and ranking content unchanged; add only small safe conversion support,High; protect existing winner,Protect,Leave primary SEO fields and ranking content unchanged; add only small safe conversion support,توسعة منهجية لعبارات المسار والخدمة؛ ليست حجم بحث موثق
17,P0,المسافة من الظهران الى البحرين بالسيارة,AR,Systematic long-tail expansion,Informational,الظهران,البحرين,مسافة,الظهران ← البحرين,/bahrain-saudi-gcc-transport/bahrain-to-dhahran/,No numeric ranking evidence supplied for this keyword,No exact phrase found; contextual coverage required,Use Dammam/Khobar/Eastern Province coverage first; create a dedicated page only after unique intent and sufficient facts are confirmed,High if split into thin locality pages,Add safely to existing page or evaluate hub,Use Dammam/Khobar/Eastern Province coverage first; create a dedicated page only after unique intent and sufficient facts are confirmed,توسعة منهجية لعبارات المسار والخدمة؛ ليست حجم بحث موثق
18,P0,المسافة من مدينة الكويت الى البحرين بالسيارة,AR,Systematic long-tail expansion,Informational,مدينة الكويت,البحرين,مسافة,مدينة الكويت ← البحرين,/bahrain-saudi-gcc-transport/bahrain-to-kuwait/,GSC avg position 8.48; page-one winner with CTR opportunity,Dedicated bilingual route page exists,Leave primary SEO fields and ranking content unchanged; add only small safe conversion support,High; protect existing winner,Protect,Leave primary SEO fields and ranking content unchanged; add only small safe conversion support,توسعة منهجية لعبارات المسار والخدمة؛ ليست حجم بحث موثق
19,P0,المسافة من مطار الدمام الى البحرين بالسيارة,AR,Systematic long-tail expansion,Informational,مطار الدمام,البحرين,مسافة,مطار الدمام ← البحرين,/bahrain-saudi-gcc-transport/dammam-airport-to-bahrain/,Covered by route and dedicated airport pages; no separate numeric position supplied,Dedicated bilingual route page exists,Add naturally to the existing bilingual route/airport page and strengthen related internal links and FAQs,Medium; avoid duplicating the paired route or airport page,Improve underperforming existing page,Add naturally to the existing bilingual route/airport page and strengthen related internal links and FAQs,توسعة منهجية لعبارات المسار والخدمة؛ ليست حجم بحث موثق
20,P0,بكم التوصيل من أرامكو الى البحرين,AR,Systematic long-tail expansion,Price,أرامكو,البحرين,سعر,أرامكو ← البحرين,/bahrain-saudi-gcc-transport/bahrain-to-aramco/,No numeric ranking evidence supplied for this keyword,No exact phrase found; contextual coverage required,Use Dammam/Khobar/Eastern Province coverage first; create a dedicated page only after unique intent and sufficient facts are confirmed,High if split into thin locality pages,Add safely to existing page or evaluate hub,Use Dammam/Khobar/Eastern Province coverage first; create a dedicated page only after unique intent and sufficient facts are confirmed,توسعة منهجية لعبارات المسار والخدمة؛ ليست حجم بحث موثق
21,P0,بكم التوصيل من البحرين الى أرامكو,AR,Systematic long-tail expansion,Price,البحرين,أرامكو,سعر,البحرين ← أرامكو,/bahrain-saudi-gcc-transport/aramco-to-bahrain/,No numeric ranking evidence supplied for this keyword,No exact phrase found; contextual coverage required,Use Dammam/Khobar/Eastern Province coverage first; create a dedicated page only after unique intent and sufficient facts are confirmed,High if split into thin locality pages,Add safely to existing page or evaluate hub,Use Dammam/Khobar/Eastern Province coverage first; create a dedicated page only after unique intent and sufficient facts are confirmed,توسعة منهجية لعبارات المسار والخدمة؛ ليست حجم بحث موثق
22,P0,بكم التوصيل من البحرين الى الخبر,AR,Systematic long-tail expansion,Price,البحرين,الخبر,سعر,البحرين ← الخبر,/bahrain-saudi-gcc-transport/bahrain-to-khobar/,GSC avg position 22.66; authority/ranking gap,Dedicated bilingual route page exists,Add naturally to the existing bilingual route/airport page and strengthen related internal links and FAQs,Medium; avoid duplicating the paired route or airport page,Improve underperforming existing page,Add naturally to the existing bilingual route/airport page and strengthen related internal links and FAQs,توسعة منهجية لعبارات المسار والخدمة؛ ليست حجم بحث موثق
23,P0,بكم التوصيل من البحرين الى الدمام,AR,Systematic long-tail expansion,Price,البحرين,الدمام,سعر,البحرين ← الدمام,/bahrain-saudi-gcc-transport/bahrain-to-dammam/,GSC avg position 14.14; page-two growth opportunity,Dedicated bilingual route page exists,Add naturally to the existing bilingual route/airport page and strengthen related internal links and FAQs,Medium; avoid duplicating the paired route or airport page,Improve underperforming existing page,Add naturally to the existing bilingual route/airport page and strengthen related internal links and FAQs,توسعة منهجية لعبارات المسار والخدمة؛ ليست حجم بحث موثق
24,P0,بكم التوصيل من البحرين الى الدوحة,AR,Systematic long-tail expansion,Price,البحرين,الدوحة,سعر,البحرين ← الدوحة,/bahrain-saudi-gcc-transport/qatar-to-bahrain/,GSC avg position 7.88; page-one winner,Dedicated bilingual route page exists,Leave primary SEO fields and ranking content unchanged; add only small safe conversion support,High; protect existing winner,Protect,Leave primary SEO fields and ranking content unchanged; add only small safe conversion support,توسعة منهجية لعبارات المسار والخدمة؛ ليست حجم بحث موثق
25,P0,بكم التوصيل من البحرين الى الظهران,AR,Systematic long-tail expansion,Price,البحرين,الظهران,سعر,البحرين ← الظهران,/bahrain-saudi-gcc-transport/dhahran-to-bahrain/,No numeric ranking evidence supplied for this keyword,No exact phrase found; contextual coverage required,Use Dammam/Khobar/Eastern Province coverage first; create a dedicated page only after unique intent and sufficient facts are confirmed,High if split into thin locality pages,Add safely to existing page or evaluate hub,Use Dammam/Khobar/Eastern Province coverage first; create a dedicated page only after unique intent and sufficient facts are confirmed,توسعة منهجية لعبارات المسار والخدمة؛ ليست حجم بحث موثق
26,P0,بكم التوصيل من البحرين الى مدينة الكويت,AR,Systematic long-tail expansion,Price,البحرين,مدينة الكويت,سعر,البحرين ← مدينة الكويت,/bahrain-saudi-gcc-transport/kuwait-to-bahrain/,GSC avg position 8.48; page-one winner with CTR opportunity,Dedicated bilingual route page exists,Leave primary SEO fields and ranking content unchanged; add only small safe conversion support,High; protect existing winner,Protect,Leave primary SEO fields and ranking content unchanged; add only small safe conversion support,توسعة منهجية لعبارات المسار والخدمة؛ ليست حجم بحث موثق
27,P0,بكم التوصيل من البحرين الى مطار الدمام,AR,Systematic long-tail expansion,Price,البحرين,مطار الدمام,سعر,البحرين ← مطار الدمام,/bahrain-saudi-gcc-transport/bahrain-to-dammam-airport/,Covered by route and dedicated airport pages; no separate numeric position supplied,Dedicated bilingual route page exists,Add naturally to the existing bilingual route/airport page and strengthen related internal links and FAQs,Medium; avoid duplicating the paired route or airport page,Improve underperforming existing page,Add naturally to the existing bilingual route/airport page and strengthen related internal links and FAQs,توسعة منهجية لعبارات المسار والخدمة؛ ليست حجم بحث موثق
28,P0,بكم التوصيل من الخبر الى البحرين,AR,Systematic long-tail expansion,Price,الخبر,البحرين,سعر,الخبر ← البحرين,/bahrain-saudi-gcc-transport/khobar-to-bahrain/,GSC avg position 22.66; authority/ranking gap,Dedicated bilingual route page exists,Add naturally to the existing bilingual route/airport page and strengthen related internal links and FAQs,Medium; avoid duplicating the paired route or airport page,Improve underperforming existing page,Add naturally to the existing bilingual route/airport page and strengthen related internal links and FAQs,توسعة منهجية لعبارات المسار والخدمة؛ ليست حجم بحث موثق
29,P0,بكم التوصيل من الدمام الى البحرين,AR,Systematic long-tail expansion,Price,الدمام,البحرين,سعر,الدمام ← البحرين,/bahrain-saudi-gcc-transport/dammam-to-bahrain/,GSC avg position 14.14; page-two growth opportunity,Dedicated bilingual route page exists,Add naturally to the existing bilingual route/airport page and strengthen related internal links and FAQs,Medium; avoid duplicating the paired route or airport page,Improve underperforming existing page,Add naturally to the existing bilingual route/airport page and strengthen related internal links and FAQs,توسعة منهجية لعبارات المسار والخدمة؛ ليست حجم بحث موثق
30,P0,بكم التوصيل من الدوحة الى البحرين,AR,Systematic long-tail expansion,Price,الدوحة,البحرين,سعر,الدوحة ← البحرين,/bahrain-saudi-gcc-transport/bahrain-to-qatar/,GSC avg position 7.88; page-one winner,Dedicated bilingual route page exists,Leave primary SEO fields and ranking content unchanged; add only small safe conversion support,High; protect existing winner,Protect,Leave primary SEO fields and ranking content unchanged; add only small safe conversion support,توسعة منهجية لعبارات المسار والخدمة؛ ليست حجم بحث موثق
31,P0,بكم التوصيل من الظهران الى البحرين,AR,Systematic long-tail expansion,Price,الظهران,البحرين,سعر,الظهران ← البحرين,/bahrain-saudi-gcc-transport/bahrain-to-dhahran/,No numeric ranking evidence supplied for this keyword,No exact phrase found; contextual coverage required,Use Dammam/Khobar/Eastern Province coverage first; create a dedicated page only after unique intent and sufficient facts are confirmed,High if split into thin locality pages,Add safely to existing page or evaluate hub,Use Dammam/Khobar/Eastern Province coverage first; create a dedicated page only after unique intent and sufficient facts are confirmed,توسعة منهجية لعبارات المسار والخدمة؛ ليست حجم بحث موثق
32,P0,بكم التوصيل من مدينة الكويت الى البحرين,AR,Systematic long-tail expansion,Price,مدينة الكويت,البحرين,سعر,مدينة الكويت ← البحرين,/bahrain-saudi-gcc-transport/bahrain-to-kuwait/,GSC avg position 8.48; page-one winner with CTR opportunity,Dedicated bilingual route page exists,Leave primary SEO fields and ranking content unchanged; add only small safe conversion support,High; protect existing winner,Protect,Leave primary SEO fields and ranking content unchanged; add only small safe conversion support,توسعة منهجية لعبارات المسار والخدمة؛ ليست حجم بحث موثق
33,P0,بكم التوصيل من مطار الدمام الى البحرين,AR,Systematic long-tail expansion,Price,مطار الدمام,البحرين,سعر,مطار الدمام ← البحرين,/bahrain-saudi-gcc-transport/dammam-airport-to-bahrain/,Covered by route and dedicated airport pages; no separate numeric position supplied,Dedicated bilingual route page exists,Add naturally to the existing bilingual route/airport page and strengthen related internal links and FAQs,Medium; avoid duplicating the paired route or airport page,Improve underperforming existing page,Add naturally to the existing bilingual route/airport page and strengthen related internal links and FAQs,توسعة منهجية لعبارات المسار والخدمة؛ ليست حجم بحث موثق
34,P0,تاكسي من أرامكو الى البحرين,AR,Systematic long-tail expansion,Commercial,أرامكو,البحرين,تاكسي,أرامكو ← البحرين,/bahrain-saudi-gcc-transport/bahrain-to-aramco/,No numeric ranking evidence supplied for this keyword,No exact phrase found; contextual coverage required,Use Dammam/Khobar/Eastern Province coverage first; create a dedicated page only after unique intent and sufficient facts are confirmed,High if split into thin locality pages,Add safely to existing page or evaluate hub,Use Dammam/Khobar/Eastern Province coverage first; create a dedicated page only after unique intent and sufficient facts are confirmed,توسعة منهجية لعبارات المسار والخدمة؛ ليست حجم بحث موثق
35,P0,تاكسي من البحرين الى أرامكو,AR,Systematic long-tail expansion,Commercial,البحرين,أرامكو,تاكسي,البحرين ← أرامكو,/bahrain-saudi-gcc-transport/aramco-to-bahrain/,No numeric ranking evidence supplied for this keyword,No exact phrase found; contextual coverage required,Use Dammam/Khobar/Eastern Province coverage first; create a dedicated page only after unique intent and sufficient facts are confirmed,High if split into thin locality pages,Add safely to existing page or evaluate hub,Use Dammam/Khobar/Eastern Province coverage first; create a dedicated page only after unique intent and sufficient facts are confirmed,توسعة منهجية لعبارات المسار والخدمة؛ ليست حجم بحث موثق
36,P0,تاكسي من البحرين الى الخبر,AR,Systematic long-tail expansion,Commercial,البحرين,الخبر,تاكسي,البحرين ← الخبر,/bahrain-saudi-gcc-transport/bahrain-to-khobar/,GSC avg position 22.66; authority/ranking gap,Dedicated bilingual route page exists,Add naturally to the existing bilingual route/airport page and strengthen related internal links and FAQs,Medium; avoid duplicating the paired route or airport page,Improve underperforming existing page,Add naturally to the existing bilingual route/airport page and strengthen related internal links and FAQs,توسعة منهجية لعبارات المسار والخدمة؛ ليست حجم بحث موثق
37,P0,تاكسي من البحرين الى الدمام,AR,Systematic long-tail expansion,Commercial,البحرين,الدمام,تاكسي,البحرين ← الدمام,/bahrain-saudi-gcc-transport/bahrain-to-dammam/,GSC avg position 14.14; page-two growth opportunity,Dedicated bilingual route page exists,Add naturally to the existing bilingual route/airport page and strengthen related internal links and FAQs,Medium; avoid duplicating the paired route or airport page,Improve underperforming existing page,Add naturally to the existing bilingual route/airport page and strengthen related internal links and FAQs,توسعة منهجية لعبارات المسار والخدمة؛ ليست حجم بحث موثق
38,P0,تاكسي من البحرين الى الدوحة,AR,Systematic long-tail expansion,Commercial,البحرين,الدوحة,تاكسي,البحرين ← الدوحة,/bahrain-saudi-gcc-transport/qatar-to-bahrain/,GSC avg position 7.88; page-one winner,Dedicated bilingual route page exists,Leave primary SEO fields and ranking content unchanged; add only small safe conversion support,High; protect existing winner,Protect,Leave primary SEO fields and ranking content unchanged; add only small safe conversion support,توسعة منهجية لعبارات المسار والخدمة؛ ليست حجم بحث موثق
39,P0,تاكسي من البحرين الى الظهران,AR,Systematic long-tail expansion,Commercial,البحرين,الظهران,تاكسي,البحرين ← الظهران,/bahrain-saudi-gcc-transport/dhahran-to-bahrain/,No numeric ranking evidence supplied for this keyword,No exact phrase found; contextual coverage required,Use Dammam/Khobar/Eastern Province coverage first; create a dedicated page only after unique intent and sufficient facts are confirmed,High if split into thin locality pages,Add safely to existing page or evaluate hub,Use Dammam/Khobar/Eastern Province coverage first; create a dedicated page only after unique intent and sufficient facts are confirmed,توسعة منهجية لعبارات المسار والخدمة؛ ليست حجم بحث موثق
40,P0,تاكسي من البحرين الى مدينة الكويت,AR,Systematic long-tail expansion,Commercial,البحرين,مدينة الكويت,تاكسي,البحرين ← مدينة الكويت,/bahrain-saudi-gcc-transport/kuwait-to-bahrain/,GSC avg position 8.48; page-one winner with CTR opportunity,Dedicated bilingual route page exists,Leave primary SEO fields and ranking content unchanged; add only small safe conversion support,High; protect existing winner,Protect,Leave primary SEO fields and ranking content unchanged; add only small safe conversion support,توسعة منهجية لعبارات المسار والخدمة؛ ليست حجم بحث موثق
41,P0,تاكسي من البحرين الى مطار الدمام,AR,Systematic long-tail expansion,Commercial,البحرين,مطار الدمام,تاكسي,البحرين ← مطار الدمام,/bahrain-saudi-gcc-transport/bahrain-to-dammam-airport/,Covered by route and dedicated airport pages; no separate numeric position supplied,Dedicated bilingual route page exists,Add naturally to the existing bilingual route/airport page and strengthen related internal links and FAQs,Medium; avoid duplicating the paired route or airport page,Improve underperforming existing page,Add naturally to the existing bilingual route/airport page and strengthen related internal links and FAQs,توسعة منهجية لعبارات المسار والخدمة؛ ليست حجم بحث موثق
42,P0,تاكسي من الخبر الى البحرين,AR,Systematic long-tail expansion,Commercial,الخبر,البحرين,تاكسي,الخبر ← البحرين,/bahrain-saudi-gcc-transport/khobar-to-bahrain/,GSC avg position 22.66; authority/ranking gap,Dedicated bilingual route page exists,Add naturally to the existing bilingual route/airport page and strengthen related internal links and FAQs,Medium; avoid duplicating the paired route or airport page,Improve underperforming existing page,Add naturally to the existing bilingual route/airport page and strengthen related internal links and FAQs,توسعة منهجية لعبارات المسار والخدمة؛ ليست حجم بحث موثق
43,P0,تاكسي من الدمام الى البحرين,AR,Systematic long-tail expansion,Commercial,الدمام,البحرين,تاكسي,الدمام ← البحرين,/bahrain-saudi-gcc-transport/dammam-to-bahrain/,GSC avg position 14.14; page-two growth opportunity,Dedicated bilingual route page exists,Add naturally to the existing bilingual route/airport page and strengthen related internal links and FAQs,Medium; avoid duplicating the paired route or airport page,Improve underperforming existing page,Add naturally to the existing bilingual route/airport page and strengthen related internal links and FAQs,توسعة منهجية لعبارات المسار والخدمة؛ ليست حجم بحث موثق
44,P0,تاكسي من الدوحة الى البحرين,AR,Systematic long-tail expansion,Commercial,الدوحة,البحرين,تاكسي,الدوحة ← البحرين,/bahrain-saudi-gcc-transport/bahrain-to-qatar/,GSC avg position 7.88; page-one winner,Dedicated bilingual route page exists,Leave primary SEO fields and ranking content unchanged; add only small safe conversion support,High; protect existing winner,Protect,Leave primary SEO fields and ranking content unchanged; add only small safe conversion support,توسعة منهجية لعبارات المسار والخدمة؛ ليست حجم بحث موثق
45,P0,تاكسي من الظهران الى البحرين,AR,Systematic long-tail expansion,Commercial,الظهران,البحرين,تاكسي,الظهران ← البحرين,/bahrain-saudi-gcc-transport/bahrain-to-dhahran/,No numeric ranking evidence supplied for this keyword,No exact phrase found; contextual coverage required,Use Dammam/Khobar/Eastern Province coverage first; create a dedicated page only after unique intent and sufficient facts are confirmed,High if split into thin locality pages,Add safely to existing page or evaluate hub,Use Dammam/Khobar/Eastern Province coverage first; create a dedicated page only after unique intent and sufficient facts are confirmed,توسعة منهجية لعبارات المسار والخدمة؛ ليست حجم بحث موثق
46,P0,تاكسي من مدينة الكويت الى البحرين,AR,Systematic long-tail expansion,Commercial,مدينة الكويت,البحرين,تاكسي,مدينة الكويت ← البحرين,/bahrain-saudi-gcc-transport/bahrain-to-kuwait/,GSC avg position 8.48; page-one winner with CTR opportunity,Dedicated bilingual route page exists,Leave primary SEO fields and ranking content unchanged; add only small safe conversion support,High; protect existing winner,Protect,Leave primary SEO fields and ranking content unchanged; add only small safe conversion support,توسعة منهجية لعبارات المسار والخدمة؛ ليست حجم بحث موثق
47,P0,تاكسي من مطار الدمام الى البحرين,AR,Systematic long-tail expansion,Commercial,مطار الدمام,البحرين,تاكسي,مطار الدمام ← البحرين,/bahrain-saudi-gcc-transport/dammam-airport-to-bahrain/,Covered by route and dedicated airport pages; no separate numeric position supplied,Dedicated bilingual route page exists,Add naturally to the existing bilingual route/airport page and strengthen related internal links and FAQs,Medium; avoid duplicating the paired route or airport page,Improve underperforming existing page,Add naturally to the existing bilingual route/airport page and strengthen related internal links and FAQs,توسعة منهجية لعبارات المسار والخدمة؛ ليست حجم بحث موثق
48,P0,توصيل اغراض من أرامكو الى البحرين,AR,Systematic long-tail expansion,Commercial,أرامكو,البحرين,طرود صغيرة,أرامكو ← البحرين,/bahrain-saudi-gcc-transport/bahrain-to-aramco/,No numeric ranking evidence supplied for this keyword,No exact phrase found; contextual coverage required,Use Dammam/Khobar/Eastern Province coverage first; create a dedicated page only after unique intent and sufficient facts are confirmed,High if split into thin locality pages,Add safely to existing page or evaluate hub,Use Dammam/Khobar/Eastern Province coverage first; create a dedicated page only after unique intent and sufficient facts are confirmed,توسعة منهجية لعبارات المسار والخدمة؛ ليست حجم بحث موثق
49,P0,توصيل اغراض من البحرين الى أرامكو,AR,Systematic long-tail expansion,Commercial,البحرين,أرامكو,طرود صغيرة,البحرين ← أرامكو,/bahrain-saudi-gcc-transport/aramco-to-bahrain/,No numeric ranking evidence supplied for this keyword,No exact phrase found; contextual coverage required,Use Dammam/Khobar/Eastern Province coverage first; create a dedicated page only after unique intent and sufficient facts are confirmed,High if split into thin locality pages,Add safely to existing page or evaluate hub,Use Dammam/Khobar/Eastern Province coverage first; create a dedicated page only after unique intent and sufficient facts are confirmed,توسعة منهجية لعبارات المسار والخدمة؛ ليست حجم بحث موثق
50,P0,توصيل اغراض من البحرين الى الخبر,AR,Systematic long-tail expansion,Commercial,البحرين,الخبر,طرود صغيرة,البحرين ← الخبر,/bahrain-saudi-gcc-transport/bahrain-to-khobar/,GSC avg position 22.66; authority/ranking gap,Dedicated bilingual route page exists,Add naturally to the existing bilingual route/airport page and strengthen related internal links and FAQs,Medium; avoid duplicating the paired route or airport page,Improve underperforming existing page,Add naturally to the existing bilingual route/airport page and strengthen related internal links and FAQs,توسعة منهجية لعبارات المسار والخدمة؛ ليست حجم بحث موثق
51,P0,توصيل اغراض من البحرين الى الدمام,AR,Google Autocomplete — observed,Commercial,,,Observed wording,Route / service cluster,/bahrain-saudi-gcc-transport/bahrain-to-dammam/,GSC avg position 14.14; page-two growth opportunity,No exact phrase found; contextual coverage required,Add naturally to the existing bilingual route/airport page and strengthen related internal links and FAQs,Medium; avoid duplicating the paired route or airport page,Improve underperforming existing page,Add naturally to the existing bilingual route/airport page and strengthen related internal links and FAQs,Directly observed in Google Bahrain suggestions on 16 Sep 2026
52,P0,توصيل اغراض من البحرين الى الدوحة,AR,Systematic long-tail expansion,Commercial,البحرين,الدوحة,طرود صغيرة,البحرين ← الدوحة,/bahrain-saudi-gcc-transport/qatar-to-bahrain/,GSC avg position 7.88; page-one winner,Dedicated bilingual route page exists,Leave primary SEO fields and ranking content unchanged; add only small safe conversion support,High; protect existing winner,Protect,Leave primary SEO fields and ranking content unchanged; add only small safe conversion support,توسعة منهجية لعبارات المسار والخدمة؛ ليست حجم بحث موثق
53,P0,توصيل اغراض من البحرين الى الظهران,AR,Systematic long-tail expansion,Commercial,البحرين,الظهران,طرود صغيرة,البحرين ← الظهران,/bahrain-saudi-gcc-transport/dhahran-to-bahrain/,No numeric ranking evidence supplied for this keyword,No exact phrase found; contextual coverage required,Use Dammam/Khobar/Eastern Province coverage first; create a dedicated page only after unique intent and sufficient facts are confirmed,High if split into thin locality pages,Add safely to existing page or evaluate hub,Use Dammam/Khobar/Eastern Province coverage first; create a dedicated page only after unique intent and sufficient facts are confirmed,توسعة منهجية لعبارات المسار والخدمة؛ ليست حجم بحث موثق
54,P0,توصيل اغراض من البحرين الى الكويت,AR,Google Autocomplete — observed,Commercial,,,Observed wording,Route / service cluster,/bahrain-saudi-gcc-transport/,GSC avg position 8.48; page-one winner with CTR opportunity,No exact phrase found; contextual coverage required,Leave primary SEO fields and ranking content unchanged; add only small safe conversion support,High; protect existing winner,Protect,Leave primary SEO fields and ranking content unchanged; add only small safe conversion support,Directly observed in Google Bahrain suggestions on 16 Sep 2026
55,P0,توصيل اغراض من البحرين الى قطر,AR,Google Autocomplete — observed,Commercial,,,Observed wording,Route / service cluster,/bahrain-saudi-gcc-transport/,GSC avg position 7.88; page-one winner,No exact phrase found; contextual coverage required,Leave primary SEO fields and ranking content unchanged; add only small safe conversion support,High; protect existing winner,Protect,Leave primary SEO fields and ranking content unchanged; add only small safe conversion support,Directly observed in Google Bahrain suggestions on 16 Sep 2026
56,P0,توصيل اغراض من البحرين الى مدينة الكويت,AR,Systematic long-tail expansion,Commercial,البحرين,مدينة الكويت,طرود صغيرة,البحرين ← مدينة الكويت,/bahrain-saudi-gcc-transport/kuwait-to-bahrain/,GSC avg position 8.48; page-one winner with CTR opportunity,Dedicated bilingual route page exists,Leave primary SEO fields and ranking content unchanged; add only small safe conversion support,High; protect existing winner,Protect,Leave primary SEO fields and ranking content unchanged; add only small safe conversion support,توسعة منهجية لعبارات المسار والخدمة؛ ليست حجم بحث موثق
57,P0,توصيل اغراض من البحرين الى مطار الدمام,AR,Systematic long-tail expansion,Commercial,البحرين,مطار الدمام,طرود صغيرة,البحرين ← مطار الدمام,/bahrain-saudi-gcc-transport/bahrain-to-dammam-airport/,Covered by route and dedicated airport pages; no separate numeric position supplied,Dedicated bilingual route page exists,Add naturally to the existing bilingual route/airport page and strengthen related internal links and FAQs,Medium; avoid duplicating the paired route or airport page,Improve underperforming existing page,Add naturally to the existing bilingual route/airport page and strengthen related internal links and FAQs,توسعة منهجية لعبارات المسار والخدمة؛ ليست حجم بحث موثق
58,P0,توصيل اغراض من الخبر الى البحرين,AR,Systematic long-tail expansion,Commercial,الخبر,البحرين,طرود صغيرة,الخبر ← البحرين,/bahrain-saudi-gcc-transport/khobar-to-bahrain/,GSC avg position 22.66; authority/ranking gap,Dedicated bilingual route page exists,Add naturally to the existing bilingual route/airport page and strengthen related internal links and FAQs,Medium; avoid duplicating the paired route or airport page,Improve underperforming existing page,Add naturally to the existing bilingual route/airport page and strengthen related internal links and FAQs,توسعة منهجية لعبارات المسار والخدمة؛ ليست حجم بحث موثق
59,P0,توصيل اغراض من الدمام الى البحرين,AR,Systematic long-tail expansion,Commercial,الدمام,البحرين,طرود صغيرة,الدمام ← البحرين,/bahrain-saudi-gcc-transport/dammam-to-bahrain/,GSC avg position 14.14; page-two growth opportunity,Dedicated bilingual route page exists,Add naturally to the existing bilingual route/airport page and strengthen related internal links and FAQs,Medium; avoid duplicating the paired route or airport page,Improve underperforming existing page,Add naturally to the existing bilingual route/airport page and strengthen related internal links and FAQs,توسعة منهجية لعبارات المسار والخدمة؛ ليست حجم بحث موثق
60,P0,توصيل اغراض من الدوحة الى البحرين,AR,Systematic long-tail expansion,Commercial,الدوحة,البحرين,طرود صغيرة,الدوحة ← البحرين,/bahrain-saudi-gcc-transport/bahrain-to-qatar/,GSC avg position 7.88; page-one winner,Dedicated bilingual route page exists,Leave primary SEO fields and ranking content unchanged; add only small safe conversion support,High; protect existing winner,Protect,Leave primary SEO fields and ranking content unchanged; add only small safe conversion support,توسعة منهجية لعبارات المسار والخدمة؛ ليست حجم بحث موثق
61,P0,توصيل اغراض من الظهران الى البحرين,AR,Systematic long-tail expansion,Commercial,الظهران,البحرين,طرود صغيرة,الظهران ← البحرين,/bahrain-saudi-gcc-transport/bahrain-to-dhahran/,No numeric ranking evidence supplied for this keyword,No exact phrase found; contextual coverage required,Use Dammam/Khobar/Eastern Province coverage first; create a dedicated page only after unique intent and sufficient facts are confirmed,High if split into thin locality pages,Add safely to existing page or evaluate hub,Use Dammam/Khobar/Eastern Province coverage first; create a dedicated page only after unique intent and sufficient facts are confirmed,توسعة منهجية لعبارات المسار والخدمة؛ ليست حجم بحث موثق
62,P0,توصيل اغراض من مدينة الكويت الى البحرين,AR,Systematic long-tail expansion,Commercial,مدينة الكويت,البحرين,طرود صغيرة,مدينة الكويت ← البحرين,/bahrain-saudi-gcc-transport/bahrain-to-kuwait/,GSC avg position 8.48; page-one winner with CTR opportunity,Dedicated bilingual route page exists,Leave primary SEO fields and ranking content unchanged; add only small safe conversion support,High; protect existing winner,Protect,Leave primary SEO fields and ranking content unchanged; add only small safe conversion support,توسعة منهجية لعبارات المسار والخدمة؛ ليست حجم بحث موثق
63,P0,توصيل اغراض من مطار الدمام الى البحرين,AR,Systematic long-tail expansion,Commercial,مطار الدمام,البحرين,طرود صغيرة,مطار الدمام ← البحرين,/bahrain-saudi-gcc-transport/dammam-airport-to-bahrain/,Covered by route and dedicated airport pages; no separate numeric position supplied,Dedicated bilingual route page exists,Add naturally to the existing bilingual route/airport page and strengthen related internal links and FAQs,Medium; avoid duplicating the paired route or airport page,Improve underperforming existing page,Add naturally to the existing bilingual route/airport page and strengthen related internal links and FAQs,توسعة منهجية لعبارات المسار والخدمة؛ ليست حجم بحث موثق
64,P0,توصيل البحرين الخبر,AR,Google Autocomplete — observed,Commercial,,,Observed wording,Route / service cluster,/bahrain-saudi-gcc-transport/bahrain-to-khobar/,GSC avg position 22.66; authority/ranking gap,No exact phrase found; contextual coverage required,Add naturally to the existing bilingual route/airport page and strengthen related internal links and FAQs,Medium; avoid duplicating the paired route or airport page,Improve underperforming existing page,Add naturally to the existing bilingual route/airport page and strengthen related internal links and FAQs,Directly observed in Google Bahrain suggestions on 16 Sep 2026
65,P0,توصيل البحرين الدمام,AR,Google Autocomplete — observed,Commercial,,,Observed wording,Route / service cluster,/bahrain-saudi-gcc-transport/bahrain-to-dammam/,GSC avg position 14.14; page-two growth opportunity,No exact phrase found; contextual coverage required,Add naturally to the existing bilingual route/airport page and strengthen related internal links and FAQs,Medium; avoid duplicating the paired route or airport page,Improve underperforming existing page,Add naturally to the existing bilingual route/airport page and strengthen related internal links and FAQs,Directly observed in Google Bahrain suggestions on 16 Sep 2026
66,P0,توصيل البحرين الى الدمام,AR,Google Autocomplete — observed,Commercial,,,Observed wording,Route / service cluster,/bahrain-saudi-gcc-transport/bahrain-to-dammam/,GSC avg position 14.14; page-two growth opportunity,No exact phrase found; contextual coverage required,Add naturally to the existing bilingual route/airport page and strengthen related internal links and FAQs,Medium; avoid duplicating the paired route or airport page,Improve underperforming existing page,Add naturally to the existing bilingual route/airport page and strengthen related internal links and FAQs,Directly observed in Google Bahrain suggestions on 16 Sep 2026
67,P0,توصيل البحرين قطر,AR,Google Autocomplete — observed,Commercial,,,Observed wording,Route / service cluster,/bahrain-saudi-gcc-transport/,GSC avg position 7.88; page-one winner,No exact phrase found; contextual coverage required,Leave primary SEO fields and ranking content unchanged; add only small safe conversion support,High; protect existing winner,Protect,Leave primary SEO fields and ranking content unchanged; add only small safe conversion support,Directly observed in Google Bahrain suggestions on 16 Sep 2026
68,P0,توصيل الكويت البحرين,AR,Google Autocomplete — observed,Commercial,,,Observed wording,Route / service cluster,/bahrain-saudi-gcc-transport/,GSC avg position 8.48; page-one winner with CTR opportunity,No exact phrase found; contextual coverage required,Leave primary SEO fields and ranking content unchanged; add only small safe conversion support,High; protect existing winner,Protect,Leave primary SEO fields and ranking content unchanged; add only small safe conversion support,Directly observed in Google Bahrain suggestions on 16 Sep 2026
69,P0,توصيل عوائل من أرامكو الى البحرين,AR,Systematic long-tail expansion,Commercial,أرامكو,البحرين,عوائل,أرامكو ← البحرين,/bahrain-saudi-gcc-transport/bahrain-to-aramco/,No numeric ranking evidence supplied for this keyword,No exact phrase found; contextual coverage required,Use Dammam/Khobar/Eastern Province coverage first; create a dedicated page only after unique intent and sufficient facts are confirmed,High if split into thin locality pages,Add safely to existing page or evaluate hub,Use Dammam/Khobar/Eastern Province coverage first; create a dedicated page only after unique intent and sufficient facts are confirmed,توسعة منهجية لعبارات المسار والخدمة؛ ليست حجم بحث موثق
70,P0,توصيل عوائل من البحرين الى أرامكو,AR,Systematic long-tail expansion,Commercial,البحرين,أرامكو,عوائل,البحرين ← أرامكو,/bahrain-saudi-gcc-transport/aramco-to-bahrain/,No numeric ranking evidence supplied for this keyword,No exact phrase found; contextual coverage required,Use Dammam/Khobar/Eastern Province coverage first; create a dedicated page only after unique intent and sufficient facts are confirmed,High if split into thin locality pages,Add safely to existing page or evaluate hub,Use Dammam/Khobar/Eastern Province coverage first; create a dedicated page only after unique intent and sufficient facts are confirmed,توسعة منهجية لعبارات المسار والخدمة؛ ليست حجم بحث موثق
71,P0,توصيل عوائل من البحرين الى الخبر,AR,Systematic long-tail expansion,Commercial,البحرين,الخبر,عوائل,البحرين ← الخبر,/bahrain-saudi-gcc-transport/bahrain-to-khobar/,GSC avg position 22.66; authority/ranking gap,Dedicated bilingual route page exists,Add naturally to the existing bilingual route/airport page and strengthen related internal links and FAQs,Medium; avoid duplicating the paired route or airport page,Improve underperforming existing page,Add naturally to the existing bilingual route/airport page and strengthen related internal links and FAQs,توسعة منهجية لعبارات المسار والخدمة؛ ليست حجم بحث موثق
72,P0,توصيل عوائل من البحرين الى الدمام,AR,Systematic long-tail expansion,Commercial,البحرين,الدمام,عوائل,البحرين ← الدمام,/bahrain-saudi-gcc-transport/bahrain-to-dammam/,GSC avg position 14.14; page-two growth opportunity,Dedicated bilingual route page exists,Add naturally to the existing bilingual route/airport page and strengthen related internal links and FAQs,Medium; avoid duplicating the paired route or airport page,Improve underperforming existing page,Add naturally to the existing bilingual route/airport page and strengthen related internal links and FAQs,توسعة منهجية لعبارات المسار والخدمة؛ ليست حجم بحث موثق
73,P0,توصيل عوائل من البحرين الى الدوحة,AR,Systematic long-tail expansion,Commercial,البحرين,الدوحة,عوائل,البحرين ← الدوحة,/bahrain-saudi-gcc-transport/qatar-to-bahrain/,GSC avg position 7.88; page-one winner,Dedicated bilingual route page exists,Leave primary SEO fields and ranking content unchanged; add only small safe conversion support,High; protect existing winner,Protect,Leave primary SEO fields and ranking content unchanged; add only small safe conversion support,توسعة منهجية لعبارات المسار والخدمة؛ ليست حجم بحث موثق
74,P0,توصيل عوائل من البحرين الى الظهران,AR,Systematic long-tail expansion,Commercial,البحرين,الظهران,عوائل,البحرين ← الظهران,/bahrain-saudi-gcc-transport/dhahran-to-bahrain/,No numeric ranking evidence supplied for this keyword,No exact phrase found; contextual coverage required,Use Dammam/Khobar/Eastern Province coverage first; create a dedicated page only after unique intent and sufficient facts are confirmed,High if split into thin locality pages,Add safely to existing page or evaluate hub,Use Dammam/Khobar/Eastern Province coverage first; create a dedicated page only after unique intent and sufficient facts are confirmed,توسعة منهجية لعبارات المسار والخدمة؛ ليست حجم بحث موثق
75,P0,توصيل عوائل من البحرين الى مدينة الكويت,AR,Systematic long-tail expansion,Commercial,البحرين,مدينة الكويت,عوائل,البحرين ← مدينة الكويت,/bahrain-saudi-gcc-transport/kuwait-to-bahrain/,GSC avg position 8.48; page-one winner with CTR opportunity,Dedicated bilingual route page exists,Leave primary SEO fields and ranking content unchanged; add only small safe conversion support,High; protect existing winner,Protect,Leave primary SEO fields and ranking content unchanged; add only small safe conversion support,توسعة منهجية لعبارات المسار والخدمة؛ ليست حجم بحث موثق
76,P0,توصيل عوائل من البحرين الى مطار الدمام,AR,Systematic long-tail expansion,Commercial,البحرين,مطار الدمام,عوائل,البحرين ← مطار الدمام,/bahrain-saudi-gcc-transport/bahrain-to-dammam-airport/,Covered by route and dedicated airport pages; no separate numeric position supplied,Dedicated bilingual route page exists,Add naturally to the existing bilingual route/airport page and strengthen related internal links and FAQs,Medium; avoid duplicating the paired route or airport page,Improve underperforming existing page,Add naturally to the existing bilingual route/airport page and strengthen related internal links and FAQs,توسعة منهجية لعبارات المسار والخدمة؛ ليست حجم بحث موثق
77,P0,توصيل عوائل من الخبر الى البحرين,AR,Systematic long-tail expansion,Commercial,الخبر,البحرين,عوائل,الخبر ← البحرين,/bahrain-saudi-gcc-transport/khobar-to-bahrain/,GSC avg position 22.66; authority/ranking gap,Dedicated bilingual route page exists,Add naturally to the existing bilingual route/airport page and strengthen related internal links and FAQs,Medium; avoid duplicating the paired route or airport page,Improve underperforming existing page,Add naturally to the existing bilingual route/airport page and strengthen related internal links and FAQs,توسعة منهجية لعبارات المسار والخدمة؛ ليست حجم بحث موثق
78,P0,توصيل عوائل من الدمام الى البحرين,AR,Systematic long-tail expansion,Commercial,الدمام,البحرين,عوائل,الدمام ← البحرين,/bahrain-saudi-gcc-transport/dammam-to-bahrain/,GSC avg position 14.14; page-two growth opportunity,Dedicated bilingual route page exists,Add naturally to the existing bilingual route/airport page and strengthen related internal links and FAQs,Medium; avoid duplicating the paired route or airport page,Improve underperforming existing page,Add naturally to the existing bilingual route/airport page and strengthen related internal links and FAQs,توسعة منهجية لعبارات المسار والخدمة؛ ليست حجم بحث موثق
79,P0,توصيل عوائل من الدوحة الى البحرين,AR,Systematic long-tail expansion,Commercial,الدوحة,البحرين,عوائل,الدوحة ← البحرين,/bahrain-saudi-gcc-transport/bahrain-to-qatar/,GSC avg position 7.88; page-one winner,Dedicated bilingual route page exists,Leave primary SEO fields and ranking content unchanged; add only small safe conversion support,High; protect existing winner,Protect,Leave primary SEO fields and ranking content unchanged; add only small safe conversion support,توسعة منهجية لعبارات المسار والخدمة؛ ليست حجم بحث موثق
80,P0,توصيل عوائل من الظهران الى البحرين,AR,Systematic long-tail expansion,Commercial,الظهران,البحرين,عوائل,الظهران ← البحرين,/bahrain-saudi-gcc-transport/bahrain-to-dhahran/,No numeric ranking evidence supplied for this keyword,No exact phrase found; contextual coverage required,Use Dammam/Khobar/Eastern Province coverage first; create a dedicated page only after unique intent and sufficient facts are confirmed,High if split into thin locality pages,Add safely to existing page or evaluate hub,Use Dammam/Khobar/Eastern Province coverage first; create a dedicated page only after unique intent and sufficient facts are confirmed,توسعة منهجية لعبارات المسار والخدمة؛ ليست حجم بحث موثق
81,P0,توصيل عوائل من مدينة الكويت الى البحرين,AR,Systematic long-tail expansion,Commercial,مدينة الكويت,البحرين,عوائل,مدينة الكويت ← البحرين,/bahrain-saudi-gcc-transport/bahrain-to-kuwait/,GSC avg position 8.48; page-one winner with CTR opportunity,Dedicated bilingual route page exists,Leave primary SEO fields and ranking content unchanged; add only small safe conversion support,High; protect existing winner,Protect,Leave primary SEO fields and ranking content unchanged; add only small safe conversion support,توسعة منهجية لعبارات المسار والخدمة؛ ليست حجم بحث موثق
82,P0,توصيل عوائل من مطار الدمام الى البحرين,AR,Systematic long-tail expansion,Commercial,مطار الدمام,البحرين,عوائل,مطار الدمام ← البحرين,/bahrain-saudi-gcc-transport/dammam-airport-to-bahrain/,Covered by route and dedicated airport pages; no separate numeric position supplied,Dedicated bilingual route page exists,Add naturally to the existing bilingual route/airport page and strengthen related internal links and FAQs,Medium; avoid duplicating the paired route or airport page,Improve underperforming existing page,Add naturally to the existing bilingual route/airport page and strengthen related internal links and FAQs,توسعة منهجية لعبارات المسار والخدمة؛ ليست حجم بحث موثق
83,P0,توصيل للبحرين من الخبر,AR,Google Autocomplete — observed,Commercial,,,Observed wording,Route / service cluster,/bahrain-saudi-gcc-transport/,GSC avg position 22.66; authority/ranking gap,No exact phrase found; contextual coverage required,Add naturally to the existing bilingual route/airport page and strengthen related internal links and FAQs,Medium; avoid duplicating the paired route or airport page,Improve underperforming existing page,Add naturally to the existing bilingual route/airport page and strengthen related internal links and FAQs,Directly observed in Google Bahrain suggestions on 16 Sep 2026
84,P0,توصيل للبحرين من الدمام,AR,Google Autocomplete — observed,Commercial,,,Observed wording,Route / service cluster,/bahrain-saudi-gcc-transport/,GSC avg position 14.14; page-two growth opportunity,No exact phrase found; contextual coverage required,Add naturally to the existing bilingual route/airport page and strengthen related internal links and FAQs,Medium; avoid duplicating the paired route or airport page,Improve underperforming existing page,Add naturally to the existing bilingual route/airport page and strengthen related internal links and FAQs,Directly observed in Google Bahrain suggestions on 16 Sep 2026
85,P0,توصيل للبحرين من الكويت,AR,Google Autocomplete — observed,Commercial,,,Observed wording,Route / service cluster,/bahrain-saudi-gcc-transport/,GSC avg position 8.48; page-one winner with CTR opportunity,No exact phrase found; contextual coverage required,Leave primary SEO fields and ranking content unchanged; add only small safe conversion support,High; protect existing winner,Protect,Leave primary SEO fields and ranking content unchanged; add only small safe conversion support,Directly observed in Google Bahrain suggestions on 16 Sep 2026
86,P0,توصيل من أرامكو إلى البحرين,AR,Systematic long-tail expansion,Commercial,أرامكو,البحرين,توصيل,أرامكو ← البحرين,/bahrain-saudi-gcc-transport/bahrain-to-aramco/,No numeric ranking evidence supplied for this keyword,No exact phrase found; contextual coverage required,Use Dammam/Khobar/Eastern Province coverage first; create a dedicated page only after unique intent and sufficient facts are confirmed,High if split into thin locality pages,Add safely to existing page or evaluate hub,Use Dammam/Khobar/Eastern Province coverage first; create a dedicated page only after unique intent and sufficient facts are confirmed,توسعة منهجية لعبارات المسار والخدمة؛ ليست حجم بحث موثق
87,P0,توصيل من أرامكو الى البحرين,AR,Systematic long-tail expansion,Commercial,أرامكو,البحرين,توصيل,أرامكو ← البحرين,/bahrain-saudi-gcc-transport/bahrain-to-aramco/,No numeric ranking evidence supplied for this keyword,No exact phrase found; contextual coverage required,Use Dammam/Khobar/Eastern Province coverage first; create a dedicated page only after unique intent and sufficient facts are confirmed,High if split into thin locality pages,Add safely to existing page or evaluate hub,Use Dammam/Khobar/Eastern Province coverage first; create a dedicated page only after unique intent and sufficient facts are confirmed,توسعة منهجية لعبارات المسار والخدمة؛ ليست حجم بحث موثق
88,P0,توصيل من البحرين إلى أرامكو,AR,Systematic long-tail expansion,Commercial,البحرين,أرامكو,توصيل,البحرين ← أرامكو,/bahrain-saudi-gcc-transport/aramco-to-bahrain/,No numeric ranking evidence supplied for this keyword,No exact phrase found; contextual coverage required,Use Dammam/Khobar/Eastern Province coverage first; create a dedicated page only after unique intent and sufficient facts are confirmed,High if split into thin locality pages,Add safely to existing page or evaluate hub,Use Dammam/Khobar/Eastern Province coverage first; create a dedicated page only after unique intent and sufficient facts are confirmed,توسعة منهجية لعبارات المسار والخدمة؛ ليست حجم بحث موثق
89,P0,توصيل من البحرين إلى الخبر,AR,Systematic long-tail expansion,Commercial,البحرين,الخبر,توصيل,البحرين ← الخبر,/bahrain-saudi-gcc-transport/bahrain-to-khobar/,GSC avg position 22.66; authority/ranking gap,Dedicated bilingual route page exists,Add naturally to the existing bilingual route/airport page and strengthen related internal links and FAQs,Medium; avoid duplicating the paired route or airport page,Improve underperforming existing page,Add naturally to the existing bilingual route/airport page and strengthen related internal links and FAQs,توسعة منهجية لعبارات المسار والخدمة؛ ليست حجم بحث موثق
90,P0,توصيل من البحرين إلى الدمام,AR,Systematic long-tail expansion,Commercial,البحرين,الدمام,توصيل,البحرين ← الدمام,/bahrain-saudi-gcc-transport/bahrain-to-dammam/,GSC avg position 14.14; page-two growth opportunity,Dedicated bilingual route page exists,Add naturally to the existing bilingual route/airport page and strengthen related internal links and FAQs,Medium; avoid duplicating the paired route or airport page,Improve underperforming existing page,Add naturally to the existing bilingual route/airport page and strengthen related internal links and FAQs,توسعة منهجية لعبارات المسار والخدمة؛ ليست حجم بحث موثق
91,P0,توصيل من البحرين إلى الدوحة,AR,Systematic long-tail expansion,Commercial,البحرين,الدوحة,توصيل,البحرين ← الدوحة,/bahrain-saudi-gcc-transport/qatar-to-bahrain/,GSC avg position 7.88; page-one winner,Dedicated bilingual route page exists,Leave primary SEO fields and ranking content unchanged; add only small safe conversion support,High; protect existing winner,Protect,Leave primary SEO fields and ranking content unchanged; add only small safe conversion support,توسعة منهجية لعبارات المسار والخدمة؛ ليست حجم بحث موثق
92,P0,توصيل من البحرين إلى الظهران,AR,Systematic long-tail expansion,Commercial,البحرين,الظهران,توصيل,البحرين ← الظهران,/bahrain-saudi-gcc-transport/dhahran-to-bahrain/,No numeric ranking evidence supplied for this keyword,No exact phrase found; contextual coverage required,Use Dammam/Khobar/Eastern Province coverage first; create a dedicated page only after unique intent and sufficient facts are confirmed,High if split into thin locality pages,Add safely to existing page or evaluate hub,Use Dammam/Khobar/Eastern Province coverage first; create a dedicated page only after unique intent and sufficient facts are confirmed,توسعة منهجية لعبارات المسار والخدمة؛ ليست حجم بحث موثق
93,P0,توصيل من البحرين إلى مدينة الكويت,AR,Systematic long-tail expansion,Commercial,البحرين,مدينة الكويت,توصيل,البحرين ← مدينة الكويت,/bahrain-saudi-gcc-transport/kuwait-to-bahrain/,GSC avg position 8.48; page-one winner with CTR opportunity,Dedicated bilingual route page exists,Leave primary SEO fields and ranking content unchanged; add only small safe conversion support,High; protect existing winner,Protect,Leave primary SEO fields and ranking content unchanged; add only small safe conversion support,توسعة منهجية لعبارات المسار والخدمة؛ ليست حجم بحث موثق
94,P0,توصيل من البحرين إلى مطار الدمام,AR,Systematic long-tail expansion,Commercial,البحرين,مطار الدمام,توصيل,البحرين ← مطار الدمام,/bahrain-saudi-gcc-transport/bahrain-to-dammam-airport/,Covered by route and dedicated airport pages; no separate numeric position supplied,Dedicated bilingual route page exists,Add naturally to the existing bilingual route/airport page and strengthen related internal links and FAQs,Medium; avoid duplicating the paired route or airport page,Improve underperforming existing page,Add naturally to the existing bilingual route/airport page and strengthen related internal links and FAQs,توسعة منهجية لعبارات المسار والخدمة؛ ليست حجم بحث موثق
95,P0,توصيل من البحرين الى أرامكو,AR,Systematic long-tail expansion,Commercial,البحرين,أرامكو,توصيل,البحرين ← أرامكو,/bahrain-saudi-gcc-transport/aramco-to-bahrain/,No numeric ranking evidence supplied for this keyword,No exact phrase found; contextual coverage required,Use Dammam/Khobar/Eastern Province coverage first; create a dedicated page only after unique intent and sufficient facts are confirmed,High if split into thin locality pages,Add safely to existing page or evaluate hub,Use Dammam/Khobar/Eastern Province coverage first; create a dedicated page only after unique intent and sufficient facts are confirmed,توسعة منهجية لعبارات المسار والخدمة؛ ليست حجم بحث موثق
96,P0,توصيل من البحرين الى الخبر,AR,Google Autocomplete — observed,Commercial,,,Observed wording,Route / service cluster,/bahrain-saudi-gcc-transport/bahrain-to-khobar/,GSC avg position 22.66; authority/ranking gap,No exact phrase found; contextual coverage required,Add naturally to the existing bilingual route/airport page and strengthen related internal links and FAQs,Medium; avoid duplicating the paired route or airport page,Improve underperforming existing page,Add naturally to the existing bilingual route/airport page and strengthen related internal links and FAQs,Directly observed in Google Bahrain suggestions on 16 Sep 2026
97,P0,توصيل من البحرين الى الدمام,AR,Google Autocomplete — observed,Commercial,,,Observed wording,Route / service cluster,/bahrain-saudi-gcc-transport/bahrain-to-dammam/,GSC avg position 14.14; page-two growth opportunity,No exact phrase found; contextual coverage required,Add naturally to the existing bilingual route/airport page and strengthen related internal links and FAQs,Medium; avoid duplicating the paired route or airport page,Improve underperforming existing page,Add naturally to the existing bilingual route/airport page and strengthen related internal links and FAQs,Directly observed in Google Bahrain suggestions on 16 Sep 2026
98,P0,توصيل من البحرين الى الدوحة,AR,Systematic long-tail expansion,Commercial,البحرين,الدوحة,توصيل,البحرين ← الدوحة,/bahrain-saudi-gcc-transport/qatar-to-bahrain/,GSC avg position 7.88; page-one winner,Dedicated bilingual route page exists,Leave primary SEO fields and ranking content unchanged; add only small safe conversion support,High; protect existing winner,Protect,Leave primary SEO fields and ranking content unchanged; add only small safe conversion support,توسعة منهجية لعبارات المسار والخدمة؛ ليست حجم بحث موثق
99,P0,توصيل من البحرين الى الظهران,AR,Systematic long-tail expansion,Commercial,البحرين,الظهران,توصيل,البحرين ← الظهران,/bahrain-saudi-gcc-transport/dhahran-to-bahrain/,No numeric ranking evidence supplied for this keyword,No exact phrase found; contextual coverage required,Use Dammam/Khobar/Eastern Province coverage first; create a dedicated page only after unique intent and sufficient facts are confirmed,High if split into thin locality pages,Add safely to existing page or evaluate hub,Use Dammam/Khobar/Eastern Province coverage first; create a dedicated page only after unique intent and sufficient facts are confirmed,توسعة منهجية لعبارات المسار والخدمة؛ ليست حجم بحث موثق
100,P0,توصيل من البحرين الى الكويت,AR,Google Autocomplete — observed,Commercial,,,Observed wording,Route / service cluster,/bahrain-saudi-gcc-transport/,GSC avg position 8.48; page-one winner with CTR opportunity,No exact phrase found; contextual coverage required,Leave primary SEO fields and ranking content unchanged; add only small safe conversion support,High; protect existing winner,Protect,Leave primary SEO fields and ranking content unchanged; add only small safe conversion support,Directly observed in Google Bahrain suggestions on 16 Sep 2026
101,P0,توصيل من البحرين الى قطر,AR,Google Autocomplete — observed,Commercial,,,Observed wording,Route / service cluster,/bahrain-saudi-gcc-transport/,GSC avg position 7.88; page-one winner,No exact phrase found; contextual coverage required,Leave primary SEO fields and ranking content unchanged; add only small safe conversion support,High; protect existing winner,Protect,Leave primary SEO fields and ranking content unchanged; add only small safe conversion support,Directly observed in Google Bahrain suggestions on 16 Sep 2026
102,P0,توصيل من البحرين الى مدينة الكويت,AR,Systematic long-tail expansion,Commercial,البحرين,مدينة الكويت,توصيل,البحرين ← مدينة الكويت,/bahrain-saudi-gcc-transport/kuwait-to-bahrain/,GSC avg position 8.48; page-one winner with CTR opportunity,Dedicated bilingual route page exists,Leave primary SEO fields and ranking content unchanged; add only small safe conversion support,High; protect existing winner,Protect,Leave primary SEO fields and ranking content unchanged; add only small safe conversion support,توسعة منهجية لعبارات المسار والخدمة؛ ليست حجم بحث موثق
103,P0,توصيل من البحرين الى مطار الدمام,AR,Google Autocomplete — observed,Commercial,,,Observed wording,Route / service cluster,/bahrain-saudi-gcc-transport/bahrain-to-dammam-airport/,Covered by route and dedicated airport pages; no separate numeric position supplied,Exact keyword phrase appears in existing site content,Add naturally to the existing bilingual route/airport page and strengthen related internal links and FAQs,Medium; avoid duplicating the paired route or airport page,Improve underperforming existing page,Add naturally to the existing bilingual route/airport page and strengthen related internal links and FAQs,Directly observed in Google Bahrain suggestions on 16 Sep 2026
104,P0,توصيل من البحرين الى مطار الكويت,AR,Google Autocomplete — observed,Commercial,,,Observed wording,Route / service cluster,/bahrain-saudi-gcc-transport/,GSC avg position 8.48; page-one winner with CTR opportunity,No exact phrase found; contextual coverage required,Leave primary SEO fields and ranking content unchanged; add only small safe conversion support,High; protect existing winner,Protect,Leave primary SEO fields and ranking content unchanged; add only small safe conversion support,Directly observed in Google Bahrain suggestions on 16 Sep 2026
105,P0,توصيل من البحرين الي قطر,AR,Google Autocomplete — observed,Commercial,,,Observed wording,Route / service cluster,/bahrain-saudi-gcc-transport/,GSC avg position 7.88; page-one winner,No exact phrase found; contextual coverage required,Leave primary SEO fields and ranking content unchanged; add only small safe conversion support,High; protect existing winner,Protect,Leave primary SEO fields and ranking content unchanged; add only small safe conversion support,Directly observed in Google Bahrain suggestions on 16 Sep 2026
106,P0,توصيل من البحرين لقطر,AR,Google Autocomplete — observed,Commercial,,,Observed wording,Route / service cluster,/bahrain-saudi-gcc-transport/,GSC avg position 7.88; page-one winner,No exact phrase found; contextual coverage required,Leave primary SEO fields and ranking content unchanged; add only small safe conversion support,High; protect existing winner,Protect,Leave primary SEO fields and ranking content unchanged; add only small safe conversion support,Directly observed in Google Bahrain suggestions on 16 Sep 2026
107,P0,توصيل من البحرين لمطار الدمام,AR,Google Autocomplete — observed,Commercial,,,Observed wording,Route / service cluster,/bahrain-saudi-gcc-transport/bahrain-to-dammam-airport/,Covered by route and dedicated airport pages; no separate numeric position supplied,No exact phrase found; contextual coverage required,Add naturally to the existing bilingual route/airport page and strengthen related internal links and FAQs,Medium; avoid duplicating the paired route or airport page,Improve underperforming existing page,Add naturally to the existing bilingual route/airport page and strengthen related internal links and FAQs,Directly observed in Google Bahrain suggestions on 16 Sep 2026
108,P0,توصيل من الخبر إلى البحرين,AR,Systematic long-tail expansion,Commercial,الخبر,البحرين,توصيل,الخبر ← البحرين,/bahrain-saudi-gcc-transport/khobar-to-bahrain/,GSC avg position 22.66; authority/ranking gap,Dedicated bilingual route page exists,Add naturally to the existing bilingual route/airport page and strengthen related internal links and FAQs,Medium; avoid duplicating the paired route or airport page,Improve underperforming existing page,Add naturally to the existing bilingual route/airport page and strengthen related internal links and FAQs,توسعة منهجية لعبارات المسار والخدمة؛ ليست حجم بحث موثق
109,P0,توصيل من الخبر الى البحرين,AR,Systematic long-tail expansion,Commercial,الخبر,البحرين,توصيل,الخبر ← البحرين,/bahrain-saudi-gcc-transport/khobar-to-bahrain/,GSC avg position 22.66; authority/ranking gap,Dedicated bilingual route page exists,Add naturally to the existing bilingual route/airport page and strengthen related internal links and FAQs,Medium; avoid duplicating the paired route or airport page,Improve underperforming existing page,Add naturally to the existing bilingual route/airport page and strengthen related internal links and FAQs,توسعة منهجية لعبارات المسار والخدمة؛ ليست حجم بحث موثق
110,P0,توصيل من الدمام إلى البحرين,AR,Systematic long-tail expansion,Commercial,الدمام,البحرين,توصيل,الدمام ← البحرين,/bahrain-saudi-gcc-transport/dammam-to-bahrain/,GSC avg position 14.14; page-two growth opportunity,Dedicated bilingual route page exists,Add naturally to the existing bilingual route/airport page and strengthen related internal links and FAQs,Medium; avoid duplicating the paired route or airport page,Improve underperforming existing page,Add naturally to the existing bilingual route/airport page and strengthen related internal links and FAQs,توسعة منهجية لعبارات المسار والخدمة؛ ليست حجم بحث موثق
111,P0,توصيل من الدمام الى البحرين,AR,Systematic long-tail expansion,Commercial,الدمام,البحرين,توصيل,الدمام ← البحرين,/bahrain-saudi-gcc-transport/dammam-to-bahrain/,GSC avg position 14.14; page-two growth opportunity,Dedicated bilingual route page exists,Add naturally to the existing bilingual route/airport page and strengthen related internal links and FAQs,Medium; avoid duplicating the paired route or airport page,Improve underperforming existing page,Add naturally to the existing bilingual route/airport page and strengthen related internal links and FAQs,توسعة منهجية لعبارات المسار والخدمة؛ ليست حجم بحث موثق
112,P0,توصيل من الدوحة إلى البحرين,AR,Systematic long-tail expansion,Commercial,الدوحة,البحرين,توصيل,الدوحة ← البحرين,/bahrain-saudi-gcc-transport/bahrain-to-qatar/,GSC avg position 7.88; page-one winner,Dedicated bilingual route page exists,Leave primary SEO fields and ranking content unchanged; add only small safe conversion support,High; protect existing winner,Protect,Leave primary SEO fields and ranking content unchanged; add only small safe conversion support,توسعة منهجية لعبارات المسار والخدمة؛ ليست حجم بحث موثق
113,P0,توصيل من الدوحة الى البحرين,AR,Systematic long-tail expansion,Commercial,الدوحة,البحرين,توصيل,الدوحة ← البحرين,/bahrain-saudi-gcc-transport/bahrain-to-qatar/,GSC avg position 7.88; page-one winner,Dedicated bilingual route page exists,Leave primary SEO fields and ranking content unchanged; add only small safe conversion support,High; protect existing winner,Protect,Leave primary SEO fields and ranking content unchanged; add only small safe conversion support,توسعة منهجية لعبارات المسار والخدمة؛ ليست حجم بحث موثق
114,P0,توصيل من الظهران إلى البحرين,AR,Systematic long-tail expansion,Commercial,الظهران,البحرين,توصيل,الظهران ← البحرين,/bahrain-saudi-gcc-transport/bahrain-to-dhahran/,No numeric ranking evidence supplied for this keyword,No exact phrase found; contextual coverage required,Use Dammam/Khobar/Eastern Province coverage first; create a dedicated page only after unique intent and sufficient facts are confirmed,High if split into thin locality pages,Add safely to existing page or evaluate hub,Use Dammam/Khobar/Eastern Province coverage first; create a dedicated page only after unique intent and sufficient facts are confirmed,توسعة منهجية لعبارات المسار والخدمة؛ ليست حجم بحث موثق
115,P0,توصيل من الظهران الى البحرين,AR,Systematic long-tail expansion,Commercial,الظهران,البحرين,توصيل,الظهران ← البحرين,/bahrain-saudi-gcc-transport/bahrain-to-dhahran/,No numeric ranking evidence supplied for this keyword,No exact phrase found; contextual coverage required,Use Dammam/Khobar/Eastern Province coverage first; create a dedicated page only after unique intent and sufficient facts are confirmed,High if split into thin locality pages,Add safely to existing page or evaluate hub,Use Dammam/Khobar/Eastern Province coverage first; create a dedicated page only after unique intent and sufficient facts are confirmed,توسعة منهجية لعبارات المسار والخدمة؛ ليست حجم بحث موثق
116,P0,توصيل من محطة قطار الدمام الى البحرين,AR,Google Autocomplete — observed,Commercial,,,Observed wording,Route / service cluster,/bahrain-saudi-gcc-transport/dammam-to-bahrain/,GSC avg position 14.14; page-two growth opportunity,No exact phrase found; contextual coverage required,Do not target as a service page; use only in a factual comparison FAQ if justified,Low; exclusion avoids irrelevant traffic and cannibalization,Ignore: not a Vendora primary service,Do not target as a service page; use only in a factual comparison FAQ if justified,Directly observed in Google Bahrain suggestions on 16 Sep 2026
117,P0,توصيل من مدينة الكويت إلى البحرين,AR,Systematic long-tail expansion,Commercial,مدينة الكويت,البحرين,توصيل,مدينة الكويت ← البحرين,/bahrain-saudi-gcc-transport/bahrain-to-kuwait/,GSC avg position 8.48; page-one winner with CTR opportunity,Dedicated bilingual route page exists,Leave primary SEO fields and ranking content unchanged; add only small safe conversion support,High; protect existing winner,Protect,Leave primary SEO fields and ranking content unchanged; add only small safe conversion support,توسعة منهجية لعبارات المسار والخدمة؛ ليست حجم بحث موثق
118,P0,توصيل من مدينة الكويت الى البحرين,AR,Systematic long-tail expansion,Commercial,مدينة الكويت,البحرين,توصيل,مدينة الكويت ← البحرين,/bahrain-saudi-gcc-transport/bahrain-to-kuwait/,GSC avg position 8.48; page-one winner with CTR opportunity,Dedicated bilingual route page exists,Leave primary SEO fields and ranking content unchanged; add only small safe conversion support,High; protect existing winner,Protect,Leave primary SEO fields and ranking content unchanged; add only small safe conversion support,توسعة منهجية لعبارات المسار والخدمة؛ ليست حجم بحث موثق
119,P0,توصيل من مطار البحرين الى الخبر,AR,Google Autocomplete — observed,Commercial,,,Observed wording,Route / service cluster,/bahrain-saudi-gcc-transport/bahrain-to-khobar/,GSC avg position 22.66; authority/ranking gap,No exact phrase found; contextual coverage required,Add naturally to the existing bilingual route/airport page and strengthen related internal links and FAQs,Medium; avoid duplicating the paired route or airport page,Improve underperforming existing page,Add naturally to the existing bilingual route/airport page and strengthen related internal links and FAQs,Directly observed in Google Bahrain suggestions on 16 Sep 2026
120,P0,توصيل من مطار الدمام إلى البحرين,AR,Systematic long-tail expansion,Commercial,مطار الدمام,البحرين,توصيل,مطار الدمام ← البحرين,/bahrain-saudi-gcc-transport/dammam-airport-to-bahrain/,Covered by route and dedicated airport pages; no separate numeric position supplied,Dedicated bilingual route page exists,Add naturally to the existing bilingual route/airport page and strengthen related internal links and FAQs,Medium; avoid duplicating the paired route or airport page,Improve underperforming existing page,Add naturally to the existing bilingual route/airport page and strengthen related internal links and FAQs,توسعة منهجية لعبارات المسار والخدمة؛ ليست حجم بحث موثق
121,P0,توصيل من مطار الدمام الى البحرين,AR,Google Autocomplete — observed,Commercial,,,Observed wording,Route / service cluster,/bahrain-saudi-gcc-transport/dammam-airport-to-bahrain/,Covered by route and dedicated airport pages; no separate numeric position supplied,No exact phrase found; contextual coverage required,Add naturally to the existing bilingual route/airport page and strengthen related internal links and FAQs,Medium; avoid duplicating the paired route or airport page,Improve underperforming existing page,Add naturally to the existing bilingual route/airport page and strengthen related internal links and FAQs,Directly observed in Google Bahrain suggestions on 16 Sep 2026
122,P0,توصيل من مطار الدمام للبحرين,AR,Google Autocomplete — observed,Commercial,,,Observed wording,Route / service cluster,/bahrain-saudi-gcc-transport/bahrain-to-dammam-airport/,Covered by route and dedicated airport pages; no separate numeric position supplied,No exact phrase found; contextual coverage required,Add naturally to the existing bilingual route/airport page and strengthen related internal links and FAQs,Medium; avoid duplicating the paired route or airport page,Improve underperforming existing page,Add naturally to the existing bilingual route/airport page and strengthen related internal links and FAQs,Directly observed in Google Bahrain suggestions on 16 Sep 2026
123,P0,سائق خاص من أرامكو الى البحرين,AR,Systematic long-tail expansion,Commercial,أرامكو,البحرين,سائق خاص,أرامكو ← البحرين,/bahrain-saudi-gcc-transport/bahrain-to-aramco/,No numeric ranking evidence supplied for this keyword,No exact phrase found; contextual coverage required,Use Dammam/Khobar/Eastern Province coverage first; create a dedicated page only after unique intent and sufficient facts are confirmed,High if split into thin locality pages,Add safely to existing page or evaluate hub,Use Dammam/Khobar/Eastern Province coverage first; create a dedicated page only after unique intent and sufficient facts are confirmed,توسعة منهجية لعبارات المسار والخدمة؛ ليست حجم بحث موثق
124,P0,سائق خاص من البحرين الى أرامكو,AR,Systematic long-tail expansion,Commercial,البحرين,أرامكو,سائق خاص,البحرين ← أرامكو,/bahrain-saudi-gcc-transport/aramco-to-bahrain/,No numeric ranking evidence supplied for this keyword,No exact phrase found; contextual coverage required,Use Dammam/Khobar/Eastern Province coverage first; create a dedicated page only after unique intent and sufficient facts are confirmed,High if split into thin locality pages,Add safely to existing page or evaluate hub,Use Dammam/Khobar/Eastern Province coverage first; create a dedicated page only after unique intent and sufficient facts are confirmed,توسعة منهجية لعبارات المسار والخدمة؛ ليست حجم بحث موثق
125,P0,سائق خاص من البحرين الى الخبر,AR,Systematic long-tail expansion,Commercial,البحرين,الخبر,سائق خاص,البحرين ← الخبر,/bahrain-saudi-gcc-transport/bahrain-to-khobar/,GSC avg position 22.66; authority/ranking gap,Dedicated bilingual route page exists,Add naturally to the existing bilingual route/airport page and strengthen related internal links and FAQs,Medium; avoid duplicating the paired route or airport page,Improve underperforming existing page,Add naturally to the existing bilingual route/airport page and strengthen related internal links and FAQs,توسعة منهجية لعبارات المسار والخدمة؛ ليست حجم بحث موثق
126,P0,سائق خاص من البحرين الى الدمام,AR,Systematic long-tail expansion,Commercial,البحرين,الدمام,سائق خاص,البحرين ← الدمام,/bahrain-saudi-gcc-transport/bahrain-to-dammam/,GSC avg position 14.14; page-two growth opportunity,Dedicated bilingual route page exists,Add naturally to the existing bilingual route/airport page and strengthen related internal links and FAQs,Medium; avoid duplicating the paired route or airport page,Improve underperforming existing page,Add naturally to the existing bilingual route/airport page and strengthen related internal links and FAQs,توسعة منهجية لعبارات المسار والخدمة؛ ليست حجم بحث موثق
127,P0,سائق خاص من البحرين الى الدوحة,AR,Systematic long-tail expansion,Commercial,البحرين,الدوحة,سائق خاص,البحرين ← الدوحة,/bahrain-saudi-gcc-transport/qatar-to-bahrain/,GSC avg position 7.88; page-one winner,Dedicated bilingual route page exists,Leave primary SEO fields and ranking content unchanged; add only small safe conversion support,High; protect existing winner,Protect,Leave primary SEO fields and ranking content unchanged; add only small safe conversion support,توسعة منهجية لعبارات المسار والخدمة؛ ليست حجم بحث موثق
128,P0,سائق خاص من البحرين الى الظهران,AR,Systematic long-tail expansion,Commercial,البحرين,الظهران,سائق خاص,البحرين ← الظهران,/bahrain-saudi-gcc-transport/dhahran-to-bahrain/,No numeric ranking evidence supplied for this keyword,No exact phrase found; contextual coverage required,Use Dammam/Khobar/Eastern Province coverage first; create a dedicated page only after unique intent and sufficient facts are confirmed,High if split into thin locality pages,Add safely to existing page or evaluate hub,Use Dammam/Khobar/Eastern Province coverage first; create a dedicated page only after unique intent and sufficient facts are confirmed,توسعة منهجية لعبارات المسار والخدمة؛ ليست حجم بحث موثق
129,P0,سائق خاص من البحرين الى مدينة الكويت,AR,Systematic long-tail expansion,Commercial,البحرين,مدينة الكويت,سائق خاص,البحرين ← مدينة الكويت,/bahrain-saudi-gcc-transport/kuwait-to-bahrain/,GSC avg position 8.48; page-one winner with CTR opportunity,Dedicated bilingual route page exists,Leave primary SEO fields and ranking content unchanged; add only small safe conversion support,High; protect existing winner,Protect,Leave primary SEO fields and ranking content unchanged; add only small safe conversion support,توسعة منهجية لعبارات المسار والخدمة؛ ليست حجم بحث موثق
130,P0,سائق خاص من البحرين الى مطار الدمام,AR,Systematic long-tail expansion,Commercial,البحرين,مطار الدمام,سائق خاص,البحرين ← مطار الدمام,/bahrain-saudi-gcc-transport/bahrain-to-dammam-airport/,Covered by route and dedicated airport pages; no separate numeric position supplied,Dedicated bilingual route page exists,Add naturally to the existing bilingual route/airport page and strengthen related internal links and FAQs,Medium; avoid duplicating the paired route or airport page,Improve underperforming existing page,Add naturally to the existing bilingual route/airport page and strengthen related internal links and FAQs,توسعة منهجية لعبارات المسار والخدمة؛ ليست حجم بحث موثق
131,P0,سائق خاص من الخبر الى البحرين,AR,Systematic long-tail expansion,Commercial,الخبر,البحرين,سائق خاص,الخبر ← البحرين,/bahrain-saudi-gcc-transport/khobar-to-bahrain/,GSC avg position 22.66; authority/ranking gap,Dedicated bilingual route page exists,Add naturally to the existing bilingual route/airport page and strengthen related internal links and FAQs,Medium; avoid duplicating the paired route or airport page,Improve underperforming existing page,Add naturally to the existing bilingual route/airport page and strengthen related internal links and FAQs,توسعة منهجية لعبارات المسار والخدمة؛ ليست حجم بحث موثق
132,P0,سائق خاص من الدمام الى البحرين,AR,Systematic long-tail expansion,Commercial,الدمام,البحرين,سائق خاص,الدمام ← البحرين,/bahrain-saudi-gcc-transport/dammam-to-bahrain/,GSC avg position 14.14; page-two growth opportunity,Dedicated bilingual route page exists,Add naturally to the existing bilingual route/airport page and strengthen related internal links and FAQs,Medium; avoid duplicating the paired route or airport page,Improve underperforming existing page,Add naturally to the existing bilingual route/airport page and strengthen related internal links and FAQs,توسعة منهجية لعبارات المسار والخدمة؛ ليست حجم بحث موثق
133,P0,سائق خاص من الدوحة الى البحرين,AR,Systematic long-tail expansion,Commercial,الدوحة,البحرين,سائق خاص,الدوحة ← البحرين,/bahrain-saudi-gcc-transport/bahrain-to-qatar/,GSC avg position 7.88; page-one winner,Dedicated bilingual route page exists,Leave primary SEO fields and ranking content unchanged; add only small safe conversion support,High; protect existing winner,Protect,Leave primary SEO fields and ranking content unchanged; add only small safe conversion support,توسعة منهجية لعبارات المسار والخدمة؛ ليست حجم بحث موثق
134,P0,سائق خاص من الظهران الى البحرين,AR,Systematic long-tail expansion,Commercial,الظهران,البحرين,سائق خاص,الظهران ← البحرين,/bahrain-saudi-gcc-transport/bahrain-to-dhahran/,No numeric ranking evidence supplied for this keyword,No exact phrase found; contextual coverage required,Use Dammam/Khobar/Eastern Province coverage first; create a dedicated page only after unique intent and sufficient facts are confirmed,High if split into thin locality pages,Add safely to existing page or evaluate hub,Use Dammam/Khobar/Eastern Province coverage first; create a dedicated page only after unique intent and sufficient facts are confirmed,توسعة منهجية لعبارات المسار والخدمة؛ ليست حجم بحث موثق
135,P0,سائق خاص من مدينة الكويت الى البحرين,AR,Systematic long-tail expansion,Commercial,مدينة الكويت,البحرين,سائق خاص,مدينة الكويت ← البحرين,/bahrain-saudi-gcc-transport/bahrain-to-kuwait/,GSC avg position 8.48; page-one winner with CTR opportunity,Dedicated bilingual route page exists,Leave primary SEO fields and ranking content unchanged; add only small safe conversion support,High; protect existing winner,Protect,Leave primary SEO fields and ranking content unchanged; add only small safe conversion support,توسعة منهجية لعبارات المسار والخدمة؛ ليست حجم بحث موثق
136,P0,سائق خاص من مطار الدمام الى البحرين,AR,Systematic long-tail expansion,Commercial,مطار الدمام,البحرين,سائق خاص,مطار الدمام ← البحرين,/bahrain-saudi-gcc-transport/dammam-airport-to-bahrain/,Covered by route and dedicated airport pages; no separate numeric position supplied,Dedicated bilingual route page exists,Add naturally to the existing bilingual route/airport page and strengthen related internal links and FAQs,Medium; avoid duplicating the paired route or airport page,Improve underperforming existing page,Add naturally to the existing bilingual route/airport page and strengthen related internal links and FAQs,توسعة منهجية لعبارات المسار والخدمة؛ ليست حجم بحث موثق
137,P0,سواق من أرامكو الى البحرين,AR,Systematic long-tail expansion,Commercial,أرامكو,البحرين,سواق,أرامكو ← البحرين,/bahrain-saudi-gcc-transport/bahrain-to-aramco/,No numeric ranking evidence supplied for this keyword,No exact phrase found; contextual coverage required,Use Dammam/Khobar/Eastern Province coverage first; create a dedicated page only after unique intent and sufficient facts are confirmed,High if split into thin locality pages,Add safely to existing page or evaluate hub,Use Dammam/Khobar/Eastern Province coverage first; create a dedicated page only after unique intent and sufficient facts are confirmed,توسعة منهجية لعبارات المسار والخدمة؛ ليست حجم بحث موثق
138,P0,سواق من البحرين الى أرامكو,AR,Systematic long-tail expansion,Commercial,البحرين,أرامكو,سواق,البحرين ← أرامكو,/bahrain-saudi-gcc-transport/aramco-to-bahrain/,No numeric ranking evidence supplied for this keyword,No exact phrase found; contextual coverage required,Use Dammam/Khobar/Eastern Province coverage first; create a dedicated page only after unique intent and sufficient facts are confirmed,High if split into thin locality pages,Add safely to existing page or evaluate hub,Use Dammam/Khobar/Eastern Province coverage first; create a dedicated page only after unique intent and sufficient facts are confirmed,توسعة منهجية لعبارات المسار والخدمة؛ ليست حجم بحث موثق
139,P0,سواق من البحرين الى الخبر,AR,Systematic long-tail expansion,Commercial,البحرين,الخبر,سواق,البحرين ← الخبر,/bahrain-saudi-gcc-transport/bahrain-to-khobar/,GSC avg position 22.66; authority/ranking gap,Dedicated bilingual route page exists,Add naturally to the existing bilingual route/airport page and strengthen related internal links and FAQs,Medium; avoid duplicating the paired route or airport page,Improve underperforming existing page,Add naturally to the existing bilingual route/airport page and strengthen related internal links and FAQs,توسعة منهجية لعبارات المسار والخدمة؛ ليست حجم بحث موثق
140,P0,سواق من البحرين الى الدمام,AR,Systematic long-tail expansion,Commercial,البحرين,الدمام,سواق,البحرين ← الدمام,/bahrain-saudi-gcc-transport/bahrain-to-dammam/,GSC avg position 14.14; page-two growth opportunity,Dedicated bilingual route page exists,Add naturally to the existing bilingual route/airport page and strengthen related internal links and FAQs,Medium; avoid duplicating the paired route or airport page,Improve underperforming existing page,Add naturally to the existing bilingual route/airport page and strengthen related internal links and FAQs,توسعة منهجية لعبارات المسار والخدمة؛ ليست حجم بحث موثق
141,P0,سواق من البحرين الى الدوحة,AR,Systematic long-tail expansion,Commercial,البحرين,الدوحة,سواق,البحرين ← الدوحة,/bahrain-saudi-gcc-transport/qatar-to-bahrain/,GSC avg position 7.88; page-one winner,Dedicated bilingual route page exists,Leave primary SEO fields and ranking content unchanged; add only small safe conversion support,High; protect existing winner,Protect,Leave primary SEO fields and ranking content unchanged; add only small safe conversion support,توسعة منهجية لعبارات المسار والخدمة؛ ليست حجم بحث موثق
142,P0,سواق من البحرين الى الظهران,AR,Systematic long-tail expansion,Commercial,البحرين,الظهران,سواق,البحرين ← الظهران,/bahrain-saudi-gcc-transport/dhahran-to-bahrain/,No numeric ranking evidence supplied for this keyword,No exact phrase found; contextual coverage required,Use Dammam/Khobar/Eastern Province coverage first; create a dedicated page only after unique intent and sufficient facts are confirmed,High if split into thin locality pages,Add safely to existing page or evaluate hub,Use Dammam/Khobar/Eastern Province coverage first; create a dedicated page only after unique intent and sufficient facts are confirmed,توسعة منهجية لعبارات المسار والخدمة؛ ليست حجم بحث موثق
143,P0,سواق من البحرين الى مدينة الكويت,AR,Systematic long-tail expansion,Commercial,البحرين,مدينة الكويت,سواق,البحرين ← مدينة الكويت,/bahrain-saudi-gcc-transport/kuwait-to-bahrain/,GSC avg position 8.48; page-one winner with CTR opportunity,Dedicated bilingual route page exists,Leave primary SEO fields and ranking content unchanged; add only small safe conversion support,High; protect existing winner,Protect,Leave primary SEO fields and ranking content unchanged; add only small safe conversion support,توسعة منهجية لعبارات المسار والخدمة؛ ليست حجم بحث موثق
144,P0,سواق من البحرين الى مطار الدمام,AR,Systematic long-tail expansion,Commercial,البحرين,مطار الدمام,سواق,البحرين ← مطار الدمام,/bahrain-saudi-gcc-transport/bahrain-to-dammam-airport/,Covered by route and dedicated airport pages; no separate numeric position supplied,Dedicated bilingual route page exists,Add naturally to the existing bilingual route/airport page and strengthen related internal links and FAQs,Medium; avoid duplicating the paired route or airport page,Improve underperforming existing page,Add naturally to the existing bilingual route/airport page and strengthen related internal links and FAQs,توسعة منهجية لعبارات المسار والخدمة؛ ليست حجم بحث موثق
145,P0,سواق من الخبر الى البحرين,AR,Systematic long-tail expansion,Commercial,الخبر,البحرين,سواق,الخبر ← البحرين,/bahrain-saudi-gcc-transport/khobar-to-bahrain/,GSC avg position 22.66; authority/ranking gap,Dedicated bilingual route page exists,Add naturally to the existing bilingual route/airport page and strengthen related internal links and FAQs,Medium; avoid duplicating the paired route or airport page,Improve underperforming existing page,Add naturally to the existing bilingual route/airport page and strengthen related internal links and FAQs,توسعة منهجية لعبارات المسار والخدمة؛ ليست حجم بحث موثق
146,P0,سواق من الدمام الى البحرين,AR,Systematic long-tail expansion,Commercial,الدمام,البحرين,سواق,الدمام ← البحرين,/bahrain-saudi-gcc-transport/dammam-to-bahrain/,GSC avg position 14.14; page-two growth opportunity,Dedicated bilingual route page exists,Add naturally to the existing bilingual route/airport page and strengthen related internal links and FAQs,Medium; avoid duplicating the paired route or airport page,Improve underperforming existing page,Add naturally to the existing bilingual route/airport page and strengthen related internal links and FAQs,توسعة منهجية لعبارات المسار والخدمة؛ ليست حجم بحث موثق
147,P0,سواق من الدوحة الى البحرين,AR,Systematic long-tail expansion,Commercial,الدوحة,البحرين,سواق,الدوحة ← البحرين,/bahrain-saudi-gcc-transport/bahrain-to-qatar/,GSC avg position 7.88; page-one winner,Dedicated bilingual route page exists,Leave primary SEO fields and ranking content unchanged; add only small safe conversion support,High; protect existing winner,Protect,Leave primary SEO fields and ranking content unchanged; add only small safe conversion support,توسعة منهجية لعبارات المسار والخدمة؛ ليست حجم بحث موثق
148,P0,سواق من الظهران الى البحرين,AR,Systematic long-tail expansion,Commercial,الظهران,البحرين,سواق,الظهران ← البحرين,/bahrain-saudi-gcc-transport/bahrain-to-dhahran/,No numeric ranking evidence supplied for this keyword,No exact phrase found; contextual coverage required,Use Dammam/Khobar/Eastern Province coverage first; create a dedicated page only after unique intent and sufficient facts are confirmed,High if split into thin locality pages,Add safely to existing page or evaluate hub,Use Dammam/Khobar/Eastern Province coverage first; create a dedicated page only after unique intent and sufficient facts are confirmed,توسعة منهجية لعبارات المسار والخدمة؛ ليست حجم بحث موثق
149,P0,سواق من مدينة الكويت الى البحرين,AR,Systematic long-tail expansion,Commercial,مدينة الكويت,البحرين,سواق,مدينة الكويت ← البحرين,/bahrain-saudi-gcc-transport/bahrain-to-kuwait/,GSC avg position 8.48; page-one winner with CTR opportunity,Dedicated bilingual route page exists,Leave primary SEO fields and ranking content unchanged; add only small safe conversion support,High; protect existing winner,Protect,Leave primary SEO fields and ranking content unchanged; add only small safe conversion support,توسعة منهجية لعبارات المسار والخدمة؛ ليست حجم بحث موثق
150,P0,سواق من مطار الدمام الى البحرين,AR,Systematic long-tail expansion,Commercial,مطار الدمام,البحرين,سواق,مطار الدمام ← البحرين,/bahrain-saudi-gcc-transport/dammam-airport-to-bahrain/,Covered by route and dedicated airport pages; no separate numeric position supplied,Dedicated bilingual route page exists,Add naturally to the existing bilingual route/airport page and strengthen related internal links and FAQs,Medium; avoid duplicating the paired route or airport page,Improve underperforming existing page,Add naturally to the existing bilingual route/airport page and strengthen related internal links and FAQs,توسعة منهجية لعبارات المسار والخدمة؛ ليست حجم بحث موثق
151,P0,سيارة 7 ركاب من أرامكو الى البحرين,AR,Systematic long-tail expansion,Commercial,أرامكو,البحرين,عوائل,أرامكو ← البحرين,/bahrain-saudi-gcc-transport/bahrain-to-aramco/,No numeric ranking evidence supplied for this keyword,No exact phrase found; contextual coverage required,Use Dammam/Khobar/Eastern Province coverage first; create a dedicated page only after unique intent and sufficient facts are confirmed,High if split into thin locality pages,Add safely to existing page or evaluate hub,Use Dammam/Khobar/Eastern Province coverage first; create a dedicated page only after unique intent and sufficient facts are confirmed,توسعة منهجية لعبارات المسار والخدمة؛ ليست حجم بحث موثق
152,P0,سيارة 7 ركاب من البحرين الى أرامكو,AR,Systematic long-tail expansion,Commercial,البحرين,أرامكو,عوائل,البحرين ← أرامكو,/bahrain-saudi-gcc-transport/aramco-to-bahrain/,No numeric ranking evidence supplied for this keyword,No exact phrase found; contextual coverage required,Use Dammam/Khobar/Eastern Province coverage first; create a dedicated page only after unique intent and sufficient facts are confirmed,High if split into thin locality pages,Add safely to existing page or evaluate hub,Use Dammam/Khobar/Eastern Province coverage first; create a dedicated page only after unique intent and sufficient facts are confirmed,توسعة منهجية لعبارات المسار والخدمة؛ ليست حجم بحث موثق
153,P0,سيارة 7 ركاب من البحرين الى الخبر,AR,Systematic long-tail expansion,Commercial,البحرين,الخبر,عوائل,البحرين ← الخبر,/bahrain-saudi-gcc-transport/bahrain-to-khobar/,GSC avg position 22.66; authority/ranking gap,Dedicated bilingual route page exists,Add naturally to the existing bilingual route/airport page and strengthen related internal links and FAQs,Medium; avoid duplicating the paired route or airport page,Improve underperforming existing page,Add naturally to the existing bilingual route/airport page and strengthen related internal links and FAQs,توسعة منهجية لعبارات المسار والخدمة؛ ليست حجم بحث موثق
154,P0,سيارة 7 ركاب من البحرين الى الدمام,AR,Systematic long-tail expansion,Commercial,البحرين,الدمام,عوائل,البحرين ← الدمام,/bahrain-saudi-gcc-transport/bahrain-to-dammam/,GSC avg position 14.14; page-two growth opportunity,Dedicated bilingual route page exists,Add naturally to the existing bilingual route/airport page and strengthen related internal links and FAQs,Medium; avoid duplicating the paired route or airport page,Improve underperforming existing page,Add naturally to the existing bilingual route/airport page and strengthen related internal links and FAQs,توسعة منهجية لعبارات المسار والخدمة؛ ليست حجم بحث موثق
155,P0,سيارة 7 ركاب من البحرين الى الدوحة,AR,Systematic long-tail expansion,Commercial,البحرين,الدوحة,عوائل,البحرين ← الدوحة,/bahrain-saudi-gcc-transport/qatar-to-bahrain/,GSC avg position 7.88; page-one winner,Dedicated bilingual route page exists,Leave primary SEO fields and ranking content unchanged; add only small safe conversion support,High; protect existing winner,Protect,Leave primary SEO fields and ranking content unchanged; add only small safe conversion support,توسعة منهجية لعبارات المسار والخدمة؛ ليست حجم بحث موثق
156,P0,سيارة 7 ركاب من البحرين الى الظهران,AR,Systematic long-tail expansion,Commercial,البحرين,الظهران,عوائل,البحرين ← الظهران,/bahrain-saudi-gcc-transport/dhahran-to-bahrain/,No numeric ranking evidence supplied for this keyword,No exact phrase found; contextual coverage required,Use Dammam/Khobar/Eastern Province coverage first; create a dedicated page only after unique intent and sufficient facts are confirmed,High if split into thin locality pages,Add safely to existing page or evaluate hub,Use Dammam/Khobar/Eastern Province coverage first; create a dedicated page only after unique intent and sufficient facts are confirmed,توسعة منهجية لعبارات المسار والخدمة؛ ليست حجم بحث موثق
157,P0,سيارة 7 ركاب من البحرين الى مدينة الكويت,AR,Systematic long-tail expansion,Commercial,البحرين,مدينة الكويت,عوائل,البحرين ← مدينة الكويت,/bahrain-saudi-gcc-transport/kuwait-to-bahrain/,GSC avg position 8.48; page-one winner with CTR opportunity,Dedicated bilingual route page exists,Leave primary SEO fields and ranking content unchanged; add only small safe conversion support,High; protect existing winner,Protect,Leave primary SEO fields and ranking content unchanged; add only small safe conversion support,توسعة منهجية لعبارات المسار والخدمة؛ ليست حجم بحث موثق
158,P0,سيارة 7 ركاب من البحرين الى مطار الدمام,AR,Systematic long-tail expansion,Commercial,البحرين,مطار الدمام,عوائل,البحرين ← مطار الدمام,/bahrain-saudi-gcc-transport/bahrain-to-dammam-airport/,Covered by route and dedicated airport pages; no separate numeric position supplied,Dedicated bilingual route page exists,Add naturally to the existing bilingual route/airport page and strengthen related internal links and FAQs,Medium; avoid duplicating the paired route or airport page,Improve underperforming existing page,Add naturally to the existing bilingual route/airport page and strengthen related internal links and FAQs,توسعة منهجية لعبارات المسار والخدمة؛ ليست حجم بحث موثق
159,P0,سيارة 7 ركاب من الخبر الى البحرين,AR,Systematic long-tail expansion,Commercial,الخبر,البحرين,عوائل,الخبر ← البحرين,/bahrain-saudi-gcc-transport/khobar-to-bahrain/,GSC avg position 22.66; authority/ranking gap,Dedicated bilingual route page exists,Add naturally to the existing bilingual route/airport page and strengthen related internal links and FAQs,Medium; avoid duplicating the paired route or airport page,Improve underperforming existing page,Add naturally to the existing bilingual route/airport page and strengthen related internal links and FAQs,توسعة منهجية لعبارات المسار والخدمة؛ ليست حجم بحث موثق
160,P0,سيارة 7 ركاب من الدمام الى البحرين,AR,Systematic long-tail expansion,Commercial,الدمام,البحرين,عوائل,الدمام ← البحرين,/bahrain-saudi-gcc-transport/dammam-to-bahrain/,GSC avg position 14.14; page-two growth opportunity,Dedicated bilingual route page exists,Add naturally to the existing bilingual route/airport page and strengthen related internal links and FAQs,Medium; avoid duplicating the paired route or airport page,Improve underperforming existing page,Add naturally to the existing bilingual route/airport page and strengthen related internal links and FAQs,توسعة منهجية لعبارات المسار والخدمة؛ ليست حجم بحث موثق
161,P0,سيارة 7 ركاب من الدوحة الى البحرين,AR,Systematic long-tail expansion,Commercial,الدوحة,البحرين,عوائل,الدوحة ← البحرين,/bahrain-saudi-gcc-transport/bahrain-to-qatar/,GSC avg position 7.88; page-one winner,Dedicated bilingual route page exists,Leave primary SEO fields and ranking content unchanged; add only small safe conversion support,High; protect existing winner,Protect,Leave primary SEO fields and ranking content unchanged; add only small safe conversion support,توسعة منهجية لعبارات المسار والخدمة؛ ليست حجم بحث موثق
162,P0,سيارة 7 ركاب من الظهران الى البحرين,AR,Systematic long-tail expansion,Commercial,الظهران,البحرين,عوائل,الظهران ← البحرين,/bahrain-saudi-gcc-transport/bahrain-to-dhahran/,No numeric ranking evidence supplied for this keyword,No exact phrase found; contextual coverage required,Use Dammam/Khobar/Eastern Province coverage first; create a dedicated page only after unique intent and sufficient facts are confirmed,High if split into thin locality pages,Add safely to existing page or evaluate hub,Use Dammam/Khobar/Eastern Province coverage first; create a dedicated page only after unique intent and sufficient facts are confirmed,توسعة منهجية لعبارات المسار والخدمة؛ ليست حجم بحث موثق
163,P0,سيارة 7 ركاب من مدينة الكويت الى البحرين,AR,Systematic long-tail expansion,Commercial,مدينة الكويت,البحرين,عوائل,مدينة الكويت ← البحرين,/bahrain-saudi-gcc-transport/bahrain-to-kuwait/,GSC avg position 8.48; page-one winner with CTR opportunity,Dedicated bilingual route page exists,Leave primary SEO fields and ranking content unchanged; add only small safe conversion support,High; protect existing winner,Protect,Leave primary SEO fields and ranking content unchanged; add only small safe conversion support,توسعة منهجية لعبارات المسار والخدمة؛ ليست حجم بحث موثق
164,P0,سيارة 7 ركاب من مطار الدمام الى البحرين,AR,Systematic long-tail expansion,Commercial,مطار الدمام,البحرين,عوائل,مطار الدمام ← البحرين,/bahrain-saudi-gcc-transport/dammam-airport-to-bahrain/,Covered by route and dedicated airport pages; no separate numeric position supplied,Dedicated bilingual route page exists,Add naturally to the existing bilingual route/airport page and strengthen related internal links and FAQs,Medium; avoid duplicating the paired route or airport page,Improve underperforming existing page,Add naturally to the existing bilingual route/airport page and strengthen related internal links and FAQs,توسعة منهجية لعبارات المسار والخدمة؛ ليست حجم بحث موثق
165,P0,سيارة خاصة من أرامكو الى البحرين,AR,Systematic long-tail expansion,Commercial,أرامكو,البحرين,سيارة خاصة,أرامكو ← البحرين,/bahrain-saudi-gcc-transport/bahrain-to-aramco/,No numeric ranking evidence supplied for this keyword,No exact phrase found; contextual coverage required,Use Dammam/Khobar/Eastern Province coverage first; create a dedicated page only after unique intent and sufficient facts are confirmed,High if split into thin locality pages,Add safely to existing page or evaluate hub,Use Dammam/Khobar/Eastern Province coverage first; create a dedicated page only after unique intent and sufficient facts are confirmed,توسعة منهجية لعبارات المسار والخدمة؛ ليست حجم بحث موثق
166,P0,سيارة خاصة من البحرين الى أرامكو,AR,Systematic long-tail expansion,Commercial,البحرين,أرامكو,سيارة خاصة,البحرين ← أرامكو,/bahrain-saudi-gcc-transport/aramco-to-bahrain/,No numeric ranking evidence supplied for this keyword,No exact phrase found; contextual coverage required,Use Dammam/Khobar/Eastern Province coverage first; create a dedicated page only after unique intent and sufficient facts are confirmed,High if split into thin locality pages,Add safely to existing page or evaluate hub,Use Dammam/Khobar/Eastern Province coverage first; create a dedicated page only after unique intent and sufficient facts are confirmed,توسعة منهجية لعبارات المسار والخدمة؛ ليست حجم بحث موثق
167,P0,سيارة خاصة من البحرين الى الخبر,AR,Systematic long-tail expansion,Commercial,البحرين,الخبر,سيارة خاصة,البحرين ← الخبر,/bahrain-saudi-gcc-transport/bahrain-to-khobar/,GSC avg position 22.66; authority/ranking gap,Dedicated bilingual route page exists,Add naturally to the existing bilingual route/airport page and strengthen related internal links and FAQs,Medium; avoid duplicating the paired route or airport page,Improve underperforming existing page,Add naturally to the existing bilingual route/airport page and strengthen related internal links and FAQs,توسعة منهجية لعبارات المسار والخدمة؛ ليست حجم بحث موثق
168,P0,سيارة خاصة من البحرين الى الدمام,AR,Systematic long-tail expansion,Commercial,البحرين,الدمام,سيارة خاصة,البحرين ← الدمام,/bahrain-saudi-gcc-transport/bahrain-to-dammam/,GSC avg position 14.14; page-two growth opportunity,Dedicated bilingual route page exists,Add naturally to the existing bilingual route/airport page and strengthen related internal links and FAQs,Medium; avoid duplicating the paired route or airport page,Improve underperforming existing page,Add naturally to the existing bilingual route/airport page and strengthen related internal links and FAQs,توسعة منهجية لعبارات المسار والخدمة؛ ليست حجم بحث موثق
169,P0,سيارة خاصة من البحرين الى الدوحة,AR,Systematic long-tail expansion,Commercial,البحرين,الدوحة,سيارة خاصة,البحرين ← الدوحة,/bahrain-saudi-gcc-transport/qatar-to-bahrain/,GSC avg position 7.88; page-one winner,Dedicated bilingual route page exists,Leave primary SEO fields and ranking content unchanged; add only small safe conversion support,High; protect existing winner,Protect,Leave primary SEO fields and ranking content unchanged; add only small safe conversion support,توسعة منهجية لعبارات المسار والخدمة؛ ليست حجم بحث موثق
170,P0,سيارة خاصة من البحرين الى الظهران,AR,Systematic long-tail expansion,Commercial,البحرين,الظهران,سيارة خاصة,البحرين ← الظهران,/bahrain-saudi-gcc-transport/dhahran-to-bahrain/,No numeric ranking evidence supplied for this keyword,No exact phrase found; contextual coverage required,Use Dammam/Khobar/Eastern Province coverage first; create a dedicated page only after unique intent and sufficient facts are confirmed,High if split into thin locality pages,Add safely to existing page or evaluate hub,Use Dammam/Khobar/Eastern Province coverage first; create a dedicated page only after unique intent and sufficient facts are confirmed,توسعة منهجية لعبارات المسار والخدمة؛ ليست حجم بحث موثق
171,P0,سيارة خاصة من البحرين الى مدينة الكويت,AR,Systematic long-tail expansion,Commercial,البحرين,مدينة الكويت,سيارة خاصة,البحرين ← مدينة الكويت,/bahrain-saudi-gcc-transport/kuwait-to-bahrain/,GSC avg position 8.48; page-one winner with CTR opportunity,Dedicated bilingual route page exists,Leave primary SEO fields and ranking content unchanged; add only small safe conversion support,High; protect existing winner,Protect,Leave primary SEO fields and ranking content unchanged; add only small safe conversion support,توسعة منهجية لعبارات المسار والخدمة؛ ليست حجم بحث موثق
172,P0,سيارة خاصة من البحرين الى مطار الدمام,AR,Systematic long-tail expansion,Commercial,البحرين,مطار الدمام,سيارة خاصة,البحرين ← مطار الدمام,/bahrain-saudi-gcc-transport/bahrain-to-dammam-airport/,Covered by route and dedicated airport pages; no separate numeric position supplied,Dedicated bilingual route page exists,Add naturally to the existing bilingual route/airport page and strengthen related internal links and FAQs,Medium; avoid duplicating the paired route or airport page,Improve underperforming existing page,Add naturally to the existing bilingual route/airport page and strengthen related internal links and FAQs,توسعة منهجية لعبارات المسار والخدمة؛ ليست حجم بحث موثق
173,P0,سيارة خاصة من الخبر الى البحرين,AR,Systematic long-tail expansion,Commercial,الخبر,البحرين,سيارة خاصة,الخبر ← البحرين,/bahrain-saudi-gcc-transport/khobar-to-bahrain/,GSC avg position 22.66; authority/ranking gap,Dedicated bilingual route page exists,Add naturally to the existing bilingual route/airport page and strengthen related internal links and FAQs,Medium; avoid duplicating the paired route or airport page,Improve underperforming existing page,Add naturally to the existing bilingual route/airport page and strengthen related internal links and FAQs,توسعة منهجية لعبارات المسار والخدمة؛ ليست حجم بحث موثق
174,P0,سيارة خاصة من الدمام الى البحرين,AR,Systematic long-tail expansion,Commercial,الدمام,البحرين,سيارة خاصة,الدمام ← البحرين,/bahrain-saudi-gcc-transport/dammam-to-bahrain/,GSC avg position 14.14; page-two growth opportunity,Dedicated bilingual route page exists,Add naturally to the existing bilingual route/airport page and strengthen related internal links and FAQs,Medium; avoid duplicating the paired route or airport page,Improve underperforming existing page,Add naturally to the existing bilingual route/airport page and strengthen related internal links and FAQs,توسعة منهجية لعبارات المسار والخدمة؛ ليست حجم بحث موثق
175,P0,سيارة خاصة من الدوحة الى البحرين,AR,Systematic long-tail expansion,Commercial,الدوحة,البحرين,سيارة خاصة,الدوحة ← البحرين,/bahrain-saudi-gcc-transport/bahrain-to-qatar/,GSC avg position 7.88; page-one winner,Dedicated bilingual route page exists,Leave primary SEO fields and ranking content unchanged; add only small safe conversion support,High; protect existing winner,Protect,Leave primary SEO fields and ranking content unchanged; add only small safe conversion support,توسعة منهجية لعبارات المسار والخدمة؛ ليست حجم بحث موثق
176,P0,سيارة خاصة من الظهران الى البحرين,AR,Systematic long-tail expansion,Commercial,الظهران,البحرين,سيارة خاصة,الظهران ← البحرين,/bahrain-saudi-gcc-transport/bahrain-to-dhahran/,No numeric ranking evidence supplied for this keyword,No exact phrase found; contextual coverage required,Use Dammam/Khobar/Eastern Province coverage first; create a dedicated page only after unique intent and sufficient facts are confirmed,High if split into thin locality pages,Add safely to existing page or evaluate hub,Use Dammam/Khobar/Eastern Province coverage first; create a dedicated page only after unique intent and sufficient facts are confirmed,توسعة منهجية لعبارات المسار والخدمة؛ ليست حجم بحث موثق
177,P0,سيارة خاصة من مدينة الكويت الى البحرين,AR,Systematic long-tail expansion,Commercial,مدينة الكويت,البحرين,سيارة خاصة,مدينة الكويت ← البحرين,/bahrain-saudi-gcc-transport/bahrain-to-kuwait/,GSC avg position 8.48; page-one winner with CTR opportunity,Dedicated bilingual route page exists,Leave primary SEO fields and ranking content unchanged; add only small safe conversion support,High; protect existing winner,Protect,Leave primary SEO fields and ranking content unchanged; add only small safe conversion support,توسعة منهجية لعبارات المسار والخدمة؛ ليست حجم بحث موثق
178,P0,سيارة خاصة من مطار الدمام الى البحرين,AR,Systematic long-tail expansion,Commercial,مطار الدمام,البحرين,سيارة خاصة,مطار الدمام ← البحرين,/bahrain-saudi-gcc-transport/dammam-airport-to-bahrain/,Covered by route and dedicated airport pages; no separate numeric position supplied,Dedicated bilingual route page exists,Add naturally to the existing bilingual route/airport page and strengthen related internal links and FAQs,Medium; avoid duplicating the paired route or airport page,Improve underperforming existing page,Add naturally to the existing bilingual route/airport page and strengthen related internal links and FAQs,توسعة منهجية لعبارات المسار والخدمة؛ ليست حجم بحث موثق
179,P0,شركات توصيل من البحرين الى الخبر,AR,Google Autocomplete — observed,Commercial,,,Observed wording,Route / service cluster,/bahrain-saudi-gcc-transport/bahrain-to-khobar/,GSC avg position 22.66; authority/ranking gap,No exact phrase found; contextual coverage required,Add naturally to the existing bilingual route/airport page and strengthen related internal links and FAQs,Medium; avoid duplicating the paired route or airport page,Improve underperforming existing page,Add naturally to the existing bilingual route/airport page and strengthen related internal links and FAQs,Directly observed in Google Bahrain suggestions on 16 Sep 2026
180,P0,شركات توصيل من مطار الدمام الى البحرين,AR,Google Autocomplete — observed,Commercial,,,Observed wording,Route / service cluster,/bahrain-saudi-gcc-transport/dammam-airport-to-bahrain/,Covered by route and dedicated airport pages; no separate numeric position supplied,No exact phrase found; contextual coverage required,Add naturally to the existing bilingual route/airport page and strengthen related internal links and FAQs,Medium; avoid duplicating the paired route or airport page,Improve underperforming existing page,Add naturally to the existing bilingual route/airport page and strengthen related internal links and FAQs,Directly observed in Google Bahrain suggestions on 16 Sep 2026
181,P0,شركة توصيل من البحرين الى الدمام,AR,Google Autocomplete — observed,Commercial,,,Observed wording,Route / service cluster,/bahrain-saudi-gcc-transport/bahrain-to-dammam/,GSC avg position 14.14; page-two growth opportunity,No exact phrase found; contextual coverage required,Add naturally to the existing bilingual route/airport page and strengthen related internal links and FAQs,Medium; avoid duplicating the paired route or airport page,Improve underperforming existing page,Add naturally to the existing bilingual route/airport page and strengthen related internal links and FAQs,Directly observed in Google Bahrain suggestions on 16 Sep 2026
182,P0,شركة توصيل من الخبر الى البحرين,AR,Google Autocomplete — observed,Commercial,,,Observed wording,Route / service cluster,/bahrain-saudi-gcc-transport/khobar-to-bahrain/,GSC avg position 22.66; authority/ranking gap,No exact phrase found; contextual coverage required,Add naturally to the existing bilingual route/airport page and strengthen related internal links and FAQs,Medium; avoid duplicating the paired route or airport page,Improve underperforming existing page,Add naturally to the existing bilingual route/airport page and strengthen related internal links and FAQs,Directly observed in Google Bahrain suggestions on 16 Sep 2026
183,P0,كم ساعة من أرامكو الى البحرين,AR,Systematic long-tail expansion,Informational,أرامكو,البحرين,مدة,أرامكو ← البحرين,/bahrain-saudi-gcc-transport/bahrain-to-aramco/,No numeric ranking evidence supplied for this keyword,No exact phrase found; contextual coverage required,Use Dammam/Khobar/Eastern Province coverage first; create a dedicated page only after unique intent and sufficient facts are confirmed,High if split into thin locality pages,Add safely to existing page or evaluate hub,Use Dammam/Khobar/Eastern Province coverage first; create a dedicated page only after unique intent and sufficient facts are confirmed,توسعة منهجية لعبارات المسار والخدمة؛ ليست حجم بحث موثق
184,P0,كم ساعة من البحرين الى أرامكو,AR,Systematic long-tail expansion,Informational,البحرين,أرامكو,مدة,البحرين ← أرامكو,/bahrain-saudi-gcc-transport/aramco-to-bahrain/,No numeric ranking evidence supplied for this keyword,No exact phrase found; contextual coverage required,Use Dammam/Khobar/Eastern Province coverage first; create a dedicated page only after unique intent and sufficient facts are confirmed,High if split into thin locality pages,Add safely to existing page or evaluate hub,Use Dammam/Khobar/Eastern Province coverage first; create a dedicated page only after unique intent and sufficient facts are confirmed,توسعة منهجية لعبارات المسار والخدمة؛ ليست حجم بحث موثق
185,P0,كم ساعة من البحرين الى الخبر,AR,Systematic long-tail expansion,Informational,البحرين,الخبر,مدة,البحرين ← الخبر,/bahrain-saudi-gcc-transport/bahrain-to-khobar/,GSC avg position 22.66; authority/ranking gap,Dedicated bilingual route page exists,Add naturally to the existing bilingual route/airport page and strengthen related internal links and FAQs,Medium; avoid duplicating the paired route or airport page,Improve underperforming existing page,Add naturally to the existing bilingual route/airport page and strengthen related internal links and FAQs,توسعة منهجية لعبارات المسار والخدمة؛ ليست حجم بحث موثق
186,P0,كم ساعة من البحرين الى الدمام,AR,Systematic long-tail expansion,Informational,البحرين,الدمام,مدة,البحرين ← الدمام,/bahrain-saudi-gcc-transport/bahrain-to-dammam/,GSC avg position 14.14; page-two growth opportunity,Dedicated bilingual route page exists,Add naturally to the existing bilingual route/airport page and strengthen related internal links and FAQs,Medium; avoid duplicating the paired route or airport page,Improve underperforming existing page,Add naturally to the existing bilingual route/airport page and strengthen related internal links and FAQs,توسعة منهجية لعبارات المسار والخدمة؛ ليست حجم بحث موثق
187,P0,كم ساعة من البحرين الى الدوحة,AR,Systematic long-tail expansion,Informational,البحرين,الدوحة,مدة,البحرين ← الدوحة,/bahrain-saudi-gcc-transport/qatar-to-bahrain/,GSC avg position 7.88; page-one winner,Dedicated bilingual route page exists,Leave primary SEO fields and ranking content unchanged; add only small safe conversion support,High; protect existing winner,Protect,Leave primary SEO fields and ranking content unchanged; add only small safe conversion support,توسعة منهجية لعبارات المسار والخدمة؛ ليست حجم بحث موثق
188,P0,كم ساعة من البحرين الى الظهران,AR,Systematic long-tail expansion,Informational,البحرين,الظهران,مدة,البحرين ← الظهران,/bahrain-saudi-gcc-transport/dhahran-to-bahrain/,No numeric ranking evidence supplied for this keyword,No exact phrase found; contextual coverage required,Use Dammam/Khobar/Eastern Province coverage first; create a dedicated page only after unique intent and sufficient facts are confirmed,High if split into thin locality pages,Add safely to existing page or evaluate hub,Use Dammam/Khobar/Eastern Province coverage first; create a dedicated page only after unique intent and sufficient facts are confirmed,توسعة منهجية لعبارات المسار والخدمة؛ ليست حجم بحث موثق
189,P0,كم ساعة من البحرين الى مدينة الكويت,AR,Systematic long-tail expansion,Informational,البحرين,مدينة الكويت,مدة,البحرين ← مدينة الكويت,/bahrain-saudi-gcc-transport/kuwait-to-bahrain/,GSC avg position 8.48; page-one winner with CTR opportunity,Dedicated bilingual route page exists,Leave primary SEO fields and ranking content unchanged; add only small safe conversion support,High; protect existing winner,Protect,Leave primary SEO fields and ranking content unchanged; add only small safe conversion support,توسعة منهجية لعبارات المسار والخدمة؛ ليست حجم بحث موثق
190,P0,كم ساعة من البحرين الى مطار الدمام,AR,Systematic long-tail expansion,Informational,البحرين,مطار الدمام,مدة,البحرين ← مطار الدمام,/bahrain-saudi-gcc-transport/bahrain-to-dammam-airport/,Covered by route and dedicated airport pages; no separate numeric position supplied,Dedicated bilingual route page exists,Add naturally to the existing bilingual route/airport page and strengthen related internal links and FAQs,Medium; avoid duplicating the paired route or airport page,Improve underperforming existing page,Add naturally to the existing bilingual route/airport page and strengthen related internal links and FAQs,توسعة منهجية لعبارات المسار والخدمة؛ ليست حجم بحث موثق
191,P0,كم ساعة من الخبر الى البحرين,AR,Systematic long-tail expansion,Informational,الخبر,البحرين,مدة,الخبر ← البحرين,/bahrain-saudi-gcc-transport/khobar-to-bahrain/,GSC avg position 22.66; authority/ranking gap,Dedicated bilingual route page exists,Add naturally to the existing bilingual route/airport page and strengthen related internal links and FAQs,Medium; avoid duplicating the paired route or airport page,Improve underperforming existing page,Add naturally to the existing bilingual route/airport page and strengthen related internal links and FAQs,توسعة منهجية لعبارات المسار والخدمة؛ ليست حجم بحث موثق
192,P0,كم ساعة من الدمام الى البحرين,AR,Systematic long-tail expansion,Informational,الدمام,البحرين,مدة,الدمام ← البحرين,/bahrain-saudi-gcc-transport/dammam-to-bahrain/,GSC avg position 14.14; page-two growth opportunity,Dedicated bilingual route page exists,Add naturally to the existing bilingual route/airport page and strengthen related internal links and FAQs,Medium; avoid duplicating the paired route or airport page,Improve underperforming existing page,Add naturally to the existing bilingual route/airport page and strengthen related internal links and FAQs,توسعة منهجية لعبارات المسار والخدمة؛ ليست حجم بحث موثق
193,P0,كم ساعة من الدوحة الى البحرين,AR,Systematic long-tail expansion,Informational,الدوحة,البحرين,مدة,الدوحة ← البحرين,/bahrain-saudi-gcc-transport/bahrain-to-qatar/,GSC avg position 7.88; page-one winner,Dedicated bilingual route page exists,Leave primary SEO fields and ranking content unchanged; add only small safe conversion support,High; protect existing winner,Protect,Leave primary SEO fields and ranking content unchanged; add only small safe conversion support,توسعة منهجية لعبارات المسار والخدمة؛ ليست حجم بحث موثق
194,P0,كم ساعة من الظهران الى البحرين,AR,Systematic long-tail expansion,Informational,الظهران,البحرين,مدة,الظهران ← البحرين,/bahrain-saudi-gcc-transport/bahrain-to-dhahran/,No numeric ranking evidence supplied for this keyword,No exact phrase found; contextual coverage required,Use Dammam/Khobar/Eastern Province coverage first; create a dedicated page only after unique intent and sufficient facts are confirmed,High if split into thin locality pages,Add safely to existing page or evaluate hub,Use Dammam/Khobar/Eastern Province coverage first; create a dedicated page only after unique intent and sufficient facts are confirmed,توسعة منهجية لعبارات المسار والخدمة؛ ليست حجم بحث موثق
195,P0,كم ساعة من مدينة الكويت الى البحرين,AR,Systematic long-tail expansion,Informational,مدينة الكويت,البحرين,مدة,مدينة الكويت ← البحرين,/bahrain-saudi-gcc-transport/bahrain-to-kuwait/,GSC avg position 8.48; page-one winner with CTR opportunity,Dedicated bilingual route page exists,Leave primary SEO fields and ranking content unchanged; add only small safe conversion support,High; protect existing winner,Protect,Leave primary SEO fields and ranking content unchanged; add only small safe conversion support,توسعة منهجية لعبارات المسار والخدمة؛ ليست حجم بحث موثق
196,P0,كم ساعة من مطار الدمام الى البحرين,AR,Systematic long-tail expansion,Informational,مطار الدمام,البحرين,مدة,مطار الدمام ← البحرين,/bahrain-saudi-gcc-transport/dammam-airport-to-bahrain/,Covered by route and dedicated airport pages; no separate numeric position supplied,Dedicated bilingual route page exists,Add naturally to the existing bilingual route/airport page and strengthen related internal links and FAQs,Medium; avoid duplicating the paired route or airport page,Improve underperforming existing page,Add naturally to the existing bilingual route/airport page and strengthen related internal links and FAQs,توسعة منهجية لعبارات المسار والخدمة؛ ليست حجم بحث موثق
197,P0,مشوار من أرامكو الى البحرين,AR,Systematic long-tail expansion,Commercial,أرامكو,البحرين,مشوار,أرامكو ← البحرين,/bahrain-saudi-gcc-transport/bahrain-to-aramco/,No numeric ranking evidence supplied for this keyword,No exact phrase found; contextual coverage required,Use Dammam/Khobar/Eastern Province coverage first; create a dedicated page only after unique intent and sufficient facts are confirmed,High if split into thin locality pages,Add safely to existing page or evaluate hub,Use Dammam/Khobar/Eastern Province coverage first; create a dedicated page only after unique intent and sufficient facts are confirmed,توسعة منهجية لعبارات المسار والخدمة؛ ليست حجم بحث موثق
198,P0,مشوار من البحرين الى أرامكو,AR,Systematic long-tail expansion,Commercial,البحرين,أرامكو,مشوار,البحرين ← أرامكو,/bahrain-saudi-gcc-transport/aramco-to-bahrain/,No numeric ranking evidence supplied for this keyword,No exact phrase found; contextual coverage required,Use Dammam/Khobar/Eastern Province coverage first; create a dedicated page only after unique intent and sufficient facts are confirmed,High if split into thin locality pages,Add safely to existing page or evaluate hub,Use Dammam/Khobar/Eastern Province coverage first; create a dedicated page only after unique intent and sufficient facts are confirmed,توسعة منهجية لعبارات المسار والخدمة؛ ليست حجم بحث موثق
199,P0,مشوار من البحرين الى الخبر,AR,Systematic long-tail expansion,Commercial,البحرين,الخبر,مشوار,البحرين ← الخبر,/bahrain-saudi-gcc-transport/bahrain-to-khobar/,GSC avg position 22.66; authority/ranking gap,Dedicated bilingual route page exists,Add naturally to the existing bilingual route/airport page and strengthen related internal links and FAQs,Medium; avoid duplicating the paired route or airport page,Improve underperforming existing page,Add naturally to the existing bilingual route/airport page and strengthen related internal links and FAQs,توسعة منهجية لعبارات المسار والخدمة؛ ليست حجم بحث موثق
200,P0,مشوار من البحرين الى الدمام,AR,Systematic long-tail expansion,Commercial,البحرين,الدمام,مشوار,البحرين ← الدمام,/bahrain-saudi-gcc-transport/bahrain-to-dammam/,GSC avg position 14.14; page-two growth opportunity,Dedicated bilingual route page exists,Add naturally to the existing bilingual route/airport page and strengthen related internal links and FAQs,Medium; avoid duplicating the paired route or airport page,Improve underperforming existing page,Add naturally to the existing bilingual route/airport page and strengthen related internal links and FAQs,توسعة منهجية لعبارات المسار والخدمة؛ ليست حجم بحث موثق
201,P0,مشوار من البحرين الى الدوحة,AR,Systematic long-tail expansion,Commercial,البحرين,الدوحة,مشوار,البحرين ← الدوحة,/bahrain-saudi-gcc-transport/qatar-to-bahrain/,GSC avg position 7.88; page-one winner,Dedicated bilingual route page exists,Leave primary SEO fields and ranking content unchanged; add only small safe conversion support,High; protect existing winner,Protect,Leave primary SEO fields and ranking content unchanged; add only small safe conversion support,توسعة منهجية لعبارات المسار والخدمة؛ ليست حجم بحث موثق
202,P0,مشوار من البحرين الى الظهران,AR,Systematic long-tail expansion,Commercial,البحرين,الظهران,مشوار,البحرين ← الظهران,/bahrain-saudi-gcc-transport/dhahran-to-bahrain/,No numeric ranking evidence supplied for this keyword,No exact phrase found; contextual coverage required,Use Dammam/Khobar/Eastern Province coverage first; create a dedicated page only after unique intent and sufficient facts are confirmed,High if split into thin locality pages,Add safely to existing page or evaluate hub,Use Dammam/Khobar/Eastern Province coverage first; create a dedicated page only after unique intent and sufficient facts are confirmed,توسعة منهجية لعبارات المسار والخدمة؛ ليست حجم بحث موثق
203,P0,مشوار من البحرين الى مدينة الكويت,AR,Systematic long-tail expansion,Commercial,البحرين,مدينة الكويت,مشوار,البحرين ← مدينة الكويت,/bahrain-saudi-gcc-transport/kuwait-to-bahrain/,GSC avg position 8.48; page-one winner with CTR opportunity,Dedicated bilingual route page exists,Leave primary SEO fields and ranking content unchanged; add only small safe conversion support,High; protect existing winner,Protect,Leave primary SEO fields and ranking content unchanged; add only small safe conversion support,توسعة منهجية لعبارات المسار والخدمة؛ ليست حجم بحث موثق
204,P0,مشوار من البحرين الى مطار الدمام,AR,Systematic long-tail expansion,Commercial,البحرين,مطار الدمام,مشوار,البحرين ← مطار الدمام,/bahrain-saudi-gcc-transport/bahrain-to-dammam-airport/,Covered by route and dedicated airport pages; no separate numeric position supplied,Dedicated bilingual route page exists,Add naturally to the existing bilingual route/airport page and strengthen related internal links and FAQs,Medium; avoid duplicating the paired route or airport page,Improve underperforming existing page,Add naturally to the existing bilingual route/airport page and strengthen related internal links and FAQs,توسعة منهجية لعبارات المسار والخدمة؛ ليست حجم بحث موثق
205,P0,مشوار من الخبر الى البحرين,AR,Systematic long-tail expansion,Commercial,الخبر,البحرين,مشوار,الخبر ← البحرين,/bahrain-saudi-gcc-transport/khobar-to-bahrain/,GSC avg position 22.66; authority/ranking gap,Dedicated bilingual route page exists,Add naturally to the existing bilingual route/airport page and strengthen related internal links and FAQs,Medium; avoid duplicating the paired route or airport page,Improve underperforming existing page,Add naturally to the existing bilingual route/airport page and strengthen related internal links and FAQs,توسعة منهجية لعبارات المسار والخدمة؛ ليست حجم بحث موثق
206,P0,مشوار من الدمام الى البحرين,AR,Systematic long-tail expansion,Commercial,الدمام,البحرين,مشوار,الدمام ← البحرين,/bahrain-saudi-gcc-transport/dammam-to-bahrain/,GSC avg position 14.14; page-two growth opportunity,Dedicated bilingual route page exists,Add naturally to the existing bilingual route/airport page and strengthen related internal links and FAQs,Medium; avoid duplicating the paired route or airport page,Improve underperforming existing page,Add naturally to the existing bilingual route/airport page and strengthen related internal links and FAQs,توسعة منهجية لعبارات المسار والخدمة؛ ليست حجم بحث موثق
207,P0,مشوار من الدوحة الى البحرين,AR,Systematic long-tail expansion,Commercial,الدوحة,البحرين,مشوار,الدوحة ← البحرين,/bahrain-saudi-gcc-transport/bahrain-to-qatar/,GSC avg position 7.88; page-one winner,Dedicated bilingual route page exists,Leave primary SEO fields and ranking content unchanged; add only small safe conversion support,High; protect existing winner,Protect,Leave primary SEO fields and ranking content unchanged; add only small safe conversion support,توسعة منهجية لعبارات المسار والخدمة؛ ليست حجم بحث موثق
208,P0,مشوار من الظهران الى البحرين,AR,Systematic long-tail expansion,Commercial,الظهران,البحرين,مشوار,الظهران ← البحرين,/bahrain-saudi-gcc-transport/bahrain-to-dhahran/,No numeric ranking evidence supplied for this keyword,No exact phrase found; contextual coverage required,Use Dammam/Khobar/Eastern Province coverage first; create a dedicated page only after unique intent and sufficient facts are confirmed,High if split into thin locality pages,Add safely to existing page or evaluate hub,Use Dammam/Khobar/Eastern Province coverage first; create a dedicated page only after unique intent and sufficient facts are confirmed,توسعة منهجية لعبارات المسار والخدمة؛ ليست حجم بحث موثق
209,P0,مشوار من مدينة الكويت الى البحرين,AR,Systematic long-tail expansion,Commercial,مدينة الكويت,البحرين,مشوار,مدينة الكويت ← البحرين,/bahrain-saudi-gcc-transport/bahrain-to-kuwait/,GSC avg position 8.48; page-one winner with CTR opportunity,Dedicated bilingual route page exists,Leave primary SEO fields and ranking content unchanged; add only small safe conversion support,High; protect existing winner,Protect,Leave primary SEO fields and ranking content unchanged; add only small safe conversion support,توسعة منهجية لعبارات المسار والخدمة؛ ليست حجم بحث موثق
210,P0,مشوار من مطار الدمام الى البحرين,AR,Systematic long-tail expansion,Commercial,مطار الدمام,البحرين,مشوار,مطار الدمام ← البحرين,/bahrain-saudi-gcc-transport/dammam-airport-to-bahrain/,Covered by route and dedicated airport pages; no separate numeric position supplied,Dedicated bilingual route page exists,Add naturally to the existing bilingual route/airport page and strengthen related internal links and FAQs,Medium; avoid duplicating the paired route or airport page,Improve underperforming existing page,Add naturally to the existing bilingual route/airport page and strengthen related internal links and FAQs,توسعة منهجية لعبارات المسار والخدمة؛ ليست حجم بحث موثق
211,P0,من مطار الدمام الى البحرين,AR,Google Autocomplete — observed,Mixed,,,Observed wording,Route / service cluster,/bahrain-saudi-gcc-transport/dammam-airport-to-bahrain/,Covered by route and dedicated airport pages; no separate numeric position supplied,No exact phrase found; contextual coverage required,Add naturally to the existing bilingual route/airport page and strengthen related internal links and FAQs,Medium; avoid duplicating the paired route or airport page,Improve underperforming existing page,Add naturally to the existing bilingual route/airport page and strengthen related internal links and FAQs,Directly observed in Google Bahrain suggestions on 16 Sep 2026
212,P0,مندوب توصيل من أرامكو الى البحرين,AR,Systematic long-tail expansion,Commercial,أرامكو,البحرين,طرود صغيرة,أرامكو ← البحرين,/bahrain-saudi-gcc-transport/bahrain-to-aramco/,No numeric ranking evidence supplied for this keyword,No exact phrase found; contextual coverage required,Use Dammam/Khobar/Eastern Province coverage first; create a dedicated page only after unique intent and sufficient facts are confirmed,High if split into thin locality pages,Add safely to existing page or evaluate hub,Use Dammam/Khobar/Eastern Province coverage first; create a dedicated page only after unique intent and sufficient facts are confirmed,توسعة منهجية لعبارات المسار والخدمة؛ ليست حجم بحث موثق
213,P0,مندوب توصيل من البحرين الى أرامكو,AR,Systematic long-tail expansion,Commercial,البحرين,أرامكو,طرود صغيرة,البحرين ← أرامكو,/bahrain-saudi-gcc-transport/aramco-to-bahrain/,No numeric ranking evidence supplied for this keyword,No exact phrase found; contextual coverage required,Use Dammam/Khobar/Eastern Province coverage first; create a dedicated page only after unique intent and sufficient facts are confirmed,High if split into thin locality pages,Add safely to existing page or evaluate hub,Use Dammam/Khobar/Eastern Province coverage first; create a dedicated page only after unique intent and sufficient facts are confirmed,توسعة منهجية لعبارات المسار والخدمة؛ ليست حجم بحث موثق
214,P0,مندوب توصيل من البحرين الى الخبر,AR,Systematic long-tail expansion,Commercial,البحرين,الخبر,طرود صغيرة,البحرين ← الخبر,/bahrain-saudi-gcc-transport/bahrain-to-khobar/,GSC avg position 22.66; authority/ranking gap,Dedicated bilingual route page exists,Add naturally to the existing bilingual route/airport page and strengthen related internal links and FAQs,Medium; avoid duplicating the paired route or airport page,Improve underperforming existing page,Add naturally to the existing bilingual route/airport page and strengthen related internal links and FAQs,توسعة منهجية لعبارات المسار والخدمة؛ ليست حجم بحث موثق
215,P0,مندوب توصيل من البحرين الى الدمام,AR,Systematic long-tail expansion,Commercial,البحرين,الدمام,طرود صغيرة,البحرين ← الدمام,/bahrain-saudi-gcc-transport/bahrain-to-dammam/,GSC avg position 14.14; page-two growth opportunity,Dedicated bilingual route page exists,Add naturally to the existing bilingual route/airport page and strengthen related internal links and FAQs,Medium; avoid duplicating the paired route or airport page,Improve underperforming existing page,Add naturally to the existing bilingual route/airport page and strengthen related internal links and FAQs,توسعة منهجية لعبارات المسار والخدمة؛ ليست حجم بحث موثق
216,P0,مندوب توصيل من البحرين الى الدوحة,AR,Systematic long-tail expansion,Commercial,البحرين,الدوحة,طرود صغيرة,البحرين ← الدوحة,/bahrain-saudi-gcc-transport/qatar-to-bahrain/,GSC avg position 7.88; page-one winner,Dedicated bilingual route page exists,Leave primary SEO fields and ranking content unchanged; add only small safe conversion support,High; protect existing winner,Protect,Leave primary SEO fields and ranking content unchanged; add only small safe conversion support,توسعة منهجية لعبارات المسار والخدمة؛ ليست حجم بحث موثق
217,P0,مندوب توصيل من البحرين الى الظهران,AR,Systematic long-tail expansion,Commercial,البحرين,الظهران,طرود صغيرة,البحرين ← الظهران,/bahrain-saudi-gcc-transport/dhahran-to-bahrain/,No numeric ranking evidence supplied for this keyword,No exact phrase found; contextual coverage required,Use Dammam/Khobar/Eastern Province coverage first; create a dedicated page only after unique intent and sufficient facts are confirmed,High if split into thin locality pages,Add safely to existing page or evaluate hub,Use Dammam/Khobar/Eastern Province coverage first; create a dedicated page only after unique intent and sufficient facts are confirmed,توسعة منهجية لعبارات المسار والخدمة؛ ليست حجم بحث موثق
218,P0,مندوب توصيل من البحرين الى الكويت,AR,Google Autocomplete — observed,Commercial,,,Observed wording,Route / service cluster,/bahrain-saudi-gcc-transport/,GSC avg position 8.48; page-one winner with CTR opportunity,No exact phrase found; contextual coverage required,Leave primary SEO fields and ranking content unchanged; add only small safe conversion support,High; protect existing winner,Protect,Leave primary SEO fields and ranking content unchanged; add only small safe conversion support,Directly observed in Google Bahrain suggestions on 16 Sep 2026
219,P0,مندوب توصيل من البحرين الى قطر,AR,Google Autocomplete — observed,Commercial,,,Observed wording,Route / service cluster,/bahrain-saudi-gcc-transport/,GSC avg position 7.88; page-one winner,No exact phrase found; contextual coverage required,Leave primary SEO fields and ranking content unchanged; add only small safe conversion support,High; protect existing winner,Protect,Leave primary SEO fields and ranking content unchanged; add only small safe conversion support,Directly observed in Google Bahrain suggestions on 16 Sep 2026
220,P0,مندوب توصيل من البحرين الى مدينة الكويت,AR,Systematic long-tail expansion,Commercial,البحرين,مدينة الكويت,طرود صغيرة,البحرين ← مدينة الكويت,/bahrain-saudi-gcc-transport/kuwait-to-bahrain/,GSC avg position 8.48; page-one winner with CTR opportunity,Dedicated bilingual route page exists,Leave primary SEO fields and ranking content unchanged; add only small safe conversion support,High; protect existing winner,Protect,Leave primary SEO fields and ranking content unchanged; add only small safe conversion support,توسعة منهجية لعبارات المسار والخدمة؛ ليست حجم بحث موثق
221,P0,مندوب توصيل من البحرين الى مطار الدمام,AR,Systematic long-tail expansion,Commercial,البحرين,مطار الدمام,طرود صغيرة,البحرين ← مطار الدمام,/bahrain-saudi-gcc-transport/bahrain-to-dammam-airport/,Covered by route and dedicated airport pages; no separate numeric position supplied,Dedicated bilingual route page exists,Add naturally to the existing bilingual route/airport page and strengthen related internal links and FAQs,Medium; avoid duplicating the paired route or airport page,Improve underperforming existing page,Add naturally to the existing bilingual route/airport page and strengthen related internal links and FAQs,توسعة منهجية لعبارات المسار والخدمة؛ ليست حجم بحث موثق
222,P0,مندوب توصيل من الخبر الى البحرين,AR,Systematic long-tail expansion,Commercial,الخبر,البحرين,طرود صغيرة,الخبر ← البحرين,/bahrain-saudi-gcc-transport/khobar-to-bahrain/,GSC avg position 22.66; authority/ranking gap,Dedicated bilingual route page exists,Add naturally to the existing bilingual route/airport page and strengthen related internal links and FAQs,Medium; avoid duplicating the paired route or airport page,Improve underperforming existing page,Add naturally to the existing bilingual route/airport page and strengthen related internal links and FAQs,توسعة منهجية لعبارات المسار والخدمة؛ ليست حجم بحث موثق
223,P0,مندوب توصيل من الدمام الى البحرين,AR,Systematic long-tail expansion,Commercial,الدمام,البحرين,طرود صغيرة,الدمام ← البحرين,/bahrain-saudi-gcc-transport/dammam-to-bahrain/,GSC avg position 14.14; page-two growth opportunity,Dedicated bilingual route page exists,Add naturally to the existing bilingual route/airport page and strengthen related internal links and FAQs,Medium; avoid duplicating the paired route or airport page,Improve underperforming existing page,Add naturally to the existing bilingual route/airport page and strengthen related internal links and FAQs,توسعة منهجية لعبارات المسار والخدمة؛ ليست حجم بحث موثق
224,P0,مندوب توصيل من الدوحة الى البحرين,AR,Systematic long-tail expansion,Commercial,الدوحة,البحرين,طرود صغيرة,الدوحة ← البحرين,/bahrain-saudi-gcc-transport/bahrain-to-qatar/,GSC avg position 7.88; page-one winner,Dedicated bilingual route page exists,Leave primary SEO fields and ranking content unchanged; add only small safe conversion support,High; protect existing winner,Protect,Leave primary SEO fields and ranking content unchanged; add only small safe conversion support,توسعة منهجية لعبارات المسار والخدمة؛ ليست حجم بحث موثق
225,P0,مندوب توصيل من الظهران الى البحرين,AR,Systematic long-tail expansion,Commercial,الظهران,البحرين,طرود صغيرة,الظهران ← البحرين,/bahrain-saudi-gcc-transport/bahrain-to-dhahran/,No numeric ranking evidence supplied for this keyword,No exact phrase found; contextual coverage required,Use Dammam/Khobar/Eastern Province coverage first; create a dedicated page only after unique intent and sufficient facts are confirmed,High if split into thin locality pages,Add safely to existing page or evaluate hub,Use Dammam/Khobar/Eastern Province coverage first; create a dedicated page only after unique intent and sufficient facts are confirmed,توسعة منهجية لعبارات المسار والخدمة؛ ليست حجم بحث موثق
226,P0,مندوب توصيل من مدينة الكويت الى البحرين,AR,Systematic long-tail expansion,Commercial,مدينة الكويت,البحرين,طرود صغيرة,مدينة الكويت ← البحرين,/bahrain-saudi-gcc-transport/bahrain-to-kuwait/,GSC avg position 8.48; page-one winner with CTR opportunity,Dedicated bilingual route page exists,Leave primary SEO fields and ranking content unchanged; add only small safe conversion support,High; protect existing winner,Protect,Leave primary SEO fields and ranking content unchanged; add only small safe conversion support,توسعة منهجية لعبارات المسار والخدمة؛ ليست حجم بحث موثق
227,P0,مندوب توصيل من مطار الدمام الى البحرين,AR,Systematic long-tail expansion,Commercial,مطار الدمام,البحرين,طرود صغيرة,مطار الدمام ← البحرين,/bahrain-saudi-gcc-transport/dammam-airport-to-bahrain/,Covered by route and dedicated airport pages; no separate numeric position supplied,Dedicated bilingual route page exists,Add naturally to the existing bilingual route/airport page and strengthen related internal links and FAQs,Medium; avoid duplicating the paired route or airport page,Improve underperforming existing page,Add naturally to the existing bilingual route/airport page and strengthen related internal links and FAQs,توسعة منهجية لعبارات المسار والخدمة؛ ليست حجم بحث موثق
228,P0,7 seater from Aramco to Bahrain,EN,Systematic long-tail expansion,Commercial,Aramco,Bahrain,Family/group,Aramco → Bahrain,/bahrain-saudi-gcc-transport/en/aramco-to-bahrain/,No numeric ranking evidence supplied for this keyword,No exact phrase found; contextual coverage required,Use Dammam/Khobar/Eastern Province coverage first; create a dedicated page only after unique intent and sufficient facts are confirmed,High if split into thin locality pages,Add safely to existing page or evaluate hub,Use Dammam/Khobar/Eastern Province coverage first; create a dedicated page only after unique intent and sufficient facts are confirmed,Generated from validated route + service pattern; verify before page creation
229,P0,7 seater from Bahrain to Aramco,EN,Systematic long-tail expansion,Commercial,Bahrain,Aramco,Family/group,Bahrain → Aramco,/bahrain-saudi-gcc-transport/en/bahrain-to-aramco/,No numeric ranking evidence supplied for this keyword,No exact phrase found; contextual coverage required,Use Dammam/Khobar/Eastern Province coverage first; create a dedicated page only after unique intent and sufficient facts are confirmed,High if split into thin locality pages,Add safely to existing page or evaluate hub,Use Dammam/Khobar/Eastern Province coverage first; create a dedicated page only after unique intent and sufficient facts are confirmed,Generated from validated route + service pattern; verify before page creation
230,P0,7 seater from Bahrain to Dammam,EN,Systematic long-tail expansion,Commercial,Bahrain,Dammam,Family/group,Bahrain → Dammam,/bahrain-saudi-gcc-transport/en/bahrain-to-dammam/,GSC avg position 14.14; page-two growth opportunity,Dedicated bilingual route page exists,Add naturally to the existing bilingual route/airport page and strengthen related internal links and FAQs,Medium; avoid duplicating the paired route or airport page,Improve underperforming existing page,Add naturally to the existing bilingual route/airport page and strengthen related internal links and FAQs,Generated from validated route + service pattern; verify before page creation
231,P0,7 seater from Bahrain to Dammam Airport,EN,Systematic long-tail expansion,Commercial,Bahrain,Dammam Airport,Family/group,Bahrain → Dammam Airport,/bahrain-saudi-gcc-transport/en/bahrain-to-dammam-airport/,Covered by route and dedicated airport pages; no separate numeric position supplied,Dedicated bilingual route page exists,Add naturally to the existing bilingual route/airport page and strengthen related internal links and FAQs,Medium; avoid duplicating the paired route or airport page,Improve underperforming existing page,Add naturally to the existing bilingual route/airport page and strengthen related internal links and FAQs,Generated from validated route + service pattern; verify before page creation
232,P0,7 seater from Bahrain to Dhahran,EN,Systematic long-tail expansion,Commercial,Bahrain,Dhahran,Family/group,Bahrain → Dhahran,/bahrain-saudi-gcc-transport/en/bahrain-to-dhahran/,No numeric ranking evidence supplied for this keyword,No exact phrase found; contextual coverage required,Use Dammam/Khobar/Eastern Province coverage first; create a dedicated page only after unique intent and sufficient facts are confirmed,High if split into thin locality pages,Add safely to existing page or evaluate hub,Use Dammam/Khobar/Eastern Province coverage first; create a dedicated page only after unique intent and sufficient facts are confirmed,Generated from validated route + service pattern; verify before page creation
233,P0,7 seater from Bahrain to Doha,EN,Systematic long-tail expansion,Commercial,Bahrain,Doha,Family/group,Bahrain → Doha,/bahrain-saudi-gcc-transport/en/bahrain-to-qatar/,GSC avg position 7.88; page-one winner,Dedicated bilingual route page exists,Leave primary SEO fields and ranking content unchanged; add only small safe conversion support,High; protect existing winner,Protect,Leave primary SEO fields and ranking content unchanged; add only small safe conversion support,Generated from validated route + service pattern; verify before page creation
234,P0,7 seater from Bahrain to Khobar,EN,Systematic long-tail expansion,Commercial,Bahrain,Khobar,Family/group,Bahrain → Khobar,/bahrain-saudi-gcc-transport/en/bahrain-to-khobar/,GSC avg position 22.66; authority/ranking gap,Dedicated bilingual route page exists,Add naturally to the existing bilingual route/airport page and strengthen related internal links and FAQs,Medium; avoid duplicating the paired route or airport page,Improve underperforming existing page,Add naturally to the existing bilingual route/airport page and strengthen related internal links and FAQs,Generated from validated route + service pattern; verify before page creation
235,P0,7 seater from Bahrain to Kuwait City,EN,Systematic long-tail expansion,Commercial,Bahrain,Kuwait City,Family/group,Bahrain → Kuwait City,/bahrain-saudi-gcc-transport/en/bahrain-to-kuwait/,GSC avg position 8.48; page-one winner with CTR opportunity,Dedicated bilingual route page exists,Leave primary SEO fields and ranking content unchanged; add only small safe conversion support,High; protect existing winner,Protect,Leave primary SEO fields and ranking content unchanged; add only small safe conversion support,Generated from validated route + service pattern; verify before page creation
236,P0,7 seater from Dammam Airport to Bahrain,EN,Systematic long-tail expansion,Commercial,Dammam Airport,Bahrain,Family/group,Dammam Airport → Bahrain,/bahrain-saudi-gcc-transport/en/dammam-airport-to-bahrain/,Covered by route and dedicated airport pages; no separate numeric position supplied,Dedicated bilingual route page exists,Add naturally to the existing bilingual route/airport page and strengthen related internal links and FAQs,Medium; avoid duplicating the paired route or airport page,Improve underperforming existing page,Add naturally to the existing bilingual route/airport page and strengthen related internal links and FAQs,Generated from validated route + service pattern; verify before page creation
237,P0,7 seater from Dammam to Bahrain,EN,Systematic long-tail expansion,Commercial,Dammam,Bahrain,Family/group,Dammam → Bahrain,/bahrain-saudi-gcc-transport/en/dammam-to-bahrain/,GSC avg position 14.14; page-two growth opportunity,Dedicated bilingual route page exists,Add naturally to the existing bilingual route/airport page and strengthen related internal links and FAQs,Medium; avoid duplicating the paired route or airport page,Improve underperforming existing page,Add naturally to the existing bilingual route/airport page and strengthen related internal links and FAQs,Generated from validated route + service pattern; verify before page creation
238,P0,7 seater from Dhahran to Bahrain,EN,Systematic long-tail expansion,Commercial,Dhahran,Bahrain,Family/group,Dhahran → Bahrain,/bahrain-saudi-gcc-transport/en/dhahran-to-bahrain/,No numeric ranking evidence supplied for this keyword,No exact phrase found; contextual coverage required,Use Dammam/Khobar/Eastern Province coverage first; create a dedicated page only after unique intent and sufficient facts are confirmed,High if split into thin locality pages,Add safely to existing page or evaluate hub,Use Dammam/Khobar/Eastern Province coverage first; create a dedicated page only after unique intent and sufficient facts are confirmed,Generated from validated route + service pattern; verify before page creation
239,P0,7 seater from Doha to Bahrain,EN,Systematic long-tail expansion,Commercial,Doha,Bahrain,Family/group,Doha → Bahrain,/bahrain-saudi-gcc-transport/en/qatar-to-bahrain/,GSC avg position 7.88; page-one winner,Dedicated bilingual route page exists,Leave primary SEO fields and ranking content unchanged; add only small safe conversion support,High; protect existing winner,Protect,Leave primary SEO fields and ranking content unchanged; add only small safe conversion support,Generated from validated route + service pattern; verify before page creation
240,P0,7 seater from Khobar to Bahrain,EN,Systematic long-tail expansion,Commercial,Khobar,Bahrain,Family/group,Khobar → Bahrain,/bahrain-saudi-gcc-transport/en/khobar-to-bahrain/,GSC avg position 22.66; authority/ranking gap,Dedicated bilingual route page exists,Add naturally to the existing bilingual route/airport page and strengthen related internal links and FAQs,Medium; avoid duplicating the paired route or airport page,Improve underperforming existing page,Add naturally to the existing bilingual route/airport page and strengthen related internal links and FAQs,Generated from validated route + service pattern; verify before page creation
241,P0,7 seater from Kuwait City to Bahrain,EN,Systematic long-tail expansion,Commercial,Kuwait City,Bahrain,Family/group,Kuwait City → Bahrain,/bahrain-saudi-gcc-transport/en/kuwait-to-bahrain/,GSC avg position 8.48; page-one winner with CTR opportunity,Dedicated bilingual route page exists,Leave primary SEO fields and ranking content unchanged; add only small safe conversion support,High; protect existing winner,Protect,Leave primary SEO fields and ranking content unchanged; add only small safe conversion support,Generated from validated route + service pattern; verify before page creation
242,P0,Aramco to Bahrain by car,EN,Systematic long-tail expansion,Informational,Aramco,Bahrain,Driving,Aramco → Bahrain,/bahrain-saudi-gcc-transport/en/aramco-to-bahrain/,No numeric ranking evidence supplied for this keyword,No exact phrase found; contextual coverage required,Use Dammam/Khobar/Eastern Province coverage first; create a dedicated page only after unique intent and sufficient facts are confirmed,High if split into thin locality pages,Add safely to existing page or evaluate hub,Use Dammam/Khobar/Eastern Province coverage first; create a dedicated page only after unique intent and sufficient facts are confirmed,Generated from validated route + service pattern; verify before page creation
243,P0,Aramco to Bahrain distance by road,EN,Systematic long-tail expansion,Informational,Aramco,Bahrain,Distance,Aramco → Bahrain,/bahrain-saudi-gcc-transport/en/aramco-to-bahrain/,No numeric ranking evidence supplied for this keyword,No exact phrase found; contextual coverage required,Use Dammam/Khobar/Eastern Province coverage first; create a dedicated page only after unique intent and sufficient facts are confirmed,High if split into thin locality pages,Add safely to existing page or evaluate hub,Use Dammam/Khobar/Eastern Province coverage first; create a dedicated page only after unique intent and sufficient facts are confirmed,Generated from validated route + service pattern; verify before page creation
244,P0,Aramco to Bahrain taxi price,EN,Systematic long-tail expansion,Price,Aramco,Bahrain,Pricing,Aramco → Bahrain,/bahrain-saudi-gcc-transport/en/aramco-to-bahrain/,No numeric ranking evidence supplied for this keyword,No exact phrase found; contextual coverage required,Use Dammam/Khobar/Eastern Province coverage first; create a dedicated page only after unique intent and sufficient facts are confirmed,High if split into thin locality pages,Add safely to existing page or evaluate hub,Use Dammam/Khobar/Eastern Province coverage first; create a dedicated page only after unique intent and sufficient facts are confirmed,Generated from validated route + service pattern; verify before page creation
245,P0,Aramco to Bahrain transfer,EN,Systematic long-tail expansion,Commercial,Aramco,Bahrain,Transfer,Aramco → Bahrain,/bahrain-saudi-gcc-transport/en/aramco-to-bahrain/,No numeric ranking evidence supplied for this keyword,No exact phrase found; contextual coverage required,Use Dammam/Khobar/Eastern Province coverage first; create a dedicated page only after unique intent and sufficient facts are confirmed,High if split into thin locality pages,Add safely to existing page or evaluate hub,Use Dammam/Khobar/Eastern Province coverage first; create a dedicated page only after unique intent and sufficient facts are confirmed,Generated from validated route + service pattern; verify before page creation
246,P0,Aramco to Bahrain transport,EN,Systematic long-tail expansion,Commercial,Aramco,Bahrain,Transport,Aramco → Bahrain,/bahrain-saudi-gcc-transport/en/aramco-to-bahrain/,No numeric ranking evidence supplied for this keyword,No exact phrase found; contextual coverage required,Use Dammam/Khobar/Eastern Province coverage first; create a dedicated page only after unique intent and sufficient facts are confirmed,High if split into thin locality pages,Add safely to existing page or evaluate hub,Use Dammam/Khobar/Eastern Province coverage first; create a dedicated page only after unique intent and sufficient facts are confirmed,Generated from validated route + service pattern; verify before page creation
247,P0,bahrain to al khobar bridge,EN,Google Autocomplete — observed,Mixed,,,Observed wording,Route / service cluster,/bahrain-saudi-gcc-transport/en/bahrain-to-khobar/,GSC avg position 22.66; authority/ranking gap,No exact phrase found; contextual coverage required,Add naturally to the existing bilingual route/airport page and strengthen related internal links and FAQs,Medium; avoid duplicating the paired route or airport page,Improve underperforming existing page,Add naturally to the existing bilingual route/airport page and strengthen related internal links and FAQs,Directly observed in Google Bahrain suggestions on 16 Sep 2026
248,P0,Bahrain to Aramco by car,EN,Systematic long-tail expansion,Informational,Bahrain,Aramco,Driving,Bahrain → Aramco,/bahrain-saudi-gcc-transport/en/bahrain-to-aramco/,No numeric ranking evidence supplied for this keyword,No exact phrase found; contextual coverage required,Use Dammam/Khobar/Eastern Province coverage first; create a dedicated page only after unique intent and sufficient facts are confirmed,High if split into thin locality pages,Add safely to existing page or evaluate hub,Use Dammam/Khobar/Eastern Province coverage first; create a dedicated page only after unique intent and sufficient facts are confirmed,Generated from validated route + service pattern; verify before page creation
249,P0,Bahrain to Aramco distance by road,EN,Systematic long-tail expansion,Informational,Bahrain,Aramco,Distance,Bahrain → Aramco,/bahrain-saudi-gcc-transport/en/bahrain-to-aramco/,No numeric ranking evidence supplied for this keyword,No exact phrase found; contextual coverage required,Use Dammam/Khobar/Eastern Province coverage first; create a dedicated page only after unique intent and sufficient facts are confirmed,High if split into thin locality pages,Add safely to existing page or evaluate hub,Use Dammam/Khobar/Eastern Province coverage first; create a dedicated page only after unique intent and sufficient facts are confirmed,Generated from validated route + service pattern; verify before page creation
250,P0,Bahrain to Aramco taxi price,EN,Systematic long-tail expansion,Price,Bahrain,Aramco,Pricing,Bahrain → Aramco,/bahrain-saudi-gcc-transport/en/bahrain-to-aramco/,No numeric ranking evidence supplied for this keyword,No exact phrase found; contextual coverage required,Use Dammam/Khobar/Eastern Province coverage first; create a dedicated page only after unique intent and sufficient facts are confirmed,High if split into thin locality pages,Add safely to existing page or evaluate hub,Use Dammam/Khobar/Eastern Province coverage first; create a dedicated page only after unique intent and sufficient facts are confirmed,Generated from validated route + service pattern; verify before page creation
251,P0,Bahrain to Aramco transfer,EN,Systematic long-tail expansion,Commercial,Bahrain,Aramco,Transfer,Bahrain → Aramco,/bahrain-saudi-gcc-transport/en/bahrain-to-aramco/,No numeric ranking evidence supplied for this keyword,No exact phrase found; contextual coverage required,Use Dammam/Khobar/Eastern Province coverage first; create a dedicated page only after unique intent and sufficient facts are confirmed,High if split into thin locality pages,Add safely to existing page or evaluate hub,Use Dammam/Khobar/Eastern Province coverage first; create a dedicated page only after unique intent and sufficient facts are confirmed,Generated from validated route + service pattern; verify before page creation
252,P0,Bahrain to Aramco transport,EN,Systematic long-tail expansion,Commercial,Bahrain,Aramco,Transport,Bahrain → Aramco,/bahrain-saudi-gcc-transport/en/bahrain-to-aramco/,No numeric ranking evidence supplied for this keyword,No exact phrase found; contextual coverage required,Use Dammam/Khobar/Eastern Province coverage first; create a dedicated page only after unique intent and sufficient facts are confirmed,High if split into thin locality pages,Add safely to existing page or evaluate hub,Use Dammam/Khobar/Eastern Province coverage first; create a dedicated page only after unique intent and sufficient facts are confirmed,Generated from validated route + service pattern; verify before page creation
253,P0,bahrain to dammam,EN,Google Autocomplete — observed,Mixed,,,Observed wording,Route / service cluster,/bahrain-saudi-gcc-transport/en/bahrain-to-dammam/,GSC avg position 14.14; page-two growth opportunity,Exact keyword phrase appears in existing site content,Add naturally to the existing bilingual route/airport page and strengthen related internal links and FAQs,Medium; avoid duplicating the paired route or airport page,Improve underperforming existing page,Add naturally to the existing bilingual route/airport page and strengthen related internal links and FAQs,Directly observed in Google Bahrain suggestions on 16 Sep 2026
254,P0,bahrain to dammam airport,EN,Google Autocomplete — observed,Mixed,,,Observed wording,Route / service cluster,/bahrain-saudi-gcc-transport/en/bahrain-to-dammam-airport/,Covered by route and dedicated airport pages; no separate numeric position supplied,Exact keyword phrase appears in existing site content,Add naturally to the existing bilingual route/airport page and strengthen related internal links and FAQs,Medium; avoid duplicating the paired route or airport page,Improve underperforming existing page,Add naturally to the existing bilingual route/airport page and strengthen related internal links and FAQs,Directly observed in Google Bahrain suggestions on 16 Sep 2026
255,P0,bahrain to dammam airport bus,EN,Google Autocomplete — observed,Informational,,,Observed wording,Route / service cluster,/bahrain-saudi-gcc-transport/en/bahrain-to-dammam-airport/,Covered by route and dedicated airport pages; no separate numeric position supplied,No exact phrase found; contextual coverage required,Do not target as a service page; use only in a factual comparison FAQ if justified,Low; exclusion avoids irrelevant traffic and cannibalization,Ignore: not a Vendora primary service,Do not target as a service page; use only in a factual comparison FAQ if justified,Directly observed in Google Bahrain suggestions on 16 Sep 2026
256,P0,Bahrain to Dammam Airport by car,EN,Systematic long-tail expansion,Informational,Bahrain,Dammam Airport,Driving,Bahrain → Dammam Airport,/bahrain-saudi-gcc-transport/en/bahrain-to-dammam-airport/,Covered by route and dedicated airport pages; no separate numeric position supplied,Dedicated bilingual route page exists,Add naturally to the existing bilingual route/airport page and strengthen related internal links and FAQs,Medium; avoid duplicating the paired route or airport page,Improve underperforming existing page,Add naturally to the existing bilingual route/airport page and strengthen related internal links and FAQs,Generated from validated route + service pattern; verify before page creation
257,P0,bahrain to dammam airport by road,EN,Google Autocomplete — observed,Informational,,,Observed wording,Route / service cluster,/bahrain-saudi-gcc-transport/en/bahrain-to-dammam-airport/,Covered by route and dedicated airport pages; no separate numeric position supplied,No exact phrase found; contextual coverage required,Add naturally to the existing bilingual route/airport page and strengthen related internal links and FAQs,Medium; avoid duplicating the paired route or airport page,Improve underperforming existing page,Add naturally to the existing bilingual route/airport page and strengthen related internal links and FAQs,Directly observed in Google Bahrain suggestions on 16 Sep 2026
258,P0,bahrain to dammam airport distance,EN,Google Autocomplete — observed,Informational,,,Observed wording,Route / service cluster,/bahrain-saudi-gcc-transport/en/bahrain-to-dammam-airport/,Covered by route and dedicated airport pages; no separate numeric position supplied,No exact phrase found; contextual coverage required,Add naturally to the existing bilingual route/airport page and strengthen related internal links and FAQs,Medium; avoid duplicating the paired route or airport page,Improve underperforming existing page,Add naturally to the existing bilingual route/airport page and strengthen related internal links and FAQs,Directly observed in Google Bahrain suggestions on 16 Sep 2026
259,P0,Bahrain to Dammam Airport distance by road,EN,Systematic long-tail expansion,Informational,Bahrain,Dammam Airport,Distance,Bahrain → Dammam Airport,/bahrain-saudi-gcc-transport/en/bahrain-to-dammam-airport/,Covered by route and dedicated airport pages; no separate numeric position supplied,Dedicated bilingual route page exists,Add naturally to the existing bilingual route/airport page and strengthen related internal links and FAQs,Medium; avoid duplicating the paired route or airport page,Improve underperforming existing page,Add naturally to the existing bilingual route/airport page and strengthen related internal links and FAQs,Generated from validated route + service pattern; verify before page creation
260,P0,bahrain to dammam airport km,EN,Google Autocomplete — observed,Informational,,,Observed wording,Route / service cluster,/bahrain-saudi-gcc-transport/en/bahrain-to-dammam-airport/,Covered by route and dedicated airport pages; no separate numeric position supplied,No exact phrase found; contextual coverage required,Add naturally to the existing bilingual route/airport page and strengthen related internal links and FAQs,Medium; avoid duplicating the paired route or airport page,Improve underperforming existing page,Add naturally to the existing bilingual route/airport page and strengthen related internal links and FAQs,Directly observed in Google Bahrain suggestions on 16 Sep 2026
261,P0,bahrain to dammam airport taxi,EN,Google Autocomplete — observed,Commercial,,,Observed wording,Route / service cluster,/bahrain-saudi-gcc-transport/en/bahrain-to-dammam-airport/,Covered by route and dedicated airport pages; no separate numeric position supplied,No exact phrase found; contextual coverage required,Add naturally to the existing bilingual route/airport page and strengthen related internal links and FAQs,Medium; avoid duplicating the paired route or airport page,Improve underperforming existing page,Add naturally to the existing bilingual route/airport page and strengthen related internal links and FAQs,Directly observed in Google Bahrain suggestions on 16 Sep 2026
262,P0,bahrain to dammam airport taxi fare,EN,Google Autocomplete — observed,Commercial,,,Observed wording,Route / service cluster,/bahrain-saudi-gcc-transport/en/bahrain-to-dammam-airport/,Covered by route and dedicated airport pages; no separate numeric position supplied,No exact phrase found; contextual coverage required,Add naturally to the existing bilingual route/airport page and strengthen related internal links and FAQs,Medium; avoid duplicating the paired route or airport page,Improve underperforming existing page,Add naturally to the existing bilingual route/airport page and strengthen related internal links and FAQs,Directly observed in Google Bahrain suggestions on 16 Sep 2026
263,P0,Bahrain to Dammam Airport taxi price,EN,Systematic long-tail expansion,Price,Bahrain,Dammam Airport,Pricing,Bahrain → Dammam Airport,/bahrain-saudi-gcc-transport/en/bahrain-to-dammam-airport/,Covered by route and dedicated airport pages; no separate numeric position supplied,Dedicated bilingual route page exists,Add naturally to the existing bilingual route/airport page and strengthen related internal links and FAQs,Medium; avoid duplicating the paired route or airport page,Improve underperforming existing page,Add naturally to the existing bilingual route/airport page and strengthen related internal links and FAQs,Generated from validated route + service pattern; verify before page creation
264,P0,Bahrain to Dammam Airport transfer,EN,Systematic long-tail expansion,Commercial,Bahrain,Dammam Airport,Transfer,Bahrain → Dammam Airport,/bahrain-saudi-gcc-transport/en/bahrain-to-dammam-airport/,Covered by route and dedicated airport pages; no separate numeric position supplied,Dedicated bilingual route page exists,Add naturally to the existing bilingual route/airport page and strengthen related internal links and FAQs,Medium; avoid duplicating the paired route or airport page,Improve underperforming existing page,Add naturally to the existing bilingual route/airport page and strengthen related internal links and FAQs,Generated from validated route + service pattern; verify before page creation
265,P0,bahrain to dammam airport transport,EN,Google Autocomplete — observed,Commercial,,,Observed wording,Route / service cluster,/bahrain-saudi-gcc-transport/en/bahrain-to-dammam-airport/,Covered by route and dedicated airport pages; no separate numeric position supplied,No exact phrase found; contextual coverage required,Add naturally to the existing bilingual route/airport page and strengthen related internal links and FAQs,Medium; avoid duplicating the paired route or airport page,Improve underperforming existing page,Add naturally to the existing bilingual route/airport page and strengthen related internal links and FAQs,Directly observed in Google Bahrain suggestions on 16 Sep 2026
266,P0,bahrain to dammam bus,EN,Google Autocomplete — observed,Informational,,,Observed wording,Route / service cluster,/bahrain-saudi-gcc-transport/en/bahrain-to-dammam/,GSC avg position 14.14; page-two growth opportunity,No exact phrase found; contextual coverage required,Do not target as a service page; use only in a factual comparison FAQ if justified,Low; exclusion avoids irrelevant traffic and cannibalization,Ignore: not a Vendora primary service,Do not target as a service page; use only in a factual comparison FAQ if justified,Directly observed in Google Bahrain suggestions on 16 Sep 2026
267,P0,bahrain to dammam bus ticket price,EN,Google Autocomplete — observed,Informational,,,Observed wording,Route / service cluster,/bahrain-saudi-gcc-transport/en/bahrain-to-dammam/,GSC avg position 14.14; page-two growth opportunity,No exact phrase found; contextual coverage required,Do not target as a service page; use only in a factual comparison FAQ if justified,Low; exclusion avoids irrelevant traffic and cannibalization,Ignore: not a Vendora primary service,Do not target as a service page; use only in a factual comparison FAQ if justified,Directly observed in Google Bahrain suggestions on 16 Sep 2026
268,P0,Bahrain to Dammam by car,EN,Systematic long-tail expansion,Informational,Bahrain,Dammam,Driving,Bahrain → Dammam,/bahrain-saudi-gcc-transport/en/bahrain-to-dammam/,GSC avg position 14.14; page-two growth opportunity,Dedicated bilingual route page exists,Add naturally to the existing bilingual route/airport page and strengthen related internal links and FAQs,Medium; avoid duplicating the paired route or airport page,Improve underperforming existing page,Add naturally to the existing bilingual route/airport page and strengthen related internal links and FAQs,Generated from validated route + service pattern; verify before page creation
269,P0,bahrain to dammam by road,EN,Google Autocomplete — observed,Informational,,,Observed wording,Route / service cluster,/bahrain-saudi-gcc-transport/en/bahrain-to-dammam/,GSC avg position 14.14; page-two growth opportunity,No exact phrase found; contextual coverage required,Add naturally to the existing bilingual route/airport page and strengthen related internal links and FAQs,Medium; avoid duplicating the paired route or airport page,Improve underperforming existing page,Add naturally to the existing bilingual route/airport page and strengthen related internal links and FAQs,Directly observed in Google Bahrain suggestions on 16 Sep 2026
270,P0,bahrain to dammam distance,EN,Google Autocomplete — observed,Informational,,,Observed wording,Route / service cluster,/bahrain-saudi-gcc-transport/en/bahrain-to-dammam/,GSC avg position 14.14; page-two growth opportunity,No exact phrase found; contextual coverage required,Add naturally to the existing bilingual route/airport page and strengthen related internal links and FAQs,Medium; avoid duplicating the paired route or airport page,Improve underperforming existing page,Add naturally to the existing bilingual route/airport page and strengthen related internal links and FAQs,Directly observed in Google Bahrain suggestions on 16 Sep 2026
271,P0,Bahrain to Dammam distance by road,EN,Systematic long-tail expansion,Informational,Bahrain,Dammam,Distance,Bahrain → Dammam,/bahrain-saudi-gcc-transport/en/bahrain-to-dammam/,GSC avg position 14.14; page-two growth opportunity,Dedicated bilingual route page exists,Add naturally to the existing bilingual route/airport page and strengthen related internal links and FAQs,Medium; avoid duplicating the paired route or airport page,Improve underperforming existing page,Add naturally to the existing bilingual route/airport page and strengthen related internal links and FAQs,Generated from validated route + service pattern; verify before page creation
272,P0,bahrain to dammam taxi,EN,Google Autocomplete — observed,Commercial,,,Observed wording,Route / service cluster,/bahrain-saudi-gcc-transport/en/bahrain-to-dammam/,GSC avg position 14.14; page-two growth opportunity,Exact keyword phrase appears in existing site content,Add naturally to the existing bilingual route/airport page and strengthen related internal links and FAQs,Medium; avoid duplicating the paired route or airport page,Improve underperforming existing page,Add naturally to the existing bilingual route/airport page and strengthen related internal links and FAQs,Directly observed in Google Bahrain suggestions on 16 Sep 2026
273,P0,Bahrain to Dammam taxi price,EN,Systematic long-tail expansion,Price,Bahrain,Dammam,Pricing,Bahrain → Dammam,/bahrain-saudi-gcc-transport/en/bahrain-to-dammam/,GSC avg position 14.14; page-two growth opportunity,Dedicated bilingual route page exists,Add naturally to the existing bilingual route/airport page and strengthen related internal links and FAQs,Medium; avoid duplicating the paired route or airport page,Improve underperforming existing page,Add naturally to the existing bilingual route/airport page and strengthen related internal links and FAQs,Generated from validated route + service pattern; verify before page creation
274,P0,Bahrain to Dammam transfer,EN,Systematic long-tail expansion,Commercial,Bahrain,Dammam,Transfer,Bahrain → Dammam,/bahrain-saudi-gcc-transport/en/bahrain-to-dammam/,GSC avg position 14.14; page-two growth opportunity,Dedicated bilingual route page exists,Add naturally to the existing bilingual route/airport page and strengthen related internal links and FAQs,Medium; avoid duplicating the paired route or airport page,Improve underperforming existing page,Add naturally to the existing bilingual route/airport page and strengthen related internal links and FAQs,Generated from validated route + service pattern; verify before page creation
275,P0,Bahrain to Dammam transport,EN,Systematic long-tail expansion,Commercial,Bahrain,Dammam,Transport,Bahrain → Dammam,/bahrain-saudi-gcc-transport/en/bahrain-to-dammam/,GSC avg position 14.14; page-two growth opportunity,Dedicated bilingual route page exists,Add naturally to the existing bilingual route/airport page and strengthen related internal links and FAQs,Medium; avoid duplicating the paired route or airport page,Improve underperforming existing page,Add naturally to the existing bilingual route/airport page and strengthen related internal links and FAQs,Generated from validated route + service pattern; verify before page creation
276,P0,Bahrain to Dhahran by car,EN,Systematic long-tail expansion,Informational,Bahrain,Dhahran,Driving,Bahrain → Dhahran,/bahrain-saudi-gcc-transport/en/bahrain-to-dhahran/,No numeric ranking evidence supplied for this keyword,No exact phrase found; contextual coverage required,Use Dammam/Khobar/Eastern Province coverage first; create a dedicated page only after unique intent and sufficient facts are confirmed,High if split into thin locality pages,Add safely to existing page or evaluate hub,Use Dammam/Khobar/Eastern Province coverage first; create a dedicated page only after unique intent and sufficient facts are confirmed,Generated from validated route + service pattern; verify before page creation
277,P0,Bahrain to Dhahran distance by road,EN,Systematic long-tail expansion,Informational,Bahrain,Dhahran,Distance,Bahrain → Dhahran,/bahrain-saudi-gcc-transport/en/bahrain-to-dhahran/,No numeric ranking evidence supplied for this keyword,No exact phrase found; contextual coverage required,Use Dammam/Khobar/Eastern Province coverage first; create a dedicated page only after unique intent and sufficient facts are confirmed,High if split into thin locality pages,Add safely to existing page or evaluate hub,Use Dammam/Khobar/Eastern Province coverage first; create a dedicated page only after unique intent and sufficient facts are confirmed,Generated from validated route + service pattern; verify before page creation
278,P0,Bahrain to Dhahran taxi price,EN,Systematic long-tail expansion,Price,Bahrain,Dhahran,Pricing,Bahrain → Dhahran,/bahrain-saudi-gcc-transport/en/bahrain-to-dhahran/,No numeric ranking evidence supplied for this keyword,No exact phrase found; contextual coverage required,Use Dammam/Khobar/Eastern Province coverage first; create a dedicated page only after unique intent and sufficient facts are confirmed,High if split into thin locality pages,Add safely to existing page or evaluate hub,Use Dammam/Khobar/Eastern Province coverage first; create a dedicated page only after unique intent and sufficient facts are confirmed,Generated from validated route + service pattern; verify before page creation
279,P0,Bahrain to Dhahran transfer,EN,Systematic long-tail expansion,Commercial,Bahrain,Dhahran,Transfer,Bahrain → Dhahran,/bahrain-saudi-gcc-transport/en/bahrain-to-dhahran/,No numeric ranking evidence supplied for this keyword,No exact phrase found; contextual coverage required,Use Dammam/Khobar/Eastern Province coverage first; create a dedicated page only after unique intent and sufficient facts are confirmed,High if split into thin locality pages,Add safely to existing page or evaluate hub,Use Dammam/Khobar/Eastern Province coverage first; create a dedicated page only after unique intent and sufficient facts are confirmed,Generated from validated route + service pattern; verify before page creation
280,P0,Bahrain to Dhahran transport,EN,Systematic long-tail expansion,Commercial,Bahrain,Dhahran,Transport,Bahrain → Dhahran,/bahrain-saudi-gcc-transport/en/bahrain-to-dhahran/,No numeric ranking evidence supplied for this keyword,No exact phrase found; contextual coverage required,Use Dammam/Khobar/Eastern Province coverage first; create a dedicated page only after unique intent and sufficient facts are confirmed,High if split into thin locality pages,Add safely to existing page or evaluate hub,Use Dammam/Khobar/Eastern Province coverage first; create a dedicated page only after unique intent and sufficient facts are confirmed,Generated from validated route + service pattern; verify before page creation
281,P0,Bahrain to Doha by car,EN,Systematic long-tail expansion,Informational,Bahrain,Doha,Driving,Bahrain → Doha,/bahrain-saudi-gcc-transport/en/bahrain-to-qatar/,GSC avg position 7.88; page-one winner,Dedicated bilingual route page exists,Leave primary SEO fields and ranking content unchanged; add only small safe conversion support,High; protect existing winner,Protect,Leave primary SEO fields and ranking content unchanged; add only small safe conversion support,Generated from validated route + service pattern; verify before page creation
282,P0,Bahrain to Doha distance by road,EN,Systematic long-tail expansion,Informational,Bahrain,Doha,Distance,Bahrain → Doha,/bahrain-saudi-gcc-transport/en/bahrain-to-qatar/,GSC avg position 7.88; page-one winner,Dedicated bilingual route page exists,Leave primary SEO fields and ranking content unchanged; add only small safe conversion support,High; protect existing winner,Protect,Leave primary SEO fields and ranking content unchanged; add only small safe conversion support,Generated from validated route + service pattern; verify before page creation
283,P0,Bahrain to Doha taxi price,EN,Systematic long-tail expansion,Price,Bahrain,Doha,Pricing,Bahrain → Doha,/bahrain-saudi-gcc-transport/en/bahrain-to-qatar/,GSC avg position 7.88; page-one winner,Dedicated bilingual route page exists,Leave primary SEO fields and ranking content unchanged; add only small safe conversion support,High; protect existing winner,Protect,Leave primary SEO fields and ranking content unchanged; add only small safe conversion support,Generated from validated route + service pattern; verify before page creation
284,P0,Bahrain to Doha transfer,EN,Systematic long-tail expansion,Commercial,Bahrain,Doha,Transfer,Bahrain → Doha,/bahrain-saudi-gcc-transport/en/bahrain-to-qatar/,GSC avg position 7.88; page-one winner,Dedicated bilingual route page exists,Leave primary SEO fields and ranking content unchanged; add only small safe conversion support,High; protect existing winner,Protect,Leave primary SEO fields and ranking content unchanged; add only small safe conversion support,Generated from validated route + service pattern; verify before page creation
285,P0,Bahrain to Doha transport,EN,Systematic long-tail expansion,Commercial,Bahrain,Doha,Transport,Bahrain → Doha,/bahrain-saudi-gcc-transport/en/bahrain-to-qatar/,GSC avg position 7.88; page-one winner,Dedicated bilingual route page exists,Leave primary SEO fields and ranking content unchanged; add only small safe conversion support,High; protect existing winner,Protect,Leave primary SEO fields and ranking content unchanged; add only small safe conversion support,Generated from validated route + service pattern; verify before page creation
286,P0,bahrain to khobar,EN,Google Autocomplete — observed,Mixed,,,Observed wording,Route / service cluster,/bahrain-saudi-gcc-transport/en/bahrain-to-khobar/,GSC avg position 22.66; authority/ranking gap,Exact keyword phrase appears in existing site content,Add naturally to the existing bilingual route/airport page and strengthen related internal links and FAQs,Medium; avoid duplicating the paired route or airport page,Improve underperforming existing page,Add naturally to the existing bilingual route/airport page and strengthen related internal links and FAQs,Directly observed in Google Bahrain suggestions on 16 Sep 2026
287,P0,bahrain to khobar bus,EN,Google Autocomplete — observed,Informational,,,Observed wording,Route / service cluster,/bahrain-saudi-gcc-transport/en/bahrain-to-khobar/,GSC avg position 22.66; authority/ranking gap,No exact phrase found; contextual coverage required,Do not target as a service page; use only in a factual comparison FAQ if justified,Low; exclusion avoids irrelevant traffic and cannibalization,Ignore: not a Vendora primary service,Do not target as a service page; use only in a factual comparison FAQ if justified,Directly observed in Google Bahrain suggestions on 16 Sep 2026
288,P0,bahrain to khobar bus timing,EN,Google Autocomplete — observed,Informational,,,Observed wording,Route / service cluster,/bahrain-saudi-gcc-transport/en/bahrain-to-khobar/,GSC avg position 22.66; authority/ranking gap,No exact phrase found; contextual coverage required,Do not target as a service page; use only in a factual comparison FAQ if justified,Low; exclusion avoids irrelevant traffic and cannibalization,Ignore: not a Vendora primary service,Do not target as a service page; use only in a factual comparison FAQ if justified,Directly observed in Google Bahrain suggestions on 16 Sep 2026
289,P0,Bahrain to Khobar by car,EN,Systematic long-tail expansion,Informational,Bahrain,Khobar,Driving,Bahrain → Khobar,/bahrain-saudi-gcc-transport/en/bahrain-to-khobar/,GSC avg position 22.66; authority/ranking gap,Dedicated bilingual route page exists,Add naturally to the existing bilingual route/airport page and strengthen related internal links and FAQs,Medium; avoid duplicating the paired route or airport page,Improve underperforming existing page,Add naturally to the existing bilingual route/airport page and strengthen related internal links and FAQs,Generated from validated route + service pattern; verify before page creation
290,P0,bahrain to khobar by road,EN,Google Autocomplete — observed,Informational,,,Observed wording,Route / service cluster,/bahrain-saudi-gcc-transport/en/bahrain-to-khobar/,GSC avg position 22.66; authority/ranking gap,No exact phrase found; contextual coverage required,Add naturally to the existing bilingual route/airport page and strengthen related internal links and FAQs,Medium; avoid duplicating the paired route or airport page,Improve underperforming existing page,Add naturally to the existing bilingual route/airport page and strengthen related internal links and FAQs,Directly observed in Google Bahrain suggestions on 16 Sep 2026
291,P0,bahrain to khobar distance,EN,Google Autocomplete — observed,Informational,,,Observed wording,Route / service cluster,/bahrain-saudi-gcc-transport/en/bahrain-to-khobar/,GSC avg position 22.66; authority/ranking gap,No exact phrase found; contextual coverage required,Add naturally to the existing bilingual route/airport page and strengthen related internal links and FAQs,Medium; avoid duplicating the paired route or airport page,Improve underperforming existing page,Add naturally to the existing bilingual route/airport page and strengthen related internal links and FAQs,Directly observed in Google Bahrain suggestions on 16 Sep 2026
292,P0,Bahrain to Khobar distance by road,EN,Systematic long-tail expansion,Informational,Bahrain,Khobar,Distance,Bahrain → Khobar,/bahrain-saudi-gcc-transport/en/bahrain-to-khobar/,GSC avg position 22.66; authority/ranking gap,Dedicated bilingual route page exists,Add naturally to the existing bilingual route/airport page and strengthen related internal links and FAQs,Medium; avoid duplicating the paired route or airport page,Improve underperforming existing page,Add naturally to the existing bilingual route/airport page and strengthen related internal links and FAQs,Generated from validated route + service pattern; verify before page creation
293,P0,bahrain to khobar taxi,EN,Google Autocomplete — observed,Commercial,,,Observed wording,Route / service cluster,/bahrain-saudi-gcc-transport/en/bahrain-to-khobar/,GSC avg position 22.66; authority/ranking gap,Exact keyword phrase appears in existing site content,Add naturally to the existing bilingual route/airport page and strengthen related internal links and FAQs,Medium; avoid duplicating the paired route or airport page,Improve underperforming existing page,Add naturally to the existing bilingual route/airport page and strengthen related internal links and FAQs,Directly observed in Google Bahrain suggestions on 16 Sep 2026
294,P0,Bahrain to Khobar taxi price,EN,Systematic long-tail expansion,Price,Bahrain,Khobar,Pricing,Bahrain → Khobar,/bahrain-saudi-gcc-transport/en/bahrain-to-khobar/,GSC avg position 22.66; authority/ranking gap,Dedicated bilingual route page exists,Add naturally to the existing bilingual route/airport page and strengthen related internal links and FAQs,Medium; avoid duplicating the paired route or airport page,Improve underperforming existing page,Add naturally to the existing bilingual route/airport page and strengthen related internal links and FAQs,Generated from validated route + service pattern; verify before page creation
295,P0,Bahrain to Khobar transfer,EN,Systematic long-tail expansion,Commercial,Bahrain,Khobar,Transfer,Bahrain → Khobar,/bahrain-saudi-gcc-transport/en/bahrain-to-khobar/,GSC avg position 22.66; authority/ranking gap,Dedicated bilingual route page exists,Add naturally to the existing bilingual route/airport page and strengthen related internal links and FAQs,Medium; avoid duplicating the paired route or airport page,Improve underperforming existing page,Add naturally to the existing bilingual route/airport page and strengthen related internal links and FAQs,Generated from validated route + service pattern; verify before page creation
296,P0,bahrain to khobar transport,EN,Google Autocomplete — observed,Commercial,,,Observed wording,Route / service cluster,/bahrain-saudi-gcc-transport/en/bahrain-to-khobar/,GSC avg position 22.66; authority/ranking gap,Exact keyword phrase appears in existing site content,Add naturally to the existing bilingual route/airport page and strengthen related internal links and FAQs,Medium; avoid duplicating the paired route or airport page,Improve underperforming existing page,Add naturally to the existing bilingual route/airport page and strengthen related internal links and FAQs,Directly observed in Google Bahrain suggestions on 16 Sep 2026
297,P0,bahrain to kuwait,EN,Google Autocomplete — observed,Mixed,,,Observed wording,Route / service cluster,/bahrain-saudi-gcc-transport/,GSC avg position 8.48; page-one winner with CTR opportunity,Exact keyword phrase appears in existing site content,Leave primary SEO fields and ranking content unchanged; add only small safe conversion support,High; protect existing winner,Protect,Leave primary SEO fields and ranking content unchanged; add only small safe conversion support,Directly observed in Google Bahrain suggestions on 16 Sep 2026
298,P0,bahrain to kuwait by road,EN,Google Autocomplete — observed,Informational,,,Observed wording,Route / service cluster,/bahrain-saudi-gcc-transport/,GSC avg position 8.48; page-one winner with CTR opportunity,No exact phrase found; contextual coverage required,Leave primary SEO fields and ranking content unchanged; add only small safe conversion support,High; protect existing winner,Protect,Leave primary SEO fields and ranking content unchanged; add only small safe conversion support,Directly observed in Google Bahrain suggestions on 16 Sep 2026
299,P0,Bahrain to Kuwait City by car,EN,Systematic long-tail expansion,Informational,Bahrain,Kuwait City,Driving,Bahrain → Kuwait City,/bahrain-saudi-gcc-transport/en/bahrain-to-kuwait/,GSC avg position 8.48; page-one winner with CTR opportunity,Dedicated bilingual route page exists,Leave primary SEO fields and ranking content unchanged; add only small safe conversion support,High; protect existing winner,Protect,Leave primary SEO fields and ranking content unchanged; add only small safe conversion support,Generated from validated route + service pattern; verify before page creation
300,P0,Bahrain to Kuwait City distance by road,EN,Systematic long-tail expansion,Informational,Bahrain,Kuwait City,Distance,Bahrain → Kuwait City,/bahrain-saudi-gcc-transport/en/bahrain-to-kuwait/,GSC avg position 8.48; page-one winner with CTR opportunity,Dedicated bilingual route page exists,Leave primary SEO fields and ranking content unchanged; add only small safe conversion support,High; protect existing winner,Protect,Leave primary SEO fields and ranking content unchanged; add only small safe conversion support,Generated from validated route + service pattern; verify before page creation
301,P0,Bahrain to Kuwait City taxi price,EN,Systematic long-tail expansion,Price,Bahrain,Kuwait City,Pricing,Bahrain → Kuwait City,/bahrain-saudi-gcc-transport/en/bahrain-to-kuwait/,GSC avg position 8.48; page-one winner with CTR opportunity,Dedicated bilingual route page exists,Leave primary SEO fields and ranking content unchanged; add only small safe conversion support,High; protect existing winner,Protect,Leave primary SEO fields and ranking content unchanged; add only small safe conversion support,Generated from validated route + service pattern; verify before page creation
302,P0,Bahrain to Kuwait City transfer,EN,Systematic long-tail expansion,Commercial,Bahrain,Kuwait City,Transfer,Bahrain → Kuwait City,/bahrain-saudi-gcc-transport/en/bahrain-to-kuwait/,GSC avg position 8.48; page-one winner with CTR opportunity,Dedicated bilingual route page exists,Leave primary SEO fields and ranking content unchanged; add only small safe conversion support,High; protect existing winner,Protect,Leave primary SEO fields and ranking content unchanged; add only small safe conversion support,Generated from validated route + service pattern; verify before page creation
303,P0,Bahrain to Kuwait City transport,EN,Systematic long-tail expansion,Commercial,Bahrain,Kuwait City,Transport,Bahrain → Kuwait City,/bahrain-saudi-gcc-transport/en/bahrain-to-kuwait/,GSC avg position 8.48; page-one winner with CTR opportunity,Dedicated bilingual route page exists,Leave primary SEO fields and ranking content unchanged; add only small safe conversion support,High; protect existing winner,Protect,Leave primary SEO fields and ranking content unchanged; add only small safe conversion support,Generated from validated route + service pattern; verify before page creation
304,P0,bahrain to kuwait distance,EN,Google Autocomplete — observed,Informational,,,Observed wording,Route / service cluster,/bahrain-saudi-gcc-transport/,GSC avg position 8.48; page-one winner with CTR opportunity,No exact phrase found; contextual coverage required,Leave primary SEO fields and ranking content unchanged; add only small safe conversion support,High; protect existing winner,Protect,Leave primary SEO fields and ranking content unchanged; add only small safe conversion support,Directly observed in Google Bahrain suggestions on 16 Sep 2026
305,P0,bahrain to kuwait distance by road,EN,Google Autocomplete — observed,Informational,,,Observed wording,Route / service cluster,/bahrain-saudi-gcc-transport/,GSC avg position 8.48; page-one winner with CTR opportunity,No exact phrase found; contextual coverage required,Leave primary SEO fields and ranking content unchanged; add only small safe conversion support,High; protect existing winner,Protect,Leave primary SEO fields and ranking content unchanged; add only small safe conversion support,Directly observed in Google Bahrain suggestions on 16 Sep 2026
306,P0,bahrain to kuwait ticket price,EN,Google Autocomplete — observed,Informational,,,Observed wording,Route / service cluster,/bahrain-saudi-gcc-transport/,GSC avg position 8.48; page-one winner with CTR opportunity,No exact phrase found; contextual coverage required,Leave primary SEO fields and ranking content unchanged; add only small safe conversion support,High; protect existing winner,Protect,Leave primary SEO fields and ranking content unchanged; add only small safe conversion support,Directly observed in Google Bahrain suggestions on 16 Sep 2026
307,P0,bahrain to qatar,EN,Google Autocomplete — observed,Mixed,,,Observed wording,Route / service cluster,/bahrain-saudi-gcc-transport/,GSC avg position 7.88; page-one winner,Exact keyword phrase appears in existing site content,Leave primary SEO fields and ranking content unchanged; add only small safe conversion support,High; protect existing winner,Protect,Leave primary SEO fields and ranking content unchanged; add only small safe conversion support,Directly observed in Google Bahrain suggestions on 16 Sep 2026
308,P0,bahrain to qatar by road,EN,Google Autocomplete — observed,Informational,,,Observed wording,Route / service cluster,/bahrain-saudi-gcc-transport/,GSC avg position 7.88; page-one winner,No exact phrase found; contextual coverage required,Leave primary SEO fields and ranking content unchanged; add only small safe conversion support,High; protect existing winner,Protect,Leave primary SEO fields and ranking content unchanged; add only small safe conversion support,Directly observed in Google Bahrain suggestions on 16 Sep 2026
309,P0,bahrain to qatar distance,EN,Google Autocomplete — observed,Informational,,,Observed wording,Route / service cluster,/bahrain-saudi-gcc-transport/,GSC avg position 7.88; page-one winner,No exact phrase found; contextual coverage required,Leave primary SEO fields and ranking content unchanged; add only small safe conversion support,High; protect existing winner,Protect,Leave primary SEO fields and ranking content unchanged; add only small safe conversion support,Directly observed in Google Bahrain suggestions on 16 Sep 2026
310,P0,bahrain to qatar distance by road,EN,Google Autocomplete — observed,Informational,,,Observed wording,Route / service cluster,/bahrain-saudi-gcc-transport/,GSC avg position 7.88; page-one winner,No exact phrase found; contextual coverage required,Leave primary SEO fields and ranking content unchanged; add only small safe conversion support,High; protect existing winner,Protect,Leave primary SEO fields and ranking content unchanged; add only small safe conversion support,Directly observed in Google Bahrain suggestions on 16 Sep 2026
311,P0,bahrain to qatar ferry,EN,Google Autocomplete — observed,Mixed,,,Observed wording,Route / service cluster,/bahrain-saudi-gcc-transport/,GSC avg position 7.88; page-one winner,No exact phrase found; contextual coverage required,Leave primary SEO fields and ranking content unchanged; add only small safe conversion support,High; protect existing winner,Protect,Leave primary SEO fields and ranking content unchanged; add only small safe conversion support,Directly observed in Google Bahrain suggestions on 16 Sep 2026
312,P0,business transfer from Aramco to Bahrain,EN,Systematic long-tail expansion,Commercial,Aramco,Bahrain,Corporate,Aramco → Bahrain,/bahrain-saudi-gcc-transport/en/aramco-to-bahrain/,No numeric ranking evidence supplied for this keyword,No exact phrase found; contextual coverage required,Use Dammam/Khobar/Eastern Province coverage first; create a dedicated page only after unique intent and sufficient facts are confirmed,High if split into thin locality pages,Add safely to existing page or evaluate hub,Use Dammam/Khobar/Eastern Province coverage first; create a dedicated page only after unique intent and sufficient facts are confirmed,Generated from validated route + service pattern; verify before page creation
313,P0,business transfer from Bahrain to Aramco,EN,Systematic long-tail expansion,Commercial,Bahrain,Aramco,Corporate,Bahrain → Aramco,/bahrain-saudi-gcc-transport/en/bahrain-to-aramco/,No numeric ranking evidence supplied for this keyword,No exact phrase found; contextual coverage required,Use Dammam/Khobar/Eastern Province coverage first; create a dedicated page only after unique intent and sufficient facts are confirmed,High if split into thin locality pages,Add safely to existing page or evaluate hub,Use Dammam/Khobar/Eastern Province coverage first; create a dedicated page only after unique intent and sufficient facts are confirmed,Generated from validated route + service pattern; verify before page creation
314,P0,business transfer from Bahrain to Dammam,EN,Systematic long-tail expansion,Commercial,Bahrain,Dammam,Corporate,Bahrain → Dammam,/bahrain-saudi-gcc-transport/en/bahrain-to-dammam/,GSC avg position 14.14; page-two growth opportunity,Dedicated bilingual route page exists,Add naturally to the existing bilingual route/airport page and strengthen related internal links and FAQs,Medium; avoid duplicating the paired route or airport page,Improve underperforming existing page,Add naturally to the existing bilingual route/airport page and strengthen related internal links and FAQs,Generated from validated route + service pattern; verify before page creation
315,P0,business transfer from Bahrain to Dammam Airport,EN,Systematic long-tail expansion,Commercial,Bahrain,Dammam Airport,Corporate,Bahrain → Dammam Airport,/bahrain-saudi-gcc-transport/en/bahrain-to-dammam-airport/,Covered by route and dedicated airport pages; no separate numeric position supplied,Dedicated bilingual route page exists,Add naturally to the existing bilingual route/airport page and strengthen related internal links and FAQs,Medium; avoid duplicating the paired route or airport page,Improve underperforming existing page,Add naturally to the existing bilingual route/airport page and strengthen related internal links and FAQs,Generated from validated route + service pattern; verify before page creation
316,P0,business transfer from Bahrain to Dhahran,EN,Systematic long-tail expansion,Commercial,Bahrain,Dhahran,Corporate,Bahrain → Dhahran,/bahrain-saudi-gcc-transport/en/bahrain-to-dhahran/,No numeric ranking evidence supplied for this keyword,No exact phrase found; contextual coverage required,Use Dammam/Khobar/Eastern Province coverage first; create a dedicated page only after unique intent and sufficient facts are confirmed,High if split into thin locality pages,Add safely to existing page or evaluate hub,Use Dammam/Khobar/Eastern Province coverage first; create a dedicated page only after unique intent and sufficient facts are confirmed,Generated from validated route + service pattern; verify before page creation
317,P0,business transfer from Bahrain to Doha,EN,Systematic long-tail expansion,Commercial,Bahrain,Doha,Corporate,Bahrain → Doha,/bahrain-saudi-gcc-transport/en/bahrain-to-qatar/,GSC avg position 7.88; page-one winner,Dedicated bilingual route page exists,Leave primary SEO fields and ranking content unchanged; add only small safe conversion support,High; protect existing winner,Protect,Leave primary SEO fields and ranking content unchanged; add only small safe conversion support,Generated from validated route + service pattern; verify before page creation
318,P0,business transfer from Bahrain to Khobar,EN,Systematic long-tail expansion,Commercial,Bahrain,Khobar,Corporate,Bahrain → Khobar,/bahrain-saudi-gcc-transport/en/bahrain-to-khobar/,GSC avg position 22.66; authority/ranking gap,Dedicated bilingual route page exists,Add naturally to the existing bilingual route/airport page and strengthen related internal links and FAQs,Medium; avoid duplicating the paired route or airport page,Improve underperforming existing page,Add naturally to the existing bilingual route/airport page and strengthen related internal links and FAQs,Generated from validated route + service pattern; verify before page creation
319,P0,business transfer from Bahrain to Kuwait City,EN,Systematic long-tail expansion,Commercial,Bahrain,Kuwait City,Corporate,Bahrain → Kuwait City,/bahrain-saudi-gcc-transport/en/bahrain-to-kuwait/,GSC avg position 8.48; page-one winner with CTR opportunity,Dedicated bilingual route page exists,Leave primary SEO fields and ranking content unchanged; add only small safe conversion support,High; protect existing winner,Protect,Leave primary SEO fields and ranking content unchanged; add only small safe conversion support,Generated from validated route + service pattern; verify before page creation
320,P0,business transfer from Dammam Airport to Bahrain,EN,Systematic long-tail expansion,Commercial,Dammam Airport,Bahrain,Corporate,Dammam Airport → Bahrain,/bahrain-saudi-gcc-transport/en/dammam-airport-to-bahrain/,Covered by route and dedicated airport pages; no separate numeric position supplied,Dedicated bilingual route page exists,Add naturally to the existing bilingual route/airport page and strengthen related internal links and FAQs,Medium; avoid duplicating the paired route or airport page,Improve underperforming existing page,Add naturally to the existing bilingual route/airport page and strengthen related internal links and FAQs,Generated from validated route + service pattern; verify before page creation
321,P0,business transfer from Dammam to Bahrain,EN,Systematic long-tail expansion,Commercial,Dammam,Bahrain,Corporate,Dammam → Bahrain,/bahrain-saudi-gcc-transport/en/dammam-to-bahrain/,GSC avg position 14.14; page-two growth opportunity,Dedicated bilingual route page exists,Add naturally to the existing bilingual route/airport page and strengthen related internal links and FAQs,Medium; avoid duplicating the paired route or airport page,Improve underperforming existing page,Add naturally to the existing bilingual route/airport page and strengthen related internal links and FAQs,Generated from validated route + service pattern; verify before page creation
322,P0,business transfer from Dhahran to Bahrain,EN,Systematic long-tail expansion,Commercial,Dhahran,Bahrain,Corporate,Dhahran → Bahrain,/bahrain-saudi-gcc-transport/en/dhahran-to-bahrain/,No numeric ranking evidence supplied for this keyword,No exact phrase found; contextual coverage required,Use Dammam/Khobar/Eastern Province coverage first; create a dedicated page only after unique intent and sufficient facts are confirmed,High if split into thin locality pages,Add safely to existing page or evaluate hub,Use Dammam/Khobar/Eastern Province coverage first; create a dedicated page only after unique intent and sufficient facts are confirmed,Generated from validated route + service pattern; verify before page creation
323,P0,business transfer from Doha to Bahrain,EN,Systematic long-tail expansion,Commercial,Doha,Bahrain,Corporate,Doha → Bahrain,/bahrain-saudi-gcc-transport/en/qatar-to-bahrain/,GSC avg position 7.88; page-one winner,Dedicated bilingual route page exists,Leave primary SEO fields and ranking content unchanged; add only small safe conversion support,High; protect existing winner,Protect,Leave primary SEO fields and ranking content unchanged; add only small safe conversion support,Generated from validated route + service pattern; verify before page creation
324,P0,business transfer from Khobar to Bahrain,EN,Systematic long-tail expansion,Commercial,Khobar,Bahrain,Corporate,Khobar → Bahrain,/bahrain-saudi-gcc-transport/en/khobar-to-bahrain/,GSC avg position 22.66; authority/ranking gap,Dedicated bilingual route page exists,Add naturally to the existing bilingual route/airport page and strengthen related internal links and FAQs,Medium; avoid duplicating the paired route or airport page,Improve underperforming existing page,Add naturally to the existing bilingual route/airport page and strengthen related internal links and FAQs,Generated from validated route + service pattern; verify before page creation
325,P0,business transfer from Kuwait City to Bahrain,EN,Systematic long-tail expansion,Commercial,Kuwait City,Bahrain,Corporate,Kuwait City → Bahrain,/bahrain-saudi-gcc-transport/en/kuwait-to-bahrain/,GSC avg position 8.48; page-one winner with CTR opportunity,Dedicated bilingual route page exists,Leave primary SEO fields and ranking content unchanged; add only small safe conversion support,High; protect existing winner,Protect,Leave primary SEO fields and ranking content unchanged; add only small safe conversion support,Generated from validated route + service pattern; verify before page creation
326,P0,chauffeur from Aramco to Bahrain,EN,Systematic long-tail expansion,Commercial,Aramco,Bahrain,Chauffeur,Aramco → Bahrain,/bahrain-saudi-gcc-transport/en/aramco-to-bahrain/,No numeric ranking evidence supplied for this keyword,No exact phrase found; contextual coverage required,Use Dammam/Khobar/Eastern Province coverage first; create a dedicated page only after unique intent and sufficient facts are confirmed,High if split into thin locality pages,Add safely to existing page or evaluate hub,Use Dammam/Khobar/Eastern Province coverage first; create a dedicated page only after unique intent and sufficient facts are confirmed,Generated from validated route + service pattern; verify before page creation
327,P0,chauffeur from Bahrain to Aramco,EN,Systematic long-tail expansion,Commercial,Bahrain,Aramco,Chauffeur,Bahrain → Aramco,/bahrain-saudi-gcc-transport/en/bahrain-to-aramco/,No numeric ranking evidence supplied for this keyword,No exact phrase found; contextual coverage required,Use Dammam/Khobar/Eastern Province coverage first; create a dedicated page only after unique intent and sufficient facts are confirmed,High if split into thin locality pages,Add safely to existing page or evaluate hub,Use Dammam/Khobar/Eastern Province coverage first; create a dedicated page only after unique intent and sufficient facts are confirmed,Generated from validated route + service pattern; verify before page creation
328,P0,chauffeur from Bahrain to Dammam,EN,Systematic long-tail expansion,Commercial,Bahrain,Dammam,Chauffeur,Bahrain → Dammam,/bahrain-saudi-gcc-transport/en/bahrain-to-dammam/,GSC avg position 14.14; page-two growth opportunity,Dedicated bilingual route page exists,Add naturally to the existing bilingual route/airport page and strengthen related internal links and FAQs,Medium; avoid duplicating the paired route or airport page,Improve underperforming existing page,Add naturally to the existing bilingual route/airport page and strengthen related internal links and FAQs,Generated from validated route + service pattern; verify before page creation
329,P0,chauffeur from Bahrain to Dammam Airport,EN,Systematic long-tail expansion,Commercial,Bahrain,Dammam Airport,Chauffeur,Bahrain → Dammam Airport,/bahrain-saudi-gcc-transport/en/bahrain-to-dammam-airport/,Covered by route and dedicated airport pages; no separate numeric position supplied,Dedicated bilingual route page exists,Add naturally to the existing bilingual route/airport page and strengthen related internal links and FAQs,Medium; avoid duplicating the paired route or airport page,Improve underperforming existing page,Add naturally to the existing bilingual route/airport page and strengthen related internal links and FAQs,Generated from validated route + service pattern; verify before page creation
330,P0,chauffeur from Bahrain to Dhahran,EN,Systematic long-tail expansion,Commercial,Bahrain,Dhahran,Chauffeur,Bahrain → Dhahran,/bahrain-saudi-gcc-transport/en/bahrain-to-dhahran/,No numeric ranking evidence supplied for this keyword,No exact phrase found; contextual coverage required,Use Dammam/Khobar/Eastern Province coverage first; create a dedicated page only after unique intent and sufficient facts are confirmed,High if split into thin locality pages,Add safely to existing page or evaluate hub,Use Dammam/Khobar/Eastern Province coverage first; create a dedicated page only after unique intent and sufficient facts are confirmed,Generated from validated route + service pattern; verify before page creation
331,P0,chauffeur from Bahrain to Doha,EN,Systematic long-tail expansion,Commercial,Bahrain,Doha,Chauffeur,Bahrain → Doha,/bahrain-saudi-gcc-transport/en/bahrain-to-qatar/,GSC avg position 7.88; page-one winner,Dedicated bilingual route page exists,Leave primary SEO fields and ranking content unchanged; add only small safe conversion support,High; protect existing winner,Protect,Leave primary SEO fields and ranking content unchanged; add only small safe conversion support,Generated from validated route + service pattern; verify before page creation
332,P0,chauffeur from Bahrain to Khobar,EN,Systematic long-tail expansion,Commercial,Bahrain,Khobar,Chauffeur,Bahrain → Khobar,/bahrain-saudi-gcc-transport/en/bahrain-to-khobar/,GSC avg position 22.66; authority/ranking gap,Dedicated bilingual route page exists,Add naturally to the existing bilingual route/airport page and strengthen related internal links and FAQs,Medium; avoid duplicating the paired route or airport page,Improve underperforming existing page,Add naturally to the existing bilingual route/airport page and strengthen related internal links and FAQs,Generated from validated route + service pattern; verify before page creation
333,P0,chauffeur from Bahrain to Kuwait City,EN,Systematic long-tail expansion,Commercial,Bahrain,Kuwait City,Chauffeur,Bahrain → Kuwait City,/bahrain-saudi-gcc-transport/en/bahrain-to-kuwait/,GSC avg position 8.48; page-one winner with CTR opportunity,Dedicated bilingual route page exists,Leave primary SEO fields and ranking content unchanged; add only small safe conversion support,High; protect existing winner,Protect,Leave primary SEO fields and ranking content unchanged; add only small safe conversion support,Generated from validated route + service pattern; verify before page creation
334,P0,chauffeur from Dammam Airport to Bahrain,EN,Systematic long-tail expansion,Commercial,Dammam Airport,Bahrain,Chauffeur,Dammam Airport → Bahrain,/bahrain-saudi-gcc-transport/en/dammam-airport-to-bahrain/,Covered by route and dedicated airport pages; no separate numeric position supplied,Dedicated bilingual route page exists,Add naturally to the existing bilingual route/airport page and strengthen related internal links and FAQs,Medium; avoid duplicating the paired route or airport page,Improve underperforming existing page,Add naturally to the existing bilingual route/airport page and strengthen related internal links and FAQs,Generated from validated route + service pattern; verify before page creation
335,P0,chauffeur from Dammam to Bahrain,EN,Systematic long-tail expansion,Commercial,Dammam,Bahrain,Chauffeur,Dammam → Bahrain,/bahrain-saudi-gcc-transport/en/dammam-to-bahrain/,GSC avg position 14.14; page-two growth opportunity,Dedicated bilingual route page exists,Add naturally to the existing bilingual route/airport page and strengthen related internal links and FAQs,Medium; avoid duplicating the paired route or airport page,Improve underperforming existing page,Add naturally to the existing bilingual route/airport page and strengthen related internal links and FAQs,Generated from validated route + service pattern; verify before page creation
336,P0,chauffeur from Dhahran to Bahrain,EN,Systematic long-tail expansion,Commercial,Dhahran,Bahrain,Chauffeur,Dhahran → Bahrain,/bahrain-saudi-gcc-transport/en/dhahran-to-bahrain/,No numeric ranking evidence supplied for this keyword,No exact phrase found; contextual coverage required,Use Dammam/Khobar/Eastern Province coverage first; create a dedicated page only after unique intent and sufficient facts are confirmed,High if split into thin locality pages,Add safely to existing page or evaluate hub,Use Dammam/Khobar/Eastern Province coverage first; create a dedicated page only after unique intent and sufficient facts are confirmed,Generated from validated route + service pattern; verify before page creation
337,P0,chauffeur from Doha to Bahrain,EN,Systematic long-tail expansion,Commercial,Doha,Bahrain,Chauffeur,Doha → Bahrain,/bahrain-saudi-gcc-transport/en/qatar-to-bahrain/,GSC avg position 7.88; page-one winner,Dedicated bilingual route page exists,Leave primary SEO fields and ranking content unchanged; add only small safe conversion support,High; protect existing winner,Protect,Leave primary SEO fields and ranking content unchanged; add only small safe conversion support,Generated from validated route + service pattern; verify before page creation
338,P0,chauffeur from Khobar to Bahrain,EN,Systematic long-tail expansion,Commercial,Khobar,Bahrain,Chauffeur,Khobar → Bahrain,/bahrain-saudi-gcc-transport/en/khobar-to-bahrain/,GSC avg position 22.66; authority/ranking gap,Dedicated bilingual route page exists,Add naturally to the existing bilingual route/airport page and strengthen related internal links and FAQs,Medium; avoid duplicating the paired route or airport page,Improve underperforming existing page,Add naturally to the existing bilingual route/airport page and strengthen related internal links and FAQs,Generated from validated route + service pattern; verify before page creation
339,P0,chauffeur from Kuwait City to Bahrain,EN,Systematic long-tail expansion,Commercial,Kuwait City,Bahrain,Chauffeur,Kuwait City → Bahrain,/bahrain-saudi-gcc-transport/en/kuwait-to-bahrain/,GSC avg position 8.48; page-one winner with CTR opportunity,Dedicated bilingual route page exists,Leave primary SEO fields and ranking content unchanged; add only small safe conversion support,High; protect existing winner,Protect,Leave primary SEO fields and ranking content unchanged; add only small safe conversion support,Generated from validated route + service pattern; verify before page creation
340,P0,dammam airport to bahrain bus,EN,Google Autocomplete — observed,Informational,,,Observed wording,Route / service cluster,/bahrain-saudi-gcc-transport/en/dammam-airport-to-bahrain/,Covered by route and dedicated airport pages; no separate numeric position supplied,No exact phrase found; contextual coverage required,Do not target as a service page; use only in a factual comparison FAQ if justified,Low; exclusion avoids irrelevant traffic and cannibalization,Ignore: not a Vendora primary service,Do not target as a service page; use only in a factual comparison FAQ if justified,Directly observed in Google Bahrain suggestions on 16 Sep 2026
341,P0,Dammam Airport to Bahrain by car,EN,Systematic long-tail expansion,Informational,Dammam Airport,Bahrain,Driving,Dammam Airport → Bahrain,/bahrain-saudi-gcc-transport/en/dammam-airport-to-bahrain/,Covered by route and dedicated airport pages; no separate numeric position supplied,Dedicated bilingual route page exists,Add naturally to the existing bilingual route/airport page and strengthen related internal links and FAQs,Medium; avoid duplicating the paired route or airport page,Improve underperforming existing page,Add naturally to the existing bilingual route/airport page and strengthen related internal links and FAQs,Generated from validated route + service pattern; verify before page creation
342,P0,dammam airport to bahrain causeway,EN,Google Autocomplete — observed,Mixed,,,Observed wording,Route / service cluster,/bahrain-saudi-gcc-transport/en/dammam-airport-to-bahrain/,Covered by route and dedicated airport pages; no separate numeric position supplied,No exact phrase found; contextual coverage required,Add naturally to the existing bilingual route/airport page and strengthen related internal links and FAQs,Medium; avoid duplicating the paired route or airport page,Improve underperforming existing page,Add naturally to the existing bilingual route/airport page and strengthen related internal links and FAQs,Directly observed in Google Bahrain suggestions on 16 Sep 2026
343,P0,dammam airport to bahrain distance,EN,Google Autocomplete — observed,Informational,,,Observed wording,Route / service cluster,/bahrain-saudi-gcc-transport/en/dammam-airport-to-bahrain/,Covered by route and dedicated airport pages; no separate numeric position supplied,No exact phrase found; contextual coverage required,Add naturally to the existing bilingual route/airport page and strengthen related internal links and FAQs,Medium; avoid duplicating the paired route or airport page,Improve underperforming existing page,Add naturally to the existing bilingual route/airport page and strengthen related internal links and FAQs,Directly observed in Google Bahrain suggestions on 16 Sep 2026
344,P0,Dammam Airport to Bahrain distance by road,EN,Systematic long-tail expansion,Informational,Dammam Airport,Bahrain,Distance,Dammam Airport → Bahrain,/bahrain-saudi-gcc-transport/en/dammam-airport-to-bahrain/,Covered by route and dedicated airport pages; no separate numeric position supplied,Dedicated bilingual route page exists,Add naturally to the existing bilingual route/airport page and strengthen related internal links and FAQs,Medium; avoid duplicating the paired route or airport page,Improve underperforming existing page,Add naturally to the existing bilingual route/airport page and strengthen related internal links and FAQs,Generated from validated route + service pattern; verify before page creation
345,P0,dammam airport to bahrain taxi,EN,Google Autocomplete — observed,Commercial,,,Observed wording,Route / service cluster,/bahrain-saudi-gcc-transport/en/dammam-airport-to-bahrain/,Covered by route and dedicated airport pages; no separate numeric position supplied,Exact keyword phrase appears in existing site content,Add naturally to the existing bilingual route/airport page and strengthen related internal links and FAQs,Medium; avoid duplicating the paired route or airport page,Improve underperforming existing page,Add naturally to the existing bilingual route/airport page and strengthen related internal links and FAQs,Directly observed in Google Bahrain suggestions on 16 Sep 2026
346,P0,dammam airport to bahrain taxi cost,EN,Google Autocomplete — observed,Commercial,,,Observed wording,Route / service cluster,/bahrain-saudi-gcc-transport/en/dammam-airport-to-bahrain/,Covered by route and dedicated airport pages; no separate numeric position supplied,No exact phrase found; contextual coverage required,Add naturally to the existing bilingual route/airport page and strengthen related internal links and FAQs,Medium; avoid duplicating the paired route or airport page,Improve underperforming existing page,Add naturally to the existing bilingual route/airport page and strengthen related internal links and FAQs,Directly observed in Google Bahrain suggestions on 16 Sep 2026
347,P0,Dammam Airport to Bahrain taxi price,EN,Systematic long-tail expansion,Price,Dammam Airport,Bahrain,Pricing,Dammam Airport → Bahrain,/bahrain-saudi-gcc-transport/en/dammam-airport-to-bahrain/,Covered by route and dedicated airport pages; no separate numeric position supplied,Dedicated bilingual route page exists,Add naturally to the existing bilingual route/airport page and strengthen related internal links and FAQs,Medium; avoid duplicating the paired route or airport page,Improve underperforming existing page,Add naturally to the existing bilingual route/airport page and strengthen related internal links and FAQs,Generated from validated route + service pattern; verify before page creation
348,P0,Dammam Airport to Bahrain transfer,EN,Systematic long-tail expansion,Commercial,Dammam Airport,Bahrain,Transfer,Dammam Airport → Bahrain,/bahrain-saudi-gcc-transport/en/dammam-airport-to-bahrain/,Covered by route and dedicated airport pages; no separate numeric position supplied,Dedicated bilingual route page exists,Add naturally to the existing bilingual route/airport page and strengthen related internal links and FAQs,Medium; avoid duplicating the paired route or airport page,Improve underperforming existing page,Add naturally to the existing bilingual route/airport page and strengthen related internal links and FAQs,Generated from validated route + service pattern; verify before page creation
349,P0,Dammam Airport to Bahrain transport,EN,Systematic long-tail expansion,Commercial,Dammam Airport,Bahrain,Transport,Dammam Airport → Bahrain,/bahrain-saudi-gcc-transport/en/dammam-airport-to-bahrain/,Covered by route and dedicated airport pages; no separate numeric position supplied,Dedicated bilingual route page exists,Add naturally to the existing bilingual route/airport page and strengthen related internal links and FAQs,Medium; avoid duplicating the paired route or airport page,Improve underperforming existing page,Add naturally to the existing bilingual route/airport page and strengthen related internal links and FAQs,Generated from validated route + service pattern; verify before page creation
350,P0,Dammam to Bahrain by car,EN,Systematic long-tail expansion,Informational,Dammam,Bahrain,Driving,Dammam → Bahrain,/bahrain-saudi-gcc-transport/en/dammam-to-bahrain/,GSC avg position 14.14; page-two growth opportunity,Dedicated bilingual route page exists,Add naturally to the existing bilingual route/airport page and strengthen related internal links and FAQs,Medium; avoid duplicating the paired route or airport page,Improve underperforming existing page,Add naturally to the existing bilingual route/airport page and strengthen related internal links and FAQs,Generated from validated route + service pattern; verify before page creation
351,P0,Dammam to Bahrain distance by road,EN,Systematic long-tail expansion,Informational,Dammam,Bahrain,Distance,Dammam → Bahrain,/bahrain-saudi-gcc-transport/en/dammam-to-bahrain/,GSC avg position 14.14; page-two growth opportunity,Dedicated bilingual route page exists,Add naturally to the existing bilingual route/airport page and strengthen related internal links and FAQs,Medium; avoid duplicating the paired route or airport page,Improve underperforming existing page,Add naturally to the existing bilingual route/airport page and strengthen related internal links and FAQs,Generated from validated route + service pattern; verify before page creation
352,P0,Dammam to Bahrain taxi price,EN,Systematic long-tail expansion,Price,Dammam,Bahrain,Pricing,Dammam → Bahrain,/bahrain-saudi-gcc-transport/en/dammam-to-bahrain/,GSC avg position 14.14; page-two growth opportunity,Dedicated bilingual route page exists,Add naturally to the existing bilingual route/airport page and strengthen related internal links and FAQs,Medium; avoid duplicating the paired route or airport page,Improve underperforming existing page,Add naturally to the existing bilingual route/airport page and strengthen related internal links and FAQs,Generated from validated route + service pattern; verify before page creation
353,P0,Dammam to Bahrain transfer,EN,Systematic long-tail expansion,Commercial,Dammam,Bahrain,Transfer,Dammam → Bahrain,/bahrain-saudi-gcc-transport/en/dammam-to-bahrain/,GSC avg position 14.14; page-two growth opportunity,Dedicated bilingual route page exists,Add naturally to the existing bilingual route/airport page and strengthen related internal links and FAQs,Medium; avoid duplicating the paired route or airport page,Improve underperforming existing page,Add naturally to the existing bilingual route/airport page and strengthen related internal links and FAQs,Generated from validated route + service pattern; verify before page creation
354,P0,Dammam to Bahrain transport,EN,Systematic long-tail expansion,Commercial,Dammam,Bahrain,Transport,Dammam → Bahrain,/bahrain-saudi-gcc-transport/en/dammam-to-bahrain/,GSC avg position 14.14; page-two growth opportunity,Dedicated bilingual route page exists,Add naturally to the existing bilingual route/airport page and strengthen related internal links and FAQs,Medium; avoid duplicating the paired route or airport page,Improve underperforming existing page,Add naturally to the existing bilingual route/airport page and strengthen related internal links and FAQs,Generated from validated route + service pattern; verify before page creation
355,P0,Dhahran to Bahrain by car,EN,Systematic long-tail expansion,Informational,Dhahran,Bahrain,Driving,Dhahran → Bahrain,/bahrain-saudi-gcc-transport/en/dhahran-to-bahrain/,No numeric ranking evidence supplied for this keyword,No exact phrase found; contextual coverage required,Use Dammam/Khobar/Eastern Province coverage first; create a dedicated page only after unique intent and sufficient facts are confirmed,High if split into thin locality pages,Add safely to existing page or evaluate hub,Use Dammam/Khobar/Eastern Province coverage first; create a dedicated page only after unique intent and sufficient facts are confirmed,Generated from validated route + service pattern; verify before page creation
356,P0,Dhahran to Bahrain distance by road,EN,Systematic long-tail expansion,Informational,Dhahran,Bahrain,Distance,Dhahran → Bahrain,/bahrain-saudi-gcc-transport/en/dhahran-to-bahrain/,No numeric ranking evidence supplied for this keyword,No exact phrase found; contextual coverage required,Use Dammam/Khobar/Eastern Province coverage first; create a dedicated page only after unique intent and sufficient facts are confirmed,High if split into thin locality pages,Add safely to existing page or evaluate hub,Use Dammam/Khobar/Eastern Province coverage first; create a dedicated page only after unique intent and sufficient facts are confirmed,Generated from validated route + service pattern; verify before page creation
357,P0,Dhahran to Bahrain taxi price,EN,Systematic long-tail expansion,Price,Dhahran,Bahrain,Pricing,Dhahran → Bahrain,/bahrain-saudi-gcc-transport/en/dhahran-to-bahrain/,No numeric ranking evidence supplied for this keyword,No exact phrase found; contextual coverage required,Use Dammam/Khobar/Eastern Province coverage first; create a dedicated page only after unique intent and sufficient facts are confirmed,High if split into thin locality pages,Add safely to existing page or evaluate hub,Use Dammam/Khobar/Eastern Province coverage first; create a dedicated page only after unique intent and sufficient facts are confirmed,Generated from validated route + service pattern; verify before page creation
358,P0,Dhahran to Bahrain transfer,EN,Systematic long-tail expansion,Commercial,Dhahran,Bahrain,Transfer,Dhahran → Bahrain,/bahrain-saudi-gcc-transport/en/dhahran-to-bahrain/,No numeric ranking evidence supplied for this keyword,No exact phrase found; contextual coverage required,Use Dammam/Khobar/Eastern Province coverage first; create a dedicated page only after unique intent and sufficient facts are confirmed,High if split into thin locality pages,Add safely to existing page or evaluate hub,Use Dammam/Khobar/Eastern Province coverage first; create a dedicated page only after unique intent and sufficient facts are confirmed,Generated from validated route + service pattern; verify before page creation
359,P0,Dhahran to Bahrain transport,EN,Systematic long-tail expansion,Commercial,Dhahran,Bahrain,Transport,Dhahran → Bahrain,/bahrain-saudi-gcc-transport/en/dhahran-to-bahrain/,No numeric ranking evidence supplied for this keyword,No exact phrase found; contextual coverage required,Use Dammam/Khobar/Eastern Province coverage first; create a dedicated page only after unique intent and sufficient facts are confirmed,High if split into thin locality pages,Add safely to existing page or evaluate hub,Use Dammam/Khobar/Eastern Province coverage first; create a dedicated page only after unique intent and sufficient facts are confirmed,Generated from validated route + service pattern; verify before page creation
360,P0,Doha to Bahrain by car,EN,Systematic long-tail expansion,Informational,Doha,Bahrain,Driving,Doha → Bahrain,/bahrain-saudi-gcc-transport/en/qatar-to-bahrain/,GSC avg position 7.88; page-one winner,Dedicated bilingual route page exists,Leave primary SEO fields and ranking content unchanged; add only small safe conversion support,High; protect existing winner,Protect,Leave primary SEO fields and ranking content unchanged; add only small safe conversion support,Generated from validated route + service pattern; verify before page creation
361,P0,Doha to Bahrain distance by road,EN,Systematic long-tail expansion,Informational,Doha,Bahrain,Distance,Doha → Bahrain,/bahrain-saudi-gcc-transport/en/qatar-to-bahrain/,GSC avg position 7.88; page-one winner,Dedicated bilingual route page exists,Leave primary SEO fields and ranking content unchanged; add only small safe conversion support,High; protect existing winner,Protect,Leave primary SEO fields and ranking content unchanged; add only small safe conversion support,Generated from validated route + service pattern; verify before page creation
362,P0,Doha to Bahrain taxi price,EN,Systematic long-tail expansion,Price,Doha,Bahrain,Pricing,Doha → Bahrain,/bahrain-saudi-gcc-transport/en/qatar-to-bahrain/,GSC avg position 7.88; page-one winner,Dedicated bilingual route page exists,Leave primary SEO fields and ranking content unchanged; add only small safe conversion support,High; protect existing winner,Protect,Leave primary SEO fields and ranking content unchanged; add only small safe conversion support,Generated from validated route + service pattern; verify before page creation
363,P0,Doha to Bahrain transfer,EN,Systematic long-tail expansion,Commercial,Doha,Bahrain,Transfer,Doha → Bahrain,/bahrain-saudi-gcc-transport/en/qatar-to-bahrain/,GSC avg position 7.88; page-one winner,Dedicated bilingual route page exists,Leave primary SEO fields and ranking content unchanged; add only small safe conversion support,High; protect existing winner,Protect,Leave primary SEO fields and ranking content unchanged; add only small safe conversion support,Generated from validated route + service pattern; verify before page creation
364,P0,Doha to Bahrain transport,EN,Systematic long-tail expansion,Commercial,Doha,Bahrain,Transport,Doha → Bahrain,/bahrain-saudi-gcc-transport/en/qatar-to-bahrain/,GSC avg position 7.88; page-one winner,Dedicated bilingual route page exists,Leave primary SEO fields and ranking content unchanged; add only small safe conversion support,High; protect existing winner,Protect,Leave primary SEO fields and ranking content unchanged; add only small safe conversion support,Generated from validated route + service pattern; verify before page creation
365,P0,driver from Aramco to Bahrain,EN,Systematic long-tail expansion,Commercial,Aramco,Bahrain,Private driver,Aramco → Bahrain,/bahrain-saudi-gcc-transport/en/aramco-to-bahrain/,No numeric ranking evidence supplied for this keyword,No exact phrase found; contextual coverage required,Use Dammam/Khobar/Eastern Province coverage first; create a dedicated page only after unique intent and sufficient facts are confirmed,High if split into thin locality pages,Add safely to existing page or evaluate hub,Use Dammam/Khobar/Eastern Province coverage first; create a dedicated page only after unique intent and sufficient facts are confirmed,Generated from validated route + service pattern; verify before page creation
366,P0,driver from Bahrain to Aramco,EN,Systematic long-tail expansion,Commercial,Bahrain,Aramco,Private driver,Bahrain → Aramco,/bahrain-saudi-gcc-transport/en/bahrain-to-aramco/,No numeric ranking evidence supplied for this keyword,No exact phrase found; contextual coverage required,Use Dammam/Khobar/Eastern Province coverage first; create a dedicated page only after unique intent and sufficient facts are confirmed,High if split into thin locality pages,Add safely to existing page or evaluate hub,Use Dammam/Khobar/Eastern Province coverage first; create a dedicated page only after unique intent and sufficient facts are confirmed,Generated from validated route + service pattern; verify before page creation
367,P0,driver from Bahrain to Dammam,EN,Systematic long-tail expansion,Commercial,Bahrain,Dammam,Private driver,Bahrain → Dammam,/bahrain-saudi-gcc-transport/en/bahrain-to-dammam/,GSC avg position 14.14; page-two growth opportunity,Dedicated bilingual route page exists,Add naturally to the existing bilingual route/airport page and strengthen related internal links and FAQs,Medium; avoid duplicating the paired route or airport page,Improve underperforming existing page,Add naturally to the existing bilingual route/airport page and strengthen related internal links and FAQs,Generated from validated route + service pattern; verify before page creation
368,P0,driver from Bahrain to Dammam Airport,EN,Systematic long-tail expansion,Commercial,Bahrain,Dammam Airport,Private driver,Bahrain → Dammam Airport,/bahrain-saudi-gcc-transport/en/bahrain-to-dammam-airport/,Covered by route and dedicated airport pages; no separate numeric position supplied,Dedicated bilingual route page exists,Add naturally to the existing bilingual route/airport page and strengthen related internal links and FAQs,Medium; avoid duplicating the paired route or airport page,Improve underperforming existing page,Add naturally to the existing bilingual route/airport page and strengthen related internal links and FAQs,Generated from validated route + service pattern; verify before page creation
369,P0,driver from Bahrain to Dhahran,EN,Systematic long-tail expansion,Commercial,Bahrain,Dhahran,Private driver,Bahrain → Dhahran,/bahrain-saudi-gcc-transport/en/bahrain-to-dhahran/,No numeric ranking evidence supplied for this keyword,No exact phrase found; contextual coverage required,Use Dammam/Khobar/Eastern Province coverage first; create a dedicated page only after unique intent and sufficient facts are confirmed,High if split into thin locality pages,Add safely to existing page or evaluate hub,Use Dammam/Khobar/Eastern Province coverage first; create a dedicated page only after unique intent and sufficient facts are confirmed,Generated from validated route + service pattern; verify before page creation
370,P0,driver from Bahrain to Doha,EN,Systematic long-tail expansion,Commercial,Bahrain,Doha,Private driver,Bahrain → Doha,/bahrain-saudi-gcc-transport/en/bahrain-to-qatar/,GSC avg position 7.88; page-one winner,Dedicated bilingual route page exists,Leave primary SEO fields and ranking content unchanged; add only small safe conversion support,High; protect existing winner,Protect,Leave primary SEO fields and ranking content unchanged; add only small safe conversion support,Generated from validated route + service pattern; verify before page creation
371,P0,driver from Bahrain to Khobar,EN,Systematic long-tail expansion,Commercial,Bahrain,Khobar,Private driver,Bahrain → Khobar,/bahrain-saudi-gcc-transport/en/bahrain-to-khobar/,GSC avg position 22.66; authority/ranking gap,Dedicated bilingual route page exists,Add naturally to the existing bilingual route/airport page and strengthen related internal links and FAQs,Medium; avoid duplicating the paired route or airport page,Improve underperforming existing page,Add naturally to the existing bilingual route/airport page and strengthen related internal links and FAQs,Generated from validated route + service pattern; verify before page creation
372,P0,driver from Bahrain to Kuwait City,EN,Systematic long-tail expansion,Commercial,Bahrain,Kuwait City,Private driver,Bahrain → Kuwait City,/bahrain-saudi-gcc-transport/en/bahrain-to-kuwait/,GSC avg position 8.48; page-one winner with CTR opportunity,Dedicated bilingual route page exists,Leave primary SEO fields and ranking content unchanged; add only small safe conversion support,High; protect existing winner,Protect,Leave primary SEO fields and ranking content unchanged; add only small safe conversion support,Generated from validated route + service pattern; verify before page creation
373,P0,driver from Dammam Airport to Bahrain,EN,Systematic long-tail expansion,Commercial,Dammam Airport,Bahrain,Private driver,Dammam Airport → Bahrain,/bahrain-saudi-gcc-transport/en/dammam-airport-to-bahrain/,Covered by route and dedicated airport pages; no separate numeric position supplied,Dedicated bilingual route page exists,Add naturally to the existing bilingual route/airport page and strengthen related internal links and FAQs,Medium; avoid duplicating the paired route or airport page,Improve underperforming existing page,Add naturally to the existing bilingual route/airport page and strengthen related internal links and FAQs,Generated from validated route + service pattern; verify before page creation
374,P0,driver from Dammam to Bahrain,EN,Systematic long-tail expansion,Commercial,Dammam,Bahrain,Private driver,Dammam → Bahrain,/bahrain-saudi-gcc-transport/en/dammam-to-bahrain/,GSC avg position 14.14; page-two growth opportunity,Dedicated bilingual route page exists,Add naturally to the existing bilingual route/airport page and strengthen related internal links and FAQs,Medium; avoid duplicating the paired route or airport page,Improve underperforming existing page,Add naturally to the existing bilingual route/airport page and strengthen related internal links and FAQs,Generated from validated route + service pattern; verify before page creation
375,P0,driver from Dhahran to Bahrain,EN,Systematic long-tail expansion,Commercial,Dhahran,Bahrain,Private driver,Dhahran → Bahrain,/bahrain-saudi-gcc-transport/en/dhahran-to-bahrain/,No numeric ranking evidence supplied for this keyword,No exact phrase found; contextual coverage required,Use Dammam/Khobar/Eastern Province coverage first; create a dedicated page only after unique intent and sufficient facts are confirmed,High if split into thin locality pages,Add safely to existing page or evaluate hub,Use Dammam/Khobar/Eastern Province coverage first; create a dedicated page only after unique intent and sufficient facts are confirmed,Generated from validated route + service pattern; verify before page creation
376,P0,driver from Doha to Bahrain,EN,Systematic long-tail expansion,Commercial,Doha,Bahrain,Private driver,Doha → Bahrain,/bahrain-saudi-gcc-transport/en/qatar-to-bahrain/,GSC avg position 7.88; page-one winner,Dedicated bilingual route page exists,Leave primary SEO fields and ranking content unchanged; add only small safe conversion support,High; protect existing winner,Protect,Leave primary SEO fields and ranking content unchanged; add only small safe conversion support,Generated from validated route + service pattern; verify before page creation
377,P0,driver from Khobar to Bahrain,EN,Systematic long-tail expansion,Commercial,Khobar,Bahrain,Private driver,Khobar → Bahrain,/bahrain-saudi-gcc-transport/en/khobar-to-bahrain/,GSC avg position 22.66; authority/ranking gap,Dedicated bilingual route page exists,Add naturally to the existing bilingual route/airport page and strengthen related internal links and FAQs,Medium; avoid duplicating the paired route or airport page,Improve underperforming existing page,Add naturally to the existing bilingual route/airport page and strengthen related internal links and FAQs,Generated from validated route + service pattern; verify before page creation
378,P0,driver from Kuwait City to Bahrain,EN,Systematic long-tail expansion,Commercial,Kuwait City,Bahrain,Private driver,Kuwait City → Bahrain,/bahrain-saudi-gcc-transport/en/kuwait-to-bahrain/,GSC avg position 8.48; page-one winner with CTR opportunity,Dedicated bilingual route page exists,Leave primary SEO fields and ranking content unchanged; add only small safe conversion support,High; protect existing winner,Protect,Leave primary SEO fields and ranking content unchanged; add only small safe conversion support,Generated from validated route + service pattern; verify before page creation
379,P0,family transport from Aramco to Bahrain,EN,Systematic long-tail expansion,Commercial,Aramco,Bahrain,Family/group,Aramco → Bahrain,/bahrain-saudi-gcc-transport/en/aramco-to-bahrain/,No numeric ranking evidence supplied for this keyword,No exact phrase found; contextual coverage required,Use Dammam/Khobar/Eastern Province coverage first; create a dedicated page only after unique intent and sufficient facts are confirmed,High if split into thin locality pages,Add safely to existing page or evaluate hub,Use Dammam/Khobar/Eastern Province coverage first; create a dedicated page only after unique intent and sufficient facts are confirmed,Generated from validated route + service pattern; verify before page creation
380,P0,family transport from Bahrain to Aramco,EN,Systematic long-tail expansion,Commercial,Bahrain,Aramco,Family/group,Bahrain → Aramco,/bahrain-saudi-gcc-transport/en/bahrain-to-aramco/,No numeric ranking evidence supplied for this keyword,No exact phrase found; contextual coverage required,Use Dammam/Khobar/Eastern Province coverage first; create a dedicated page only after unique intent and sufficient facts are confirmed,High if split into thin locality pages,Add safely to existing page or evaluate hub,Use Dammam/Khobar/Eastern Province coverage first; create a dedicated page only after unique intent and sufficient facts are confirmed,Generated from validated route + service pattern; verify before page creation
381,P0,family transport from Bahrain to Dammam,EN,Systematic long-tail expansion,Commercial,Bahrain,Dammam,Family/group,Bahrain → Dammam,/bahrain-saudi-gcc-transport/en/bahrain-to-dammam/,GSC avg position 14.14; page-two growth opportunity,Dedicated bilingual route page exists,Add naturally to the existing bilingual route/airport page and strengthen related internal links and FAQs,Medium; avoid duplicating the paired route or airport page,Improve underperforming existing page,Add naturally to the existing bilingual route/airport page and strengthen related internal links and FAQs,Generated from validated route + service pattern; verify before page creation
382,P0,family transport from Bahrain to Dammam Airport,EN,Systematic long-tail expansion,Commercial,Bahrain,Dammam Airport,Family/group,Bahrain → Dammam Airport,/bahrain-saudi-gcc-transport/en/bahrain-to-dammam-airport/,Covered by route and dedicated airport pages; no separate numeric position supplied,Dedicated bilingual route page exists,Add naturally to the existing bilingual route/airport page and strengthen related internal links and FAQs,Medium; avoid duplicating the paired route or airport page,Improve underperforming existing page,Add naturally to the existing bilingual route/airport page and strengthen related internal links and FAQs,Generated from validated route + service pattern; verify before page creation
383,P0,family transport from Bahrain to Dhahran,EN,Systematic long-tail expansion,Commercial,Bahrain,Dhahran,Family/group,Bahrain → Dhahran,/bahrain-saudi-gcc-transport/en/bahrain-to-dhahran/,No numeric ranking evidence supplied for this keyword,No exact phrase found; contextual coverage required,Use Dammam/Khobar/Eastern Province coverage first; create a dedicated page only after unique intent and sufficient facts are confirmed,High if split into thin locality pages,Add safely to existing page or evaluate hub,Use Dammam/Khobar/Eastern Province coverage first; create a dedicated page only after unique intent and sufficient facts are confirmed,Generated from validated route + service pattern; verify before page creation
384,P0,family transport from Bahrain to Doha,EN,Systematic long-tail expansion,Commercial,Bahrain,Doha,Family/group,Bahrain → Doha,/bahrain-saudi-gcc-transport/en/bahrain-to-qatar/,GSC avg position 7.88; page-one winner,Dedicated bilingual route page exists,Leave primary SEO fields and ranking content unchanged; add only small safe conversion support,High; protect existing winner,Protect,Leave primary SEO fields and ranking content unchanged; add only small safe conversion support,Generated from validated route + service pattern; verify before page creation
385,P0,family transport from Bahrain to Khobar,EN,Systematic long-tail expansion,Commercial,Bahrain,Khobar,Family/group,Bahrain → Khobar,/bahrain-saudi-gcc-transport/en/bahrain-to-khobar/,GSC avg position 22.66; authority/ranking gap,Dedicated bilingual route page exists,Add naturally to the existing bilingual route/airport page and strengthen related internal links and FAQs,Medium; avoid duplicating the paired route or airport page,Improve underperforming existing page,Add naturally to the existing bilingual route/airport page and strengthen related internal links and FAQs,Generated from validated route + service pattern; verify before page creation
386,P0,family transport from Bahrain to Kuwait City,EN,Systematic long-tail expansion,Commercial,Bahrain,Kuwait City,Family/group,Bahrain → Kuwait City,/bahrain-saudi-gcc-transport/en/bahrain-to-kuwait/,GSC avg position 8.48; page-one winner with CTR opportunity,Dedicated bilingual route page exists,Leave primary SEO fields and ranking content unchanged; add only small safe conversion support,High; protect existing winner,Protect,Leave primary SEO fields and ranking content unchanged; add only small safe conversion support,Generated from validated route + service pattern; verify before page creation
387,P0,family transport from Dammam Airport to Bahrain,EN,Systematic long-tail expansion,Commercial,Dammam Airport,Bahrain,Family/group,Dammam Airport → Bahrain,/bahrain-saudi-gcc-transport/en/dammam-airport-to-bahrain/,Covered by route and dedicated airport pages; no separate numeric position supplied,Dedicated bilingual route page exists,Add naturally to the existing bilingual route/airport page and strengthen related internal links and FAQs,Medium; avoid duplicating the paired route or airport page,Improve underperforming existing page,Add naturally to the existing bilingual route/airport page and strengthen related internal links and FAQs,Generated from validated route + service pattern; verify before page creation
388,P0,family transport from Dammam to Bahrain,EN,Systematic long-tail expansion,Commercial,Dammam,Bahrain,Family/group,Dammam → Bahrain,/bahrain-saudi-gcc-transport/en/dammam-to-bahrain/,GSC avg position 14.14; page-two growth opportunity,Dedicated bilingual route page exists,Add naturally to the existing bilingual route/airport page and strengthen related internal links and FAQs,Medium; avoid duplicating the paired route or airport page,Improve underperforming existing page,Add naturally to the existing bilingual route/airport page and strengthen related internal links and FAQs,Generated from validated route + service pattern; verify before page creation
389,P0,family transport from Dhahran to Bahrain,EN,Systematic long-tail expansion,Commercial,Dhahran,Bahrain,Family/group,Dhahran → Bahrain,/bahrain-saudi-gcc-transport/en/dhahran-to-bahrain/,No numeric ranking evidence supplied for this keyword,No exact phrase found; contextual coverage required,Use Dammam/Khobar/Eastern Province coverage first; create a dedicated page only after unique intent and sufficient facts are confirmed,High if split into thin locality pages,Add safely to existing page or evaluate hub,Use Dammam/Khobar/Eastern Province coverage first; create a dedicated page only after unique intent and sufficient facts are confirmed,Generated from validated route + service pattern; verify before page creation
390,P0,family transport from Doha to Bahrain,EN,Systematic long-tail expansion,Commercial,Doha,Bahrain,Family/group,Doha → Bahrain,/bahrain-saudi-gcc-transport/en/qatar-to-bahrain/,GSC avg position 7.88; page-one winner,Dedicated bilingual route page exists,Leave primary SEO fields and ranking content unchanged; add only small safe conversion support,High; protect existing winner,Protect,Leave primary SEO fields and ranking content unchanged; add only small safe conversion support,Generated from validated route + service pattern; verify before page creation
391,P0,family transport from Khobar to Bahrain,EN,Systematic long-tail expansion,Commercial,Khobar,Bahrain,Family/group,Khobar → Bahrain,/bahrain-saudi-gcc-transport/en/khobar-to-bahrain/,GSC avg position 22.66; authority/ranking gap,Dedicated bilingual route page exists,Add naturally to the existing bilingual route/airport page and strengthen related internal links and FAQs,Medium; avoid duplicating the paired route or airport page,Improve underperforming existing page,Add naturally to the existing bilingual route/airport page and strengthen related internal links and FAQs,Generated from validated route + service pattern; verify before page creation
392,P0,family transport from Kuwait City to Bahrain,EN,Systematic long-tail expansion,Commercial,Kuwait City,Bahrain,Family/group,Kuwait City → Bahrain,/bahrain-saudi-gcc-transport/en/kuwait-to-bahrain/,GSC avg position 8.48; page-one winner with CTR opportunity,Dedicated bilingual route page exists,Leave primary SEO fields and ranking content unchanged; add only small safe conversion support,High; protect existing winner,Protect,Leave primary SEO fields and ranking content unchanged; add only small safe conversion support,Generated from validated route + service pattern; verify before page creation
393,P0,how many hours from Aramco to Bahrain,EN,Systematic long-tail expansion,Informational,Aramco,Bahrain,Travel time,Aramco → Bahrain,/bahrain-saudi-gcc-transport/en/aramco-to-bahrain/,No numeric ranking evidence supplied for this keyword,No exact phrase found; contextual coverage required,Use Dammam/Khobar/Eastern Province coverage first; create a dedicated page only after unique intent and sufficient facts are confirmed,High if split into thin locality pages,Add safely to existing page or evaluate hub,Use Dammam/Khobar/Eastern Province coverage first; create a dedicated page only after unique intent and sufficient facts are confirmed,Generated from validated route + service pattern; verify before page creation
394,P0,how many hours from Bahrain to Aramco,EN,Systematic long-tail expansion,Informational,Bahrain,Aramco,Travel time,Bahrain → Aramco,/bahrain-saudi-gcc-transport/en/bahrain-to-aramco/,No numeric ranking evidence supplied for this keyword,No exact phrase found; contextual coverage required,Use Dammam/Khobar/Eastern Province coverage first; create a dedicated page only after unique intent and sufficient facts are confirmed,High if split into thin locality pages,Add safely to existing page or evaluate hub,Use Dammam/Khobar/Eastern Province coverage first; create a dedicated page only after unique intent and sufficient facts are confirmed,Generated from validated route + service pattern; verify before page creation
395,P0,how many hours from Bahrain to Dammam,EN,Systematic long-tail expansion,Informational,Bahrain,Dammam,Travel time,Bahrain → Dammam,/bahrain-saudi-gcc-transport/en/bahrain-to-dammam/,GSC avg position 14.14; page-two growth opportunity,Dedicated bilingual route page exists,Add naturally to the existing bilingual route/airport page and strengthen related internal links and FAQs,Medium; avoid duplicating the paired route or airport page,Improve underperforming existing page,Add naturally to the existing bilingual route/airport page and strengthen related internal links and FAQs,Generated from validated route + service pattern; verify before page creation
396,P0,how many hours from Bahrain to Dammam Airport,EN,Systematic long-tail expansion,Informational,Bahrain,Dammam Airport,Travel time,Bahrain → Dammam Airport,/bahrain-saudi-gcc-transport/en/bahrain-to-dammam-airport/,Covered by route and dedicated airport pages; no separate numeric position supplied,Dedicated bilingual route page exists,Add naturally to the existing bilingual route/airport page and strengthen related internal links and FAQs,Medium; avoid duplicating the paired route or airport page,Improve underperforming existing page,Add naturally to the existing bilingual route/airport page and strengthen related internal links and FAQs,Generated from validated route + service pattern; verify before page creation
397,P0,how many hours from Bahrain to Dhahran,EN,Systematic long-tail expansion,Informational,Bahrain,Dhahran,Travel time,Bahrain → Dhahran,/bahrain-saudi-gcc-transport/en/bahrain-to-dhahran/,No numeric ranking evidence supplied for this keyword,No exact phrase found; contextual coverage required,Use Dammam/Khobar/Eastern Province coverage first; create a dedicated page only after unique intent and sufficient facts are confirmed,High if split into thin locality pages,Add safely to existing page or evaluate hub,Use Dammam/Khobar/Eastern Province coverage first; create a dedicated page only after unique intent and sufficient facts are confirmed,Generated from validated route + service pattern; verify before page creation
398,P0,how many hours from Bahrain to Doha,EN,Systematic long-tail expansion,Informational,Bahrain,Doha,Travel time,Bahrain → Doha,/bahrain-saudi-gcc-transport/en/bahrain-to-qatar/,GSC avg position 7.88; page-one winner,Dedicated bilingual route page exists,Leave primary SEO fields and ranking content unchanged; add only small safe conversion support,High; protect existing winner,Protect,Leave primary SEO fields and ranking content unchanged; add only small safe conversion support,Generated from validated route + service pattern; verify before page creation
399,P0,how many hours from Bahrain to Khobar,EN,Systematic long-tail expansion,Informational,Bahrain,Khobar,Travel time,Bahrain → Khobar,/bahrain-saudi-gcc-transport/en/bahrain-to-khobar/,GSC avg position 22.66; authority/ranking gap,Dedicated bilingual route page exists,Add naturally to the existing bilingual route/airport page and strengthen related internal links and FAQs,Medium; avoid duplicating the paired route or airport page,Improve underperforming existing page,Add naturally to the existing bilingual route/airport page and strengthen related internal links and FAQs,Generated from validated route + service pattern; verify before page creation
400,P0,how many hours from Bahrain to Kuwait City,EN,Systematic long-tail expansion,Informational,Bahrain,Kuwait City,Travel time,Bahrain → Kuwait City,/bahrain-saudi-gcc-transport/en/bahrain-to-kuwait/,GSC avg position 8.48; page-one winner with CTR opportunity,Dedicated bilingual route page exists,Leave primary SEO fields and ranking content unchanged; add only small safe conversion support,High; protect existing winner,Protect,Leave primary SEO fields and ranking content unchanged; add only small safe conversion support,Generated from validated route + service pattern; verify before page creation
401,P0,how many hours from Dammam Airport to Bahrain,EN,Systematic long-tail expansion,Informational,Dammam Airport,Bahrain,Travel time,Dammam Airport → Bahrain,/bahrain-saudi-gcc-transport/en/dammam-airport-to-bahrain/,Covered by route and dedicated airport pages; no separate numeric position supplied,Dedicated bilingual route page exists,Add naturally to the existing bilingual route/airport page and strengthen related internal links and FAQs,Medium; avoid duplicating the paired route or airport page,Improve underperforming existing page,Add naturally to the existing bilingual route/airport page and strengthen related internal links and FAQs,Generated from validated route + service pattern; verify before page creation
402,P0,how many hours from Dammam to Bahrain,EN,Systematic long-tail expansion,Informational,Dammam,Bahrain,Travel time,Dammam → Bahrain,/bahrain-saudi-gcc-transport/en/dammam-to-bahrain/,GSC avg position 14.14; page-two growth opportunity,Dedicated bilingual route page exists,Add naturally to the existing bilingual route/airport page and strengthen related internal links and FAQs,Medium; avoid duplicating the paired route or airport page,Improve underperforming existing page,Add naturally to the existing bilingual route/airport page and strengthen related internal links and FAQs,Generated from validated route + service pattern; verify before page creation
403,P0,how many hours from Dhahran to Bahrain,EN,Systematic long-tail expansion,Informational,Dhahran,Bahrain,Travel time,Dhahran → Bahrain,/bahrain-saudi-gcc-transport/en/dhahran-to-bahrain/,No numeric ranking evidence supplied for this keyword,No exact phrase found; contextual coverage required,Use Dammam/Khobar/Eastern Province coverage first; create a dedicated page only after unique intent and sufficient facts are confirmed,High if split into thin locality pages,Add safely to existing page or evaluate hub,Use Dammam/Khobar/Eastern Province coverage first; create a dedicated page only after unique intent and sufficient facts are confirmed,Generated from validated route + service pattern; verify before page creation
404,P0,how many hours from Doha to Bahrain,EN,Systematic long-tail expansion,Informational,Doha,Bahrain,Travel time,Doha → Bahrain,/bahrain-saudi-gcc-transport/en/qatar-to-bahrain/,GSC avg position 7.88; page-one winner,Dedicated bilingual route page exists,Leave primary SEO fields and ranking content unchanged; add only small safe conversion support,High; protect existing winner,Protect,Leave primary SEO fields and ranking content unchanged; add only small safe conversion support,Generated from validated route + service pattern; verify before page creation
405,P0,how many hours from Khobar to Bahrain,EN,Systematic long-tail expansion,Informational,Khobar,Bahrain,Travel time,Khobar → Bahrain,/bahrain-saudi-gcc-transport/en/khobar-to-bahrain/,GSC avg position 22.66; authority/ranking gap,Dedicated bilingual route page exists,Add naturally to the existing bilingual route/airport page and strengthen related internal links and FAQs,Medium; avoid duplicating the paired route or airport page,Improve underperforming existing page,Add naturally to the existing bilingual route/airport page and strengthen related internal links and FAQs,Generated from validated route + service pattern; verify before page creation
406,P0,how many hours from Kuwait City to Bahrain,EN,Systematic long-tail expansion,Informational,Kuwait City,Bahrain,Travel time,Kuwait City → Bahrain,/bahrain-saudi-gcc-transport/en/kuwait-to-bahrain/,GSC avg position 8.48; page-one winner with CTR opportunity,Dedicated bilingual route page exists,Leave primary SEO fields and ranking content unchanged; add only small safe conversion support,High; protect existing winner,Protect,Leave primary SEO fields and ranking content unchanged; add only small safe conversion support,Generated from validated route + service pattern; verify before page creation
407,P0,khobar to bahrain by car,EN,Google Autocomplete — observed,Informational,,,Observed wording,Route / service cluster,/bahrain-saudi-gcc-transport/en/khobar-to-bahrain/,GSC avg position 22.66; authority/ranking gap,No exact phrase found; contextual coverage required,Add naturally to the existing bilingual route/airport page and strengthen related internal links and FAQs,Medium; avoid duplicating the paired route or airport page,Improve underperforming existing page,Add naturally to the existing bilingual route/airport page and strengthen related internal links and FAQs,Directly observed in Google Bahrain suggestions on 16 Sep 2026
408,P0,Khobar to Bahrain distance by road,EN,Systematic long-tail expansion,Informational,Khobar,Bahrain,Distance,Khobar → Bahrain,/bahrain-saudi-gcc-transport/en/khobar-to-bahrain/,GSC avg position 22.66; authority/ranking gap,Dedicated bilingual route page exists,Add naturally to the existing bilingual route/airport page and strengthen related internal links and FAQs,Medium; avoid duplicating the paired route or airport page,Improve underperforming existing page,Add naturally to the existing bilingual route/airport page and strengthen related internal links and FAQs,Generated from validated route + service pattern; verify before page creation
409,P0,Khobar to Bahrain taxi price,EN,Systematic long-tail expansion,Price,Khobar,Bahrain,Pricing,Khobar → Bahrain,/bahrain-saudi-gcc-transport/en/khobar-to-bahrain/,GSC avg position 22.66; authority/ranking gap,Dedicated bilingual route page exists,Add naturally to the existing bilingual route/airport page and strengthen related internal links and FAQs,Medium; avoid duplicating the paired route or airport page,Improve underperforming existing page,Add naturally to the existing bilingual route/airport page and strengthen related internal links and FAQs,Generated from validated route + service pattern; verify before page creation
410,P0,Khobar to Bahrain transfer,EN,Systematic long-tail expansion,Commercial,Khobar,Bahrain,Transfer,Khobar → Bahrain,/bahrain-saudi-gcc-transport/en/khobar-to-bahrain/,GSC avg position 22.66; authority/ranking gap,Dedicated bilingual route page exists,Add naturally to the existing bilingual route/airport page and strengthen related internal links and FAQs,Medium; avoid duplicating the paired route or airport page,Improve underperforming existing page,Add naturally to the existing bilingual route/airport page and strengthen related internal links and FAQs,Generated from validated route + service pattern; verify before page creation
411,P0,Khobar to Bahrain transport,EN,Systematic long-tail expansion,Commercial,Khobar,Bahrain,Transport,Khobar → Bahrain,/bahrain-saudi-gcc-transport/en/khobar-to-bahrain/,GSC avg position 22.66; authority/ranking gap,Dedicated bilingual route page exists,Add naturally to the existing bilingual route/airport page and strengthen related internal links and FAQs,Medium; avoid duplicating the paired route or airport page,Improve underperforming existing page,Add naturally to the existing bilingual route/airport page and strengthen related internal links and FAQs,Generated from validated route + service pattern; verify before page creation
412,P0,Kuwait City to Bahrain by car,EN,Systematic long-tail expansion,Informational,Kuwait City,Bahrain,Driving,Kuwait City → Bahrain,/bahrain-saudi-gcc-transport/en/kuwait-to-bahrain/,GSC avg position 8.48; page-one winner with CTR opportunity,Dedicated bilingual route page exists,Leave primary SEO fields and ranking content unchanged; add only small safe conversion support,High; protect existing winner,Protect,Leave primary SEO fields and ranking content unchanged; add only small safe conversion support,Generated from validated route + service pattern; verify before page creation
413,P0,Kuwait City to Bahrain distance by road,EN,Systematic long-tail expansion,Informational,Kuwait City,Bahrain,Distance,Kuwait City → Bahrain,/bahrain-saudi-gcc-transport/en/kuwait-to-bahrain/,GSC avg position 8.48; page-one winner with CTR opportunity,Dedicated bilingual route page exists,Leave primary SEO fields and ranking content unchanged; add only small safe conversion support,High; protect existing winner,Protect,Leave primary SEO fields and ranking content unchanged; add only small safe conversion support,Generated from validated route + service pattern; verify before page creation
414,P0,Kuwait City to Bahrain taxi price,EN,Systematic long-tail expansion,Price,Kuwait City,Bahrain,Pricing,Kuwait City → Bahrain,/bahrain-saudi-gcc-transport/en/kuwait-to-bahrain/,GSC avg position 8.48; page-one winner with CTR opportunity,Dedicated bilingual route page exists,Leave primary SEO fields and ranking content unchanged; add only small safe conversion support,High; protect existing winner,Protect,Leave primary SEO fields and ranking content unchanged; add only small safe conversion support,Generated from validated route + service pattern; verify before page creation
415,P0,Kuwait City to Bahrain transfer,EN,Systematic long-tail expansion,Commercial,Kuwait City,Bahrain,Transfer,Kuwait City → Bahrain,/bahrain-saudi-gcc-transport/en/kuwait-to-bahrain/,GSC avg position 8.48; page-one winner with CTR opportunity,Dedicated bilingual route page exists,Leave primary SEO fields and ranking content unchanged; add only small safe conversion support,High; protect existing winner,Protect,Leave primary SEO fields and ranking content unchanged; add only small safe conversion support,Generated from validated route + service pattern; verify before page creation
416,P0,Kuwait City to Bahrain transport,EN,Systematic long-tail expansion,Commercial,Kuwait City,Bahrain,Transport,Kuwait City → Bahrain,/bahrain-saudi-gcc-transport/en/kuwait-to-bahrain/,GSC avg position 8.48; page-one winner with CTR opportunity,Dedicated bilingual route page exists,Leave primary SEO fields and ranking content unchanged; add only small safe conversion support,High; protect existing winner,Protect,Leave primary SEO fields and ranking content unchanged; add only small safe conversion support,Generated from validated route + service pattern; verify before page creation
417,P0,parcel delivery from Aramco to Bahrain,EN,Systematic long-tail expansion,Commercial,Aramco,Bahrain,Small parcel,Aramco → Bahrain,/bahrain-saudi-gcc-transport/en/aramco-to-bahrain/,No numeric ranking evidence supplied for this keyword,No exact phrase found; contextual coverage required,Use Dammam/Khobar/Eastern Province coverage first; create a dedicated page only after unique intent and sufficient facts are confirmed,High if split into thin locality pages,Add safely to existing page or evaluate hub,Use Dammam/Khobar/Eastern Province coverage first; create a dedicated page only after unique intent and sufficient facts are confirmed,Generated from validated route + service pattern; verify before page creation
418,P0,parcel delivery from Bahrain to Aramco,EN,Systematic long-tail expansion,Commercial,Bahrain,Aramco,Small parcel,Bahrain → Aramco,/bahrain-saudi-gcc-transport/en/bahrain-to-aramco/,No numeric ranking evidence supplied for this keyword,No exact phrase found; contextual coverage required,Use Dammam/Khobar/Eastern Province coverage first; create a dedicated page only after unique intent and sufficient facts are confirmed,High if split into thin locality pages,Add safely to existing page or evaluate hub,Use Dammam/Khobar/Eastern Province coverage first; create a dedicated page only after unique intent and sufficient facts are confirmed,Generated from validated route + service pattern; verify before page creation
419,P0,parcel delivery from Bahrain to Dammam,EN,Systematic long-tail expansion,Commercial,Bahrain,Dammam,Small parcel,Bahrain → Dammam,/bahrain-saudi-gcc-transport/en/bahrain-to-dammam/,GSC avg position 14.14; page-two growth opportunity,Dedicated bilingual route page exists,Add naturally to the existing bilingual route/airport page and strengthen related internal links and FAQs,Medium; avoid duplicating the paired route or airport page,Improve underperforming existing page,Add naturally to the existing bilingual route/airport page and strengthen related internal links and FAQs,Generated from validated route + service pattern; verify before page creation
420,P0,parcel delivery from Bahrain to Dammam Airport,EN,Systematic long-tail expansion,Commercial,Bahrain,Dammam Airport,Small parcel,Bahrain → Dammam Airport,/bahrain-saudi-gcc-transport/en/bahrain-to-dammam-airport/,Covered by route and dedicated airport pages; no separate numeric position supplied,Dedicated bilingual route page exists,Add naturally to the existing bilingual route/airport page and strengthen related internal links and FAQs,Medium; avoid duplicating the paired route or airport page,Improve underperforming existing page,Add naturally to the existing bilingual route/airport page and strengthen related internal links and FAQs,Generated from validated route + service pattern; verify before page creation
421,P0,parcel delivery from Bahrain to Dhahran,EN,Systematic long-tail expansion,Commercial,Bahrain,Dhahran,Small parcel,Bahrain → Dhahran,/bahrain-saudi-gcc-transport/en/bahrain-to-dhahran/,No numeric ranking evidence supplied for this keyword,No exact phrase found; contextual coverage required,Use Dammam/Khobar/Eastern Province coverage first; create a dedicated page only after unique intent and sufficient facts are confirmed,High if split into thin locality pages,Add safely to existing page or evaluate hub,Use Dammam/Khobar/Eastern Province coverage first; create a dedicated page only after unique intent and sufficient facts are confirmed,Generated from validated route + service pattern; verify before page creation
422,P0,parcel delivery from Bahrain to Doha,EN,Systematic long-tail expansion,Commercial,Bahrain,Doha,Small parcel,Bahrain → Doha,/bahrain-saudi-gcc-transport/en/bahrain-to-qatar/,GSC avg position 7.88; page-one winner,Dedicated bilingual route page exists,Leave primary SEO fields and ranking content unchanged; add only small safe conversion support,High; protect existing winner,Protect,Leave primary SEO fields and ranking content unchanged; add only small safe conversion support,Generated from validated route + service pattern; verify before page creation
423,P0,parcel delivery from Bahrain to Khobar,EN,Systematic long-tail expansion,Commercial,Bahrain,Khobar,Small parcel,Bahrain → Khobar,/bahrain-saudi-gcc-transport/en/bahrain-to-khobar/,GSC avg position 22.66; authority/ranking gap,Dedicated bilingual route page exists,Add naturally to the existing bilingual route/airport page and strengthen related internal links and FAQs,Medium; avoid duplicating the paired route or airport page,Improve underperforming existing page,Add naturally to the existing bilingual route/airport page and strengthen related internal links and FAQs,Generated from validated route + service pattern; verify before page creation
424,P0,parcel delivery from Bahrain to Kuwait City,EN,Systematic long-tail expansion,Commercial,Bahrain,Kuwait City,Small parcel,Bahrain → Kuwait City,/bahrain-saudi-gcc-transport/en/bahrain-to-kuwait/,GSC avg position 8.48; page-one winner with CTR opportunity,Dedicated bilingual route page exists,Leave primary SEO fields and ranking content unchanged; add only small safe conversion support,High; protect existing winner,Protect,Leave primary SEO fields and ranking content unchanged; add only small safe conversion support,Generated from validated route + service pattern; verify before page creation
425,P0,parcel delivery from Dammam Airport to Bahrain,EN,Systematic long-tail expansion,Commercial,Dammam Airport,Bahrain,Small parcel,Dammam Airport → Bahrain,/bahrain-saudi-gcc-transport/en/dammam-airport-to-bahrain/,Covered by route and dedicated airport pages; no separate numeric position supplied,Dedicated bilingual route page exists,Add naturally to the existing bilingual route/airport page and strengthen related internal links and FAQs,Medium; avoid duplicating the paired route or airport page,Improve underperforming existing page,Add naturally to the existing bilingual route/airport page and strengthen related internal links and FAQs,Generated from validated route + service pattern; verify before page creation
426,P0,parcel delivery from Dammam to Bahrain,EN,Systematic long-tail expansion,Commercial,Dammam,Bahrain,Small parcel,Dammam → Bahrain,/bahrain-saudi-gcc-transport/en/dammam-to-bahrain/,GSC avg position 14.14; page-two growth opportunity,Dedicated bilingual route page exists,Add naturally to the existing bilingual route/airport page and strengthen related internal links and FAQs,Medium; avoid duplicating the paired route or airport page,Improve underperforming existing page,Add naturally to the existing bilingual route/airport page and strengthen related internal links and FAQs,Generated from validated route + service pattern; verify before page creation
427,P0,parcel delivery from Dhahran to Bahrain,EN,Systematic long-tail expansion,Commercial,Dhahran,Bahrain,Small parcel,Dhahran → Bahrain,/bahrain-saudi-gcc-transport/en/dhahran-to-bahrain/,No numeric ranking evidence supplied for this keyword,No exact phrase found; contextual coverage required,Use Dammam/Khobar/Eastern Province coverage first; create a dedicated page only after unique intent and sufficient facts are confirmed,High if split into thin locality pages,Add safely to existing page or evaluate hub,Use Dammam/Khobar/Eastern Province coverage first; create a dedicated page only after unique intent and sufficient facts are confirmed,Generated from validated route + service pattern; verify before page creation
428,P0,parcel delivery from Doha to Bahrain,EN,Systematic long-tail expansion,Commercial,Doha,Bahrain,Small parcel,Doha → Bahrain,/bahrain-saudi-gcc-transport/en/qatar-to-bahrain/,GSC avg position 7.88; page-one winner,Dedicated bilingual route page exists,Leave primary SEO fields and ranking content unchanged; add only small safe conversion support,High; protect existing winner,Protect,Leave primary SEO fields and ranking content unchanged; add only small safe conversion support,Generated from validated route + service pattern; verify before page creation
429,P0,parcel delivery from Khobar to Bahrain,EN,Systematic long-tail expansion,Commercial,Khobar,Bahrain,Small parcel,Khobar → Bahrain,/bahrain-saudi-gcc-transport/en/khobar-to-bahrain/,GSC avg position 22.66; authority/ranking gap,Dedicated bilingual route page exists,Add naturally to the existing bilingual route/airport page and strengthen related internal links and FAQs,Medium; avoid duplicating the paired route or airport page,Improve underperforming existing page,Add naturally to the existing bilingual route/airport page and strengthen related internal links and FAQs,Generated from validated route + service pattern; verify before page creation
430,P0,parcel delivery from Kuwait City to Bahrain,EN,Systematic long-tail expansion,Commercial,Kuwait City,Bahrain,Small parcel,Kuwait City → Bahrain,/bahrain-saudi-gcc-transport/en/kuwait-to-bahrain/,GSC avg position 8.48; page-one winner with CTR opportunity,Dedicated bilingual route page exists,Leave primary SEO fields and ranking content unchanged; add only small safe conversion support,High; protect existing winner,Protect,Leave primary SEO fields and ranking content unchanged; add only small safe conversion support,Generated from validated route + service pattern; verify before page creation
431,P0,private car from Aramco to Bahrain,EN,Systematic long-tail expansion,Commercial,Aramco,Bahrain,Private transfer,Aramco → Bahrain,/bahrain-saudi-gcc-transport/en/aramco-to-bahrain/,No numeric ranking evidence supplied for this keyword,No exact phrase found; contextual coverage required,Use Dammam/Khobar/Eastern Province coverage first; create a dedicated page only after unique intent and sufficient facts are confirmed,High if split into thin locality pages,Add safely to existing page or evaluate hub,Use Dammam/Khobar/Eastern Province coverage first; create a dedicated page only after unique intent and sufficient facts are confirmed,Generated from validated route + service pattern; verify before page creation
432,P0,private car from Bahrain to Aramco,EN,Systematic long-tail expansion,Commercial,Bahrain,Aramco,Private transfer,Bahrain → Aramco,/bahrain-saudi-gcc-transport/en/bahrain-to-aramco/,No numeric ranking evidence supplied for this keyword,No exact phrase found; contextual coverage required,Use Dammam/Khobar/Eastern Province coverage first; create a dedicated page only after unique intent and sufficient facts are confirmed,High if split into thin locality pages,Add safely to existing page or evaluate hub,Use Dammam/Khobar/Eastern Province coverage first; create a dedicated page only after unique intent and sufficient facts are confirmed,Generated from validated route + service pattern; verify before page creation
433,P0,private car from Bahrain to Dammam,EN,Systematic long-tail expansion,Commercial,Bahrain,Dammam,Private transfer,Bahrain → Dammam,/bahrain-saudi-gcc-transport/en/bahrain-to-dammam/,GSC avg position 14.14; page-two growth opportunity,Dedicated bilingual route page exists,Add naturally to the existing bilingual route/airport page and strengthen related internal links and FAQs,Medium; avoid duplicating the paired route or airport page,Improve underperforming existing page,Add naturally to the existing bilingual route/airport page and strengthen related internal links and FAQs,Generated from validated route + service pattern; verify before page creation
434,P0,private car from Bahrain to Dammam Airport,EN,Systematic long-tail expansion,Commercial,Bahrain,Dammam Airport,Private transfer,Bahrain → Dammam Airport,/bahrain-saudi-gcc-transport/en/bahrain-to-dammam-airport/,Covered by route and dedicated airport pages; no separate numeric position supplied,Dedicated bilingual route page exists,Add naturally to the existing bilingual route/airport page and strengthen related internal links and FAQs,Medium; avoid duplicating the paired route or airport page,Improve underperforming existing page,Add naturally to the existing bilingual route/airport page and strengthen related internal links and FAQs,Generated from validated route + service pattern; verify before page creation
435,P0,private car from Bahrain to Dhahran,EN,Systematic long-tail expansion,Commercial,Bahrain,Dhahran,Private transfer,Bahrain → Dhahran,/bahrain-saudi-gcc-transport/en/bahrain-to-dhahran/,No numeric ranking evidence supplied for this keyword,No exact phrase found; contextual coverage required,Use Dammam/Khobar/Eastern Province coverage first; create a dedicated page only after unique intent and sufficient facts are confirmed,High if split into thin locality pages,Add safely to existing page or evaluate hub,Use Dammam/Khobar/Eastern Province coverage first; create a dedicated page only after unique intent and sufficient facts are confirmed,Generated from validated route + service pattern; verify before page creation
436,P0,private car from Bahrain to Doha,EN,Systematic long-tail expansion,Commercial,Bahrain,Doha,Private transfer,Bahrain → Doha,/bahrain-saudi-gcc-transport/en/bahrain-to-qatar/,GSC avg position 7.88; page-one winner,Dedicated bilingual route page exists,Leave primary SEO fields and ranking content unchanged; add only small safe conversion support,High; protect existing winner,Protect,Leave primary SEO fields and ranking content unchanged; add only small safe conversion support,Generated from validated route + service pattern; verify before page creation
437,P0,private car from Bahrain to Khobar,EN,Systematic long-tail expansion,Commercial,Bahrain,Khobar,Private transfer,Bahrain → Khobar,/bahrain-saudi-gcc-transport/en/bahrain-to-khobar/,GSC avg position 22.66; authority/ranking gap,Dedicated bilingual route page exists,Add naturally to the existing bilingual route/airport page and strengthen related internal links and FAQs,Medium; avoid duplicating the paired route or airport page,Improve underperforming existing page,Add naturally to the existing bilingual route/airport page and strengthen related internal links and FAQs,Generated from validated route + service pattern; verify before page creation
438,P0,private car from Bahrain to Kuwait City,EN,Systematic long-tail expansion,Commercial,Bahrain,Kuwait City,Private transfer,Bahrain → Kuwait City,/bahrain-saudi-gcc-transport/en/bahrain-to-kuwait/,GSC avg position 8.48; page-one winner with CTR opportunity,Dedicated bilingual route page exists,Leave primary SEO fields and ranking content unchanged; add only small safe conversion support,High; protect existing winner,Protect,Leave primary SEO fields and ranking content unchanged; add only small safe conversion support,Generated from validated route + service pattern; verify before page creation
439,P0,private car from Dammam Airport to Bahrain,EN,Systematic long-tail expansion,Commercial,Dammam Airport,Bahrain,Private transfer,Dammam Airport → Bahrain,/bahrain-saudi-gcc-transport/en/dammam-airport-to-bahrain/,Covered by route and dedicated airport pages; no separate numeric position supplied,Dedicated bilingual route page exists,Add naturally to the existing bilingual route/airport page and strengthen related internal links and FAQs,Medium; avoid duplicating the paired route or airport page,Improve underperforming existing page,Add naturally to the existing bilingual route/airport page and strengthen related internal links and FAQs,Generated from validated route + service pattern; verify before page creation
440,P0,private car from Dammam to Bahrain,EN,Systematic long-tail expansion,Commercial,Dammam,Bahrain,Private transfer,Dammam → Bahrain,/bahrain-saudi-gcc-transport/en/dammam-to-bahrain/,GSC avg position 14.14; page-two growth opportunity,Dedicated bilingual route page exists,Add naturally to the existing bilingual route/airport page and strengthen related internal links and FAQs,Medium; avoid duplicating the paired route or airport page,Improve underperforming existing page,Add naturally to the existing bilingual route/airport page and strengthen related internal links and FAQs,Generated from validated route + service pattern; verify before page creation
441,P0,private car from Dhahran to Bahrain,EN,Systematic long-tail expansion,Commercial,Dhahran,Bahrain,Private transfer,Dhahran → Bahrain,/bahrain-saudi-gcc-transport/en/dhahran-to-bahrain/,No numeric ranking evidence supplied for this keyword,No exact phrase found; contextual coverage required,Use Dammam/Khobar/Eastern Province coverage first; create a dedicated page only after unique intent and sufficient facts are confirmed,High if split into thin locality pages,Add safely to existing page or evaluate hub,Use Dammam/Khobar/Eastern Province coverage first; create a dedicated page only after unique intent and sufficient facts are confirmed,Generated from validated route + service pattern; verify before page creation
442,P0,private car from Doha to Bahrain,EN,Systematic long-tail expansion,Commercial,Doha,Bahrain,Private transfer,Doha → Bahrain,/bahrain-saudi-gcc-transport/en/qatar-to-bahrain/,GSC avg position 7.88; page-one winner,Dedicated bilingual route page exists,Leave primary SEO fields and ranking content unchanged; add only small safe conversion support,High; protect existing winner,Protect,Leave primary SEO fields and ranking content unchanged; add only small safe conversion support,Generated from validated route + service pattern; verify before page creation
443,P0,private car from Khobar to Bahrain,EN,Systematic long-tail expansion,Commercial,Khobar,Bahrain,Private transfer,Khobar → Bahrain,/bahrain-saudi-gcc-transport/en/khobar-to-bahrain/,GSC avg position 22.66; authority/ranking gap,Dedicated bilingual route page exists,Add naturally to the existing bilingual route/airport page and strengthen related internal links and FAQs,Medium; avoid duplicating the paired route or airport page,Improve underperforming existing page,Add naturally to the existing bilingual route/airport page and strengthen related internal links and FAQs,Generated from validated route + service pattern; verify before page creation
444,P0,private car from Kuwait City to Bahrain,EN,Systematic long-tail expansion,Commercial,Kuwait City,Bahrain,Private transfer,Kuwait City → Bahrain,/bahrain-saudi-gcc-transport/en/kuwait-to-bahrain/,GSC avg position 8.48; page-one winner with CTR opportunity,Dedicated bilingual route page exists,Leave primary SEO fields and ranking content unchanged; add only small safe conversion support,High; protect existing winner,Protect,Leave primary SEO fields and ranking content unchanged; add only small safe conversion support,Generated from validated route + service pattern; verify before page creation
445,P0,taxi from Aramco to Bahrain,EN,Systematic long-tail expansion,Commercial,Aramco,Bahrain,Taxi intent,Aramco → Bahrain,/bahrain-saudi-gcc-transport/en/aramco-to-bahrain/,No numeric ranking evidence supplied for this keyword,No exact phrase found; contextual coverage required,Use Dammam/Khobar/Eastern Province coverage first; create a dedicated page only after unique intent and sufficient facts are confirmed,High if split into thin locality pages,Add safely to existing page or evaluate hub,Use Dammam/Khobar/Eastern Province coverage first; create a dedicated page only after unique intent and sufficient facts are confirmed,Generated from validated route + service pattern; verify before page creation
446,P0,taxi from Bahrain to Aramco,EN,Systematic long-tail expansion,Commercial,Bahrain,Aramco,Taxi intent,Bahrain → Aramco,/bahrain-saudi-gcc-transport/en/bahrain-to-aramco/,No numeric ranking evidence supplied for this keyword,No exact phrase found; contextual coverage required,Use Dammam/Khobar/Eastern Province coverage first; create a dedicated page only after unique intent and sufficient facts are confirmed,High if split into thin locality pages,Add safely to existing page or evaluate hub,Use Dammam/Khobar/Eastern Province coverage first; create a dedicated page only after unique intent and sufficient facts are confirmed,Generated from validated route + service pattern; verify before page creation
447,P0,taxi from Bahrain to Dammam,EN,Systematic long-tail expansion,Commercial,Bahrain,Dammam,Taxi intent,Bahrain → Dammam,/bahrain-saudi-gcc-transport/en/bahrain-to-dammam/,GSC avg position 14.14; page-two growth opportunity,Dedicated bilingual route page exists,Add naturally to the existing bilingual route/airport page and strengthen related internal links and FAQs,Medium; avoid duplicating the paired route or airport page,Improve underperforming existing page,Add naturally to the existing bilingual route/airport page and strengthen related internal links and FAQs,Generated from validated route + service pattern; verify before page creation
448,P0,taxi from Bahrain to Dammam Airport,EN,Systematic long-tail expansion,Commercial,Bahrain,Dammam Airport,Taxi intent,Bahrain → Dammam Airport,/bahrain-saudi-gcc-transport/en/bahrain-to-dammam-airport/,Covered by route and dedicated airport pages; no separate numeric position supplied,Dedicated bilingual route page exists,Add naturally to the existing bilingual route/airport page and strengthen related internal links and FAQs,Medium; avoid duplicating the paired route or airport page,Improve underperforming existing page,Add naturally to the existing bilingual route/airport page and strengthen related internal links and FAQs,Generated from validated route + service pattern; verify before page creation
449,P0,taxi from Bahrain to Dhahran,EN,Systematic long-tail expansion,Commercial,Bahrain,Dhahran,Taxi intent,Bahrain → Dhahran,/bahrain-saudi-gcc-transport/en/bahrain-to-dhahran/,No numeric ranking evidence supplied for this keyword,No exact phrase found; contextual coverage required,Use Dammam/Khobar/Eastern Province coverage first; create a dedicated page only after unique intent and sufficient facts are confirmed,High if split into thin locality pages,Add safely to existing page or evaluate hub,Use Dammam/Khobar/Eastern Province coverage first; create a dedicated page only after unique intent and sufficient facts are confirmed,Generated from validated route + service pattern; verify before page creation
450,P0,taxi from Bahrain to Doha,EN,Systematic long-tail expansion,Commercial,Bahrain,Doha,Taxi intent,Bahrain → Doha,/bahrain-saudi-gcc-transport/en/bahrain-to-qatar/,GSC avg position 7.88; page-one winner,Dedicated bilingual route page exists,Leave primary SEO fields and ranking content unchanged; add only small safe conversion support,High; protect existing winner,Protect,Leave primary SEO fields and ranking content unchanged; add only small safe conversion support,Generated from validated route + service pattern; verify before page creation
451,P0,taxi from Bahrain to Khobar,EN,Systematic long-tail expansion,Commercial,Bahrain,Khobar,Taxi intent,Bahrain → Khobar,/bahrain-saudi-gcc-transport/en/bahrain-to-khobar/,GSC avg position 22.66; authority/ranking gap,Dedicated bilingual route page exists,Add naturally to the existing bilingual route/airport page and strengthen related internal links and FAQs,Medium; avoid duplicating the paired route or airport page,Improve underperforming existing page,Add naturally to the existing bilingual route/airport page and strengthen related internal links and FAQs,Generated from validated route + service pattern; verify before page creation
452,P0,taxi from Bahrain to Kuwait City,EN,Systematic long-tail expansion,Commercial,Bahrain,Kuwait City,Taxi intent,Bahrain → Kuwait City,/bahrain-saudi-gcc-transport/en/bahrain-to-kuwait/,GSC avg position 8.48; page-one winner with CTR opportunity,Dedicated bilingual route page exists,Leave primary SEO fields and ranking content unchanged; add only small safe conversion support,High; protect existing winner,Protect,Leave primary SEO fields and ranking content unchanged; add only small safe conversion support,Generated from validated route + service pattern; verify before page creation
453,P0,taxi from Dammam Airport to Bahrain,EN,Systematic long-tail expansion,Commercial,Dammam Airport,Bahrain,Taxi intent,Dammam Airport → Bahrain,/bahrain-saudi-gcc-transport/en/dammam-airport-to-bahrain/,Covered by route and dedicated airport pages; no separate numeric position supplied,Dedicated bilingual route page exists,Add naturally to the existing bilingual route/airport page and strengthen related internal links and FAQs,Medium; avoid duplicating the paired route or airport page,Improve underperforming existing page,Add naturally to the existing bilingual route/airport page and strengthen related internal links and FAQs,Generated from validated route + service pattern; verify before page creation
454,P0,taxi from Dammam to Bahrain,EN,Systematic long-tail expansion,Commercial,Dammam,Bahrain,Taxi intent,Dammam → Bahrain,/bahrain-saudi-gcc-transport/en/dammam-to-bahrain/,GSC avg position 14.14; page-two growth opportunity,Dedicated bilingual route page exists,Add naturally to the existing bilingual route/airport page and strengthen related internal links and FAQs,Medium; avoid duplicating the paired route or airport page,Improve underperforming existing page,Add naturally to the existing bilingual route/airport page and strengthen related internal links and FAQs,Generated from validated route + service pattern; verify before page creation
455,P0,taxi from Dhahran to Bahrain,EN,Systematic long-tail expansion,Commercial,Dhahran,Bahrain,Taxi intent,Dhahran → Bahrain,/bahrain-saudi-gcc-transport/en/dhahran-to-bahrain/,No numeric ranking evidence supplied for this keyword,No exact phrase found; contextual coverage required,Use Dammam/Khobar/Eastern Province coverage first; create a dedicated page only after unique intent and sufficient facts are confirmed,High if split into thin locality pages,Add safely to existing page or evaluate hub,Use Dammam/Khobar/Eastern Province coverage first; create a dedicated page only after unique intent and sufficient facts are confirmed,Generated from validated route + service pattern; verify before page creation
456,P0,taxi from Doha to Bahrain,EN,Systematic long-tail expansion,Commercial,Doha,Bahrain,Taxi intent,Doha → Bahrain,/bahrain-saudi-gcc-transport/en/qatar-to-bahrain/,GSC avg position 7.88; page-one winner,Dedicated bilingual route page exists,Leave primary SEO fields and ranking content unchanged; add only small safe conversion support,High; protect existing winner,Protect,Leave primary SEO fields and ranking content unchanged; add only small safe conversion support,Generated from validated route + service pattern; verify before page creation
457,P0,taxi from Khobar to Bahrain,EN,Systematic long-tail expansion,Commercial,Khobar,Bahrain,Taxi intent,Khobar → Bahrain,/bahrain-saudi-gcc-transport/en/khobar-to-bahrain/,GSC avg position 22.66; authority/ranking gap,Dedicated bilingual route page exists,Add naturally to the existing bilingual route/airport page and strengthen related internal links and FAQs,Medium; avoid duplicating the paired route or airport page,Improve underperforming existing page,Add naturally to the existing bilingual route/airport page and strengthen related internal links and FAQs,Generated from validated route + service pattern; verify before page creation
458,P0,taxi from Kuwait City to Bahrain,EN,Systematic long-tail expansion,Commercial,Kuwait City,Bahrain,Taxi intent,Kuwait City → Bahrain,/bahrain-saudi-gcc-transport/en/kuwait-to-bahrain/,GSC avg position 8.48; page-one winner with CTR opportunity,Dedicated bilingual route page exists,Leave primary SEO fields and ranking content unchanged; add only small safe conversion support,High; protect existing winner,Protect,Leave primary SEO fields and ranking content unchanged; add only small safe conversion support,Generated from validated route + service pattern; verify before page creation
459,P1,استقبال من مطار البحرين,AR,Service-intent expansion,Commercial,Bahrain,,Airport transfer,Airport transfer,/bahrain-saudi-gcc-transport/,No numeric ranking evidence supplied for this keyword,Exact keyword phrase appears in existing site content,Cluster with an existing service page unless unique intent and enough factual content justify a new page,Medium; validate before publishing,Evaluate for genuinely useful new page,Cluster with an existing service page unless unique intent and enough factual content justify a new page,Service-level opportunity; match only to supported services
460,P1,المسافة من الأحساء الى البحرين بالسيارة,AR,Systematic long-tail expansion,Informational,الأحساء,البحرين,مسافة,الأحساء ← البحرين,/bahrain-saudi-gcc-transport/bahrain-to-al-ahsa/,No numeric ranking evidence supplied for this keyword,Dedicated bilingual route page exists,Use Dammam/Khobar/Eastern Province coverage first; create a dedicated page only after unique intent and sufficient facts are confirmed,High if split into thin locality pages,Add safely to existing page or evaluate hub,Use Dammam/Khobar/Eastern Province coverage first; create a dedicated page only after unique intent and sufficient facts are confirmed,توسعة منهجية لعبارات المسار والخدمة؛ ليست حجم بحث موثق
461,P1,المسافة من البحرين الى الأحساء بالسيارة,AR,Systematic long-tail expansion,Informational,البحرين,الأحساء,مسافة,البحرين ← الأحساء,/bahrain-saudi-gcc-transport/al-ahsa-to-bahrain/,No numeric ranking evidence supplied for this keyword,Dedicated bilingual route page exists,Use Dammam/Khobar/Eastern Province coverage first; create a dedicated page only after unique intent and sufficient facts are confirmed,High if split into thin locality pages,Add safely to existing page or evaluate hub,Use Dammam/Khobar/Eastern Province coverage first; create a dedicated page only after unique intent and sufficient facts are confirmed,توسعة منهجية لعبارات المسار والخدمة؛ ليست حجم بحث موثق
462,P1,المسافة من البحرين الى الجبيل بالسيارة,AR,Systematic long-tail expansion,Informational,البحرين,الجبيل,مسافة,البحرين ← الجبيل,/bahrain-saudi-gcc-transport/jubail-to-bahrain/,No numeric ranking evidence supplied for this keyword,Dedicated bilingual route page exists,Add to the matching route page only when it fits the page intent,Medium; keep one canonical route owner,Add safely to existing page,Add to the matching route page only when it fits the page intent,توسعة منهجية لعبارات المسار والخدمة؛ ليست حجم بحث موثق
463,P1,المسافة من البحرين الى الرياض بالسيارة,AR,Systematic long-tail expansion,Informational,البحرين,الرياض,مسافة,البحرين ← الرياض,/bahrain-saudi-gcc-transport/riyadh-to-bahrain/,Workbook marks route as protected; preserve existing ranking content,Dedicated bilingual route page exists,Leave primary SEO fields and ranking content unchanged; add only small safe conversion support,High; protect existing winner,Protect,Leave primary SEO fields and ranking content unchanged; add only small safe conversion support,توسعة منهجية لعبارات المسار والخدمة؛ ليست حجم بحث موثق
464,P1,المسافة من البحرين الى القطيف بالسيارة,AR,Systematic long-tail expansion,Informational,البحرين,القطيف,مسافة,البحرين ← القطيف,/bahrain-saudi-gcc-transport/qatif-to-bahrain/,No numeric ranking evidence supplied for this keyword,No exact phrase found; contextual coverage required,Use Dammam/Khobar/Eastern Province coverage first; create a dedicated page only after unique intent and sufficient facts are confirmed,High if split into thin locality pages,Add safely to existing page or evaluate hub,Use Dammam/Khobar/Eastern Province coverage first; create a dedicated page only after unique intent and sufficient facts are confirmed,توسعة منهجية لعبارات المسار والخدمة؛ ليست حجم بحث موثق
465,P1,المسافة من البحرين الى الهفوف بالسيارة,AR,Systematic long-tail expansion,Informational,البحرين,الهفوف,مسافة,البحرين ← الهفوف,/bahrain-saudi-gcc-transport/hofuf-to-bahrain/,No numeric ranking evidence supplied for this keyword,No exact phrase found; contextual coverage required,Use Dammam/Khobar/Eastern Province coverage first; create a dedicated page only after unique intent and sufficient facts are confirmed,High if split into thin locality pages,Add safely to existing page or evaluate hub,Use Dammam/Khobar/Eastern Province coverage first; create a dedicated page only after unique intent and sufficient facts are confirmed,توسعة منهجية لعبارات المسار والخدمة؛ ليست حجم بحث موثق
466,P1,المسافة من الجبيل الى البحرين بالسيارة,AR,Systematic long-tail expansion,Informational,الجبيل,البحرين,مسافة,الجبيل ← البحرين,/bahrain-saudi-gcc-transport/bahrain-to-jubail/,No numeric ranking evidence supplied for this keyword,Dedicated bilingual route page exists,Add to the matching route page only when it fits the page intent,Medium; keep one canonical route owner,Add safely to existing page,Add to the matching route page only when it fits the page intent,توسعة منهجية لعبارات المسار والخدمة؛ ليست حجم بحث موثق
467,P1,المسافة من الرياض الى البحرين بالسيارة,AR,Systematic long-tail expansion,Informational,الرياض,البحرين,مسافة,الرياض ← البحرين,/bahrain-saudi-gcc-transport/bahrain-to-riyadh/,Workbook marks route as protected; preserve existing ranking content,Dedicated bilingual route page exists,Leave primary SEO fields and ranking content unchanged; add only small safe conversion support,High; protect existing winner,Protect,Leave primary SEO fields and ranking content unchanged; add only small safe conversion support,توسعة منهجية لعبارات المسار والخدمة؛ ليست حجم بحث موثق
468,P1,المسافة من القطيف الى البحرين بالسيارة,AR,Systematic long-tail expansion,Informational,القطيف,البحرين,مسافة,القطيف ← البحرين,/bahrain-saudi-gcc-transport/bahrain-to-qatif/,No numeric ranking evidence supplied for this keyword,No exact phrase found; contextual coverage required,Use Dammam/Khobar/Eastern Province coverage first; create a dedicated page only after unique intent and sufficient facts are confirmed,High if split into thin locality pages,Add safely to existing page or evaluate hub,Use Dammam/Khobar/Eastern Province coverage first; create a dedicated page only after unique intent and sufficient facts are confirmed,توسعة منهجية لعبارات المسار والخدمة؛ ليست حجم بحث موثق
469,P1,المسافة من الهفوف الى البحرين بالسيارة,AR,Systematic long-tail expansion,Informational,الهفوف,البحرين,مسافة,الهفوف ← البحرين,/bahrain-saudi-gcc-transport/bahrain-to-hofuf/,No numeric ranking evidence supplied for this keyword,No exact phrase found; contextual coverage required,Use Dammam/Khobar/Eastern Province coverage first; create a dedicated page only after unique intent and sufficient facts are confirmed,High if split into thin locality pages,Add safely to existing page or evaluate hub,Use Dammam/Khobar/Eastern Province coverage first; create a dedicated page only after unique intent and sufficient facts are confirmed,توسعة منهجية لعبارات المسار والخدمة؛ ليست حجم بحث موثق
470,P1,بكم التوصيل من الأحساء الى البحرين,AR,Systematic long-tail expansion,Price,الأحساء,البحرين,سعر,الأحساء ← البحرين,/bahrain-saudi-gcc-transport/bahrain-to-al-ahsa/,No numeric ranking evidence supplied for this keyword,Dedicated bilingual route page exists,Use Dammam/Khobar/Eastern Province coverage first; create a dedicated page only after unique intent and sufficient facts are confirmed,High if split into thin locality pages,Add safely to existing page or evaluate hub,Use Dammam/Khobar/Eastern Province coverage first; create a dedicated page only after unique intent and sufficient facts are confirmed,توسعة منهجية لعبارات المسار والخدمة؛ ليست حجم بحث موثق
471,P1,بكم التوصيل من البحرين الى الأحساء,AR,Systematic long-tail expansion,Price,البحرين,الأحساء,سعر,البحرين ← الأحساء,/bahrain-saudi-gcc-transport/al-ahsa-to-bahrain/,No numeric ranking evidence supplied for this keyword,Dedicated bilingual route page exists,Use Dammam/Khobar/Eastern Province coverage first; create a dedicated page only after unique intent and sufficient facts are confirmed,High if split into thin locality pages,Add safely to existing page or evaluate hub,Use Dammam/Khobar/Eastern Province coverage first; create a dedicated page only after unique intent and sufficient facts are confirmed,توسعة منهجية لعبارات المسار والخدمة؛ ليست حجم بحث موثق
472,P1,بكم التوصيل من البحرين الى الجبيل,AR,Systematic long-tail expansion,Price,البحرين,الجبيل,سعر,البحرين ← الجبيل,/bahrain-saudi-gcc-transport/jubail-to-bahrain/,No numeric ranking evidence supplied for this keyword,Dedicated bilingual route page exists,Add to the matching route page only when it fits the page intent,Medium; keep one canonical route owner,Add safely to existing page,Add to the matching route page only when it fits the page intent,توسعة منهجية لعبارات المسار والخدمة؛ ليست حجم بحث موثق
473,P1,بكم التوصيل من البحرين الى الرياض,AR,Systematic long-tail expansion,Price,البحرين,الرياض,سعر,البحرين ← الرياض,/bahrain-saudi-gcc-transport/riyadh-to-bahrain/,Workbook marks route as protected; preserve existing ranking content,Dedicated bilingual route page exists,Leave primary SEO fields and ranking content unchanged; add only small safe conversion support,High; protect existing winner,Protect,Leave primary SEO fields and ranking content unchanged; add only small safe conversion support,توسعة منهجية لعبارات المسار والخدمة؛ ليست حجم بحث موثق
474,P1,بكم التوصيل من البحرين الى القطيف,AR,Systematic long-tail expansion,Price,البحرين,القطيف,سعر,البحرين ← القطيف,/bahrain-saudi-gcc-transport/qatif-to-bahrain/,No numeric ranking evidence supplied for this keyword,No exact phrase found; contextual coverage required,Use Dammam/Khobar/Eastern Province coverage first; create a dedicated page only after unique intent and sufficient facts are confirmed,High if split into thin locality pages,Add safely to existing page or evaluate hub,Use Dammam/Khobar/Eastern Province coverage first; create a dedicated page only after unique intent and sufficient facts are confirmed,توسعة منهجية لعبارات المسار والخدمة؛ ليست حجم بحث موثق
475,P1,بكم التوصيل من البحرين الى الهفوف,AR,Systematic long-tail expansion,Price,البحرين,الهفوف,سعر,البحرين ← الهفوف,/bahrain-saudi-gcc-transport/hofuf-to-bahrain/,No numeric ranking evidence supplied for this keyword,No exact phrase found; contextual coverage required,Use Dammam/Khobar/Eastern Province coverage first; create a dedicated page only after unique intent and sufficient facts are confirmed,High if split into thin locality pages,Add safely to existing page or evaluate hub,Use Dammam/Khobar/Eastern Province coverage first; create a dedicated page only after unique intent and sufficient facts are confirmed,توسعة منهجية لعبارات المسار والخدمة؛ ليست حجم بحث موثق
476,P1,بكم التوصيل من الجبيل الى البحرين,AR,Systematic long-tail expansion,Price,الجبيل,البحرين,سعر,الجبيل ← البحرين,/bahrain-saudi-gcc-transport/bahrain-to-jubail/,No numeric ranking evidence supplied for this keyword,Dedicated bilingual route page exists,Add to the matching route page only when it fits the page intent,Medium; keep one canonical route owner,Add safely to existing page,Add to the matching route page only when it fits the page intent,توسعة منهجية لعبارات المسار والخدمة؛ ليست حجم بحث موثق
477,P1,بكم التوصيل من الرياض الى البحرين,AR,Systematic long-tail expansion,Price,الرياض,البحرين,سعر,الرياض ← البحرين,/bahrain-saudi-gcc-transport/bahrain-to-riyadh/,Workbook marks route as protected; preserve existing ranking content,Dedicated bilingual route page exists,Leave primary SEO fields and ranking content unchanged; add only small safe conversion support,High; protect existing winner,Protect,Leave primary SEO fields and ranking content unchanged; add only small safe conversion support,توسعة منهجية لعبارات المسار والخدمة؛ ليست حجم بحث موثق
478,P1,بكم التوصيل من القطيف الى البحرين,AR,Systematic long-tail expansion,Price,القطيف,البحرين,سعر,القطيف ← البحرين,/bahrain-saudi-gcc-transport/bahrain-to-qatif/,No numeric ranking evidence supplied for this keyword,No exact phrase found; contextual coverage required,Use Dammam/Khobar/Eastern Province coverage first; create a dedicated page only after unique intent and sufficient facts are confirmed,High if split into thin locality pages,Add safely to existing page or evaluate hub,Use Dammam/Khobar/Eastern Province coverage first; create a dedicated page only after unique intent and sufficient facts are confirmed,توسعة منهجية لعبارات المسار والخدمة؛ ليست حجم بحث موثق
479,P1,بكم التوصيل من الهفوف الى البحرين,AR,Systematic long-tail expansion,Price,الهفوف,البحرين,سعر,الهفوف ← البحرين,/bahrain-saudi-gcc-transport/bahrain-to-hofuf/,No numeric ranking evidence supplied for this keyword,No exact phrase found; contextual coverage required,Use Dammam/Khobar/Eastern Province coverage first; create a dedicated page only after unique intent and sufficient facts are confirmed,High if split into thin locality pages,Add safely to existing page or evaluate hub,Use Dammam/Khobar/Eastern Province coverage first; create a dedicated page only after unique intent and sufficient facts are confirmed,توسعة منهجية لعبارات المسار والخدمة؛ ليست حجم بحث موثق
480,P1,تاكسي البحرين السعودية,AR,Google Autocomplete — observed,Commercial,,,Observed wording,Route / service cluster,/bahrain-saudi-gcc-transport/,No numeric ranking evidence supplied for this keyword,No exact phrase found; contextual coverage required,Cluster with an existing service page unless unique intent and enough factual content justify a new page,Medium; validate before publishing,Evaluate for genuinely useful new page,Cluster with an existing service page unless unique intent and enough factual content justify a new page,Directly observed in Google Bahrain suggestions on 16 Sep 2026
481,P1,تاكسي جسر الملك فهد,AR,Service-intent expansion,Commercial,Bahrain,,Causeway,Causeway,/bahrain-saudi-gcc-transport/,No numeric ranking evidence supplied for this keyword,Exact keyword phrase appears in existing site content,Cluster with an existing service page unless unique intent and enough factual content justify a new page,Medium; validate before publishing,Evaluate for genuinely useful new page,Cluster with an existing service page unless unique intent and enough factual content justify a new page,Service-level opportunity; match only to supported services
482,P1,تاكسي مطار البحرين,AR,Service-intent expansion,Commercial,Bahrain,,Airport transfer,Airport transfer,/bahrain-saudi-gcc-transport/,No numeric ranking evidence supplied for this keyword,Exact keyword phrase appears in existing site content,Cluster with an existing service page unless unique intent and enough factual content justify a new page,Medium; validate before publishing,Evaluate for genuinely useful new page,Cluster with an existing service page unless unique intent and enough factual content justify a new page,Service-level opportunity; match only to supported services
483,P1,تاكسي من الأحساء الى البحرين,AR,Systematic long-tail expansion,Commercial,الأحساء,البحرين,تاكسي,الأحساء ← البحرين,/bahrain-saudi-gcc-transport/bahrain-to-al-ahsa/,No numeric ranking evidence supplied for this keyword,Dedicated bilingual route page exists,Use Dammam/Khobar/Eastern Province coverage first; create a dedicated page only after unique intent and sufficient facts are confirmed,High if split into thin locality pages,Add safely to existing page or evaluate hub,Use Dammam/Khobar/Eastern Province coverage first; create a dedicated page only after unique intent and sufficient facts are confirmed,توسعة منهجية لعبارات المسار والخدمة؛ ليست حجم بحث موثق
484,P1,تاكسي من البحرين الى الأحساء,AR,Systematic long-tail expansion,Commercial,البحرين,الأحساء,تاكسي,البحرين ← الأحساء,/bahrain-saudi-gcc-transport/al-ahsa-to-bahrain/,No numeric ranking evidence supplied for this keyword,Dedicated bilingual route page exists,Use Dammam/Khobar/Eastern Province coverage first; create a dedicated page only after unique intent and sufficient facts are confirmed,High if split into thin locality pages,Add safely to existing page or evaluate hub,Use Dammam/Khobar/Eastern Province coverage first; create a dedicated page only after unique intent and sufficient facts are confirmed,توسعة منهجية لعبارات المسار والخدمة؛ ليست حجم بحث موثق
485,P1,تاكسي من البحرين الى الجبيل,AR,Systematic long-tail expansion,Commercial,البحرين,الجبيل,تاكسي,البحرين ← الجبيل,/bahrain-saudi-gcc-transport/jubail-to-bahrain/,No numeric ranking evidence supplied for this keyword,Dedicated bilingual route page exists,Add to the matching route page only when it fits the page intent,Medium; keep one canonical route owner,Add safely to existing page,Add to the matching route page only when it fits the page intent,توسعة منهجية لعبارات المسار والخدمة؛ ليست حجم بحث موثق
486,P1,تاكسي من البحرين الى الرياض,AR,Systematic long-tail expansion,Commercial,البحرين,الرياض,تاكسي,البحرين ← الرياض,/bahrain-saudi-gcc-transport/riyadh-to-bahrain/,Workbook marks route as protected; preserve existing ranking content,Dedicated bilingual route page exists,Leave primary SEO fields and ranking content unchanged; add only small safe conversion support,High; protect existing winner,Protect,Leave primary SEO fields and ranking content unchanged; add only small safe conversion support,توسعة منهجية لعبارات المسار والخدمة؛ ليست حجم بحث موثق
487,P1,تاكسي من البحرين الى السعودية,AR,Google Autocomplete — observed,Commercial,,,Observed wording,Route / service cluster,/bahrain-saudi-gcc-transport/,No numeric ranking evidence supplied for this keyword,No exact phrase found; contextual coverage required,Cluster with an existing service page unless unique intent and enough factual content justify a new page,Medium; validate before publishing,Evaluate for genuinely useful new page,Cluster with an existing service page unless unique intent and enough factual content justify a new page,Directly observed in Google Bahrain suggestions on 16 Sep 2026
488,P1,تاكسي من البحرين الى القطيف,AR,Systematic long-tail expansion,Commercial,البحرين,القطيف,تاكسي,البحرين ← القطيف,/bahrain-saudi-gcc-transport/qatif-to-bahrain/,No numeric ranking evidence supplied for this keyword,No exact phrase found; contextual coverage required,Use Dammam/Khobar/Eastern Province coverage first; create a dedicated page only after unique intent and sufficient facts are confirmed,High if split into thin locality pages,Add safely to existing page or evaluate hub,Use Dammam/Khobar/Eastern Province coverage first; create a dedicated page only after unique intent and sufficient facts are confirmed,توسعة منهجية لعبارات المسار والخدمة؛ ليست حجم بحث موثق
489,P1,تاكسي من البحرين الى الهفوف,AR,Systematic long-tail expansion,Commercial,البحرين,الهفوف,تاكسي,البحرين ← الهفوف,/bahrain-saudi-gcc-transport/hofuf-to-bahrain/,No numeric ranking evidence supplied for this keyword,No exact phrase found; contextual coverage required,Use Dammam/Khobar/Eastern Province coverage first; create a dedicated page only after unique intent and sufficient facts are confirmed,High if split into thin locality pages,Add safely to existing page or evaluate hub,Use Dammam/Khobar/Eastern Province coverage first; create a dedicated page only after unique intent and sufficient facts are confirmed,توسعة منهجية لعبارات المسار والخدمة؛ ليست حجم بحث موثق
490,P1,تاكسي من الجبيل الى البحرين,AR,Systematic long-tail expansion,Commercial,الجبيل,البحرين,تاكسي,الجبيل ← البحرين,/bahrain-saudi-gcc-transport/bahrain-to-jubail/,No numeric ranking evidence supplied for this keyword,Dedicated bilingual route page exists,Add to the matching route page only when it fits the page intent,Medium; keep one canonical route owner,Add safely to existing page,Add to the matching route page only when it fits the page intent,توسعة منهجية لعبارات المسار والخدمة؛ ليست حجم بحث موثق
491,P1,تاكسي من الرياض الى البحرين,AR,Systematic long-tail expansion,Commercial,الرياض,البحرين,تاكسي,الرياض ← البحرين,/bahrain-saudi-gcc-transport/bahrain-to-riyadh/,Workbook marks route as protected; preserve existing ranking content,Dedicated bilingual route page exists,Leave primary SEO fields and ranking content unchanged; add only small safe conversion support,High; protect existing winner,Protect,Leave primary SEO fields and ranking content unchanged; add only small safe conversion support,توسعة منهجية لعبارات المسار والخدمة؛ ليست حجم بحث موثق
492,P1,تاكسي من القطيف الى البحرين,AR,Systematic long-tail expansion,Commercial,القطيف,البحرين,تاكسي,القطيف ← البحرين,/bahrain-saudi-gcc-transport/bahrain-to-qatif/,No numeric ranking evidence supplied for this keyword,No exact phrase found; contextual coverage required,Use Dammam/Khobar/Eastern Province coverage first; create a dedicated page only after unique intent and sufficient facts are confirmed,High if split into thin locality pages,Add safely to existing page or evaluate hub,Use Dammam/Khobar/Eastern Province coverage first; create a dedicated page only after unique intent and sufficient facts are confirmed,توسعة منهجية لعبارات المسار والخدمة؛ ليست حجم بحث موثق
493,P1,تاكسي من الهفوف الى البحرين,AR,Systematic long-tail expansion,Commercial,الهفوف,البحرين,تاكسي,الهفوف ← البحرين,/bahrain-saudi-gcc-transport/bahrain-to-hofuf/,No numeric ranking evidence supplied for this keyword,No exact phrase found; contextual coverage required,Use Dammam/Khobar/Eastern Province coverage first; create a dedicated page only after unique intent and sufficient facts are confirmed,High if split into thin locality pages,Add safely to existing page or evaluate hub,Use Dammam/Khobar/Eastern Province coverage first; create a dedicated page only after unique intent and sufficient facts are confirmed,توسعة منهجية لعبارات المسار والخدمة؛ ليست حجم بحث موثق
494,P1,توصيل اغراض من الأحساء الى البحرين,AR,Systematic long-tail expansion,Commercial,الأحساء,البحرين,طرود صغيرة,الأحساء ← البحرين,/bahrain-saudi-gcc-transport/bahrain-to-al-ahsa/,No numeric ranking evidence supplied for this keyword,Dedicated bilingual route page exists,Use Dammam/Khobar/Eastern Province coverage first; create a dedicated page only after unique intent and sufficient facts are confirmed,High if split into thin locality pages,Add safely to existing page or evaluate hub,Use Dammam/Khobar/Eastern Province coverage first; create a dedicated page only after unique intent and sufficient facts are confirmed,توسعة منهجية لعبارات المسار والخدمة؛ ليست حجم بحث موثق
495,P1,توصيل اغراض من البحرين الى الأحساء,AR,Systematic long-tail expansion,Commercial,البحرين,الأحساء,طرود صغيرة,البحرين ← الأحساء,/bahrain-saudi-gcc-transport/al-ahsa-to-bahrain/,No numeric ranking evidence supplied for this keyword,Dedicated bilingual route page exists,Use Dammam/Khobar/Eastern Province coverage first; create a dedicated page only after unique intent and sufficient facts are confirmed,High if split into thin locality pages,Add safely to existing page or evaluate hub,Use Dammam/Khobar/Eastern Province coverage first; create a dedicated page only after unique intent and sufficient facts are confirmed,توسعة منهجية لعبارات المسار والخدمة؛ ليست حجم بحث موثق
496,P1,توصيل اغراض من البحرين الى الجبيل,AR,Systematic long-tail expansion,Commercial,البحرين,الجبيل,طرود صغيرة,البحرين ← الجبيل,/bahrain-saudi-gcc-transport/jubail-to-bahrain/,No numeric ranking evidence supplied for this keyword,Dedicated bilingual route page exists,Add to the matching route page only when it fits the page intent,Medium; keep one canonical route owner,Add safely to existing page,Add to the matching route page only when it fits the page intent,توسعة منهجية لعبارات المسار والخدمة؛ ليست حجم بحث موثق
497,P1,توصيل اغراض من البحرين الى الرياض,AR,Google Autocomplete — observed,Commercial,,,Observed wording,Route / service cluster,/bahrain-saudi-gcc-transport/,Workbook marks route as protected; preserve existing ranking content,No exact phrase found; contextual coverage required,Leave primary SEO fields and ranking content unchanged; add only small safe conversion support,High; protect existing winner,Protect,Leave primary SEO fields and ranking content unchanged; add only small safe conversion support,Directly observed in Google Bahrain suggestions on 16 Sep 2026
498,P1,توصيل اغراض من البحرين الى القطيف,AR,Systematic long-tail expansion,Commercial,البحرين,القطيف,طرود صغيرة,البحرين ← القطيف,/bahrain-saudi-gcc-transport/qatif-to-bahrain/,No numeric ranking evidence supplied for this keyword,No exact phrase found; contextual coverage required,Use Dammam/Khobar/Eastern Province coverage first; create a dedicated page only after unique intent and sufficient facts are confirmed,High if split into thin locality pages,Add safely to existing page or evaluate hub,Use Dammam/Khobar/Eastern Province coverage first; create a dedicated page only after unique intent and sufficient facts are confirmed,توسعة منهجية لعبارات المسار والخدمة؛ ليست حجم بحث موثق
499,P1,توصيل اغراض من البحرين الى الهفوف,AR,Systematic long-tail expansion,Commercial,البحرين,الهفوف,طرود صغيرة,البحرين ← الهفوف,/bahrain-saudi-gcc-transport/hofuf-to-bahrain/,No numeric ranking evidence supplied for this keyword,No exact phrase found; contextual coverage required,Use Dammam/Khobar/Eastern Province coverage first; create a dedicated page only after unique intent and sufficient facts are confirmed,High if split into thin locality pages,Add safely to existing page or evaluate hub,Use Dammam/Khobar/Eastern Province coverage first; create a dedicated page only after unique intent and sufficient facts are confirmed,توسعة منهجية لعبارات المسار والخدمة؛ ليست حجم بحث موثق
500,P1,توصيل اغراض من البحرين للسعودية,AR,Service-intent expansion,Commercial,Bahrain,,Small parcel,Small parcel,/bahrain-saudi-gcc-transport/,No numeric ranking evidence supplied for this keyword,No exact phrase found; contextual coverage required,Cluster with an existing service page unless unique intent and enough factual content justify a new page,Medium; validate before publishing,Evaluate for genuinely useful new page,Cluster with an existing service page unless unique intent and enough factual content justify a new page,Service-level opportunity; match only to supported services
501,P1,توصيل اغراض من الجبيل الى البحرين,AR,Systematic long-tail expansion,Commercial,الجبيل,البحرين,طرود صغيرة,الجبيل ← البحرين,/bahrain-saudi-gcc-transport/bahrain-to-jubail/,No numeric ranking evidence supplied for this keyword,Dedicated bilingual route page exists,Add to the matching route page only when it fits the page intent,Medium; keep one canonical route owner,Add safely to existing page,Add to the matching route page only when it fits the page intent,توسعة منهجية لعبارات المسار والخدمة؛ ليست حجم بحث موثق
502,P1,توصيل اغراض من الرياض الى البحرين,AR,Systematic long-tail expansion,Commercial,الرياض,البحرين,طرود صغيرة,الرياض ← البحرين,/bahrain-saudi-gcc-transport/bahrain-to-riyadh/,Workbook marks route as protected; preserve existing ranking content,Dedicated bilingual route page exists,Leave primary SEO fields and ranking content unchanged; add only small safe conversion support,High; protect existing winner,Protect,Leave primary SEO fields and ranking content unchanged; add only small safe conversion support,توسعة منهجية لعبارات المسار والخدمة؛ ليست حجم بحث موثق
503,P1,توصيل اغراض من القطيف الى البحرين,AR,Systematic long-tail expansion,Commercial,القطيف,البحرين,طرود صغيرة,القطيف ← البحرين,/bahrain-saudi-gcc-transport/bahrain-to-qatif/,No numeric ranking evidence supplied for this keyword,No exact phrase found; contextual coverage required,Use Dammam/Khobar/Eastern Province coverage first; create a dedicated page only after unique intent and sufficient facts are confirmed,High if split into thin locality pages,Add safely to existing page or evaluate hub,Use Dammam/Khobar/Eastern Province coverage first; create a dedicated page only after unique intent and sufficient facts are confirmed,توسعة منهجية لعبارات المسار والخدمة؛ ليست حجم بحث موثق
504,P1,توصيل اغراض من الهفوف الى البحرين,AR,Systematic long-tail expansion,Commercial,الهفوف,البحرين,طرود صغيرة,الهفوف ← البحرين,/bahrain-saudi-gcc-transport/bahrain-to-hofuf/,No numeric ranking evidence supplied for this keyword,No exact phrase found; contextual coverage required,Use Dammam/Khobar/Eastern Province coverage first; create a dedicated page only after unique intent and sufficient facts are confirmed,High if split into thin locality pages,Add safely to existing page or evaluate hub,Use Dammam/Khobar/Eastern Province coverage first; create a dedicated page only after unique intent and sufficient facts are confirmed,توسعة منهجية لعبارات المسار والخدمة؛ ليست حجم بحث موثق
505,P1,توصيل البحرين السعودية,AR,Google Autocomplete — observed,Commercial,,,Observed wording,Route / service cluster,/bahrain-saudi-gcc-transport/,No numeric ranking evidence supplied for this keyword,No exact phrase found; contextual coverage required,Cluster with an existing service page unless unique intent and enough factual content justify a new page,Medium; validate before publishing,Evaluate for genuinely useful new page,Cluster with an existing service page unless unique intent and enough factual content justify a new page,Directly observed in Google Bahrain suggestions on 16 Sep 2026
506,P1,توصيل طرود صغيرة البحرين السعودية,AR,Service-intent expansion,Commercial,Bahrain,,Small parcel,Small parcel,/bahrain-saudi-gcc-transport/,No numeric ranking evidence supplied for this keyword,No exact phrase found; contextual coverage required,Cluster with an existing service page unless unique intent and enough factual content justify a new page,Medium; validate before publishing,Evaluate for genuinely useful new page,Cluster with an existing service page unless unique intent and enough factual content justify a new page,Service-level opportunity; match only to supported services
507,P1,توصيل عوائل البحرين السعودية,AR,Service-intent expansion,Commercial,Bahrain,,Family/group,Family/group,/bahrain-saudi-gcc-transport/,No numeric ranking evidence supplied for this keyword,No exact phrase found; contextual coverage required,Cluster with an existing service page unless unique intent and enough factual content justify a new page,Medium; validate before publishing,Evaluate for genuinely useful new page,Cluster with an existing service page unless unique intent and enough factual content justify a new page,Service-level opportunity; match only to supported services
508,P1,توصيل عوائل من الأحساء الى البحرين,AR,Systematic long-tail expansion,Commercial,الأحساء,البحرين,عوائل,الأحساء ← البحرين,/bahrain-saudi-gcc-transport/bahrain-to-al-ahsa/,No numeric ranking evidence supplied for this keyword,Dedicated bilingual route page exists,Use Dammam/Khobar/Eastern Province coverage first; create a dedicated page only after unique intent and sufficient facts are confirmed,High if split into thin locality pages,Add safely to existing page or evaluate hub,Use Dammam/Khobar/Eastern Province coverage first; create a dedicated page only after unique intent and sufficient facts are confirmed,توسعة منهجية لعبارات المسار والخدمة؛ ليست حجم بحث موثق
509,P1,توصيل عوائل من البحرين الى الأحساء,AR,Systematic long-tail expansion,Commercial,البحرين,الأحساء,عوائل,البحرين ← الأحساء,/bahrain-saudi-gcc-transport/al-ahsa-to-bahrain/,No numeric ranking evidence supplied for this keyword,Dedicated bilingual route page exists,Use Dammam/Khobar/Eastern Province coverage first; create a dedicated page only after unique intent and sufficient facts are confirmed,High if split into thin locality pages,Add safely to existing page or evaluate hub,Use Dammam/Khobar/Eastern Province coverage first; create a dedicated page only after unique intent and sufficient facts are confirmed,توسعة منهجية لعبارات المسار والخدمة؛ ليست حجم بحث موثق
510,P1,توصيل عوائل من البحرين الى الجبيل,AR,Systematic long-tail expansion,Commercial,البحرين,الجبيل,عوائل,البحرين ← الجبيل,/bahrain-saudi-gcc-transport/jubail-to-bahrain/,No numeric ranking evidence supplied for this keyword,Dedicated bilingual route page exists,Add to the matching route page only when it fits the page intent,Medium; keep one canonical route owner,Add safely to existing page,Add to the matching route page only when it fits the page intent,توسعة منهجية لعبارات المسار والخدمة؛ ليست حجم بحث موثق
511,P1,توصيل عوائل من البحرين الى الرياض,AR,Systematic long-tail expansion,Commercial,البحرين,الرياض,عوائل,البحرين ← الرياض,/bahrain-saudi-gcc-transport/riyadh-to-bahrain/,Workbook marks route as protected; preserve existing ranking content,Dedicated bilingual route page exists,Leave primary SEO fields and ranking content unchanged; add only small safe conversion support,High; protect existing winner,Protect,Leave primary SEO fields and ranking content unchanged; add only small safe conversion support,توسعة منهجية لعبارات المسار والخدمة؛ ليست حجم بحث موثق
512,P1,توصيل عوائل من البحرين الى القطيف,AR,Systematic long-tail expansion,Commercial,البحرين,القطيف,عوائل,البحرين ← القطيف,/bahrain-saudi-gcc-transport/qatif-to-bahrain/,No numeric ranking evidence supplied for this keyword,No exact phrase found; contextual coverage required,Use Dammam/Khobar/Eastern Province coverage first; create a dedicated page only after unique intent and sufficient facts are confirmed,High if split into thin locality pages,Add safely to existing page or evaluate hub,Use Dammam/Khobar/Eastern Province coverage first; create a dedicated page only after unique intent and sufficient facts are confirmed,توسعة منهجية لعبارات المسار والخدمة؛ ليست حجم بحث موثق
513,P1,توصيل عوائل من البحرين الى الهفوف,AR,Systematic long-tail expansion,Commercial,البحرين,الهفوف,عوائل,البحرين ← الهفوف,/bahrain-saudi-gcc-transport/hofuf-to-bahrain/,No numeric ranking evidence supplied for this keyword,No exact phrase found; contextual coverage required,Use Dammam/Khobar/Eastern Province coverage first; create a dedicated page only after unique intent and sufficient facts are confirmed,High if split into thin locality pages,Add safely to existing page or evaluate hub,Use Dammam/Khobar/Eastern Province coverage first; create a dedicated page only after unique intent and sufficient facts are confirmed,توسعة منهجية لعبارات المسار والخدمة؛ ليست حجم بحث موثق
514,P1,توصيل عوائل من الجبيل الى البحرين,AR,Systematic long-tail expansion,Commercial,الجبيل,البحرين,عوائل,الجبيل ← البحرين,/bahrain-saudi-gcc-transport/bahrain-to-jubail/,No numeric ranking evidence supplied for this keyword,Dedicated bilingual route page exists,Add to the matching route page only when it fits the page intent,Medium; keep one canonical route owner,Add safely to existing page,Add to the matching route page only when it fits the page intent,توسعة منهجية لعبارات المسار والخدمة؛ ليست حجم بحث موثق
515,P1,توصيل عوائل من الرياض الى البحرين,AR,Systematic long-tail expansion,Commercial,الرياض,البحرين,عوائل,الرياض ← البحرين,/bahrain-saudi-gcc-transport/bahrain-to-riyadh/,Workbook marks route as protected; preserve existing ranking content,Dedicated bilingual route page exists,Leave primary SEO fields and ranking content unchanged; add only small safe conversion support,High; protect existing winner,Protect,Leave primary SEO fields and ranking content unchanged; add only small safe conversion support,توسعة منهجية لعبارات المسار والخدمة؛ ليست حجم بحث موثق
516,P1,توصيل عوائل من القطيف الى البحرين,AR,Systematic long-tail expansion,Commercial,القطيف,البحرين,عوائل,القطيف ← البحرين,/bahrain-saudi-gcc-transport/bahrain-to-qatif/,No numeric ranking evidence supplied for this keyword,No exact phrase found; contextual coverage required,Use Dammam/Khobar/Eastern Province coverage first; create a dedicated page only after unique intent and sufficient facts are confirmed,High if split into thin locality pages,Add safely to existing page or evaluate hub,Use Dammam/Khobar/Eastern Province coverage first; create a dedicated page only after unique intent and sufficient facts are confirmed,توسعة منهجية لعبارات المسار والخدمة؛ ليست حجم بحث موثق
517,P1,توصيل عوائل من الهفوف الى البحرين,AR,Systematic long-tail expansion,Commercial,الهفوف,البحرين,عوائل,الهفوف ← البحرين,/bahrain-saudi-gcc-transport/bahrain-to-hofuf/,No numeric ranking evidence supplied for this keyword,No exact phrase found; contextual coverage required,Use Dammam/Khobar/Eastern Province coverage first; create a dedicated page only after unique intent and sufficient facts are confirmed,High if split into thin locality pages,Add safely to existing page or evaluate hub,Use Dammam/Khobar/Eastern Province coverage first; create a dedicated page only after unique intent and sufficient facts are confirmed,توسعة منهجية لعبارات المسار والخدمة؛ ليست حجم بحث موثق
518,P1,توصيل للبحرين من الرياض,AR,Google Autocomplete — observed,Commercial,,,Observed wording,Route / service cluster,/bahrain-saudi-gcc-transport/,Workbook marks route as protected; preserve existing ranking content,No exact phrase found; contextual coverage required,Leave primary SEO fields and ranking content unchanged; add only small safe conversion support,High; protect existing winner,Protect,Leave primary SEO fields and ranking content unchanged; add only small safe conversion support,Directly observed in Google Bahrain suggestions on 16 Sep 2026
519,P1,توصيل مطار البحرين,AR,Service-intent expansion,Commercial,Bahrain,,Airport transfer,Airport transfer,/bahrain-saudi-gcc-transport/,No numeric ranking evidence supplied for this keyword,Exact keyword phrase appears in existing site content,Cluster with an existing service page unless unique intent and enough factual content justify a new page,Medium; validate before publishing,Evaluate for genuinely useful new page,Cluster with an existing service page unless unique intent and enough factual content justify a new page,Service-level opportunity; match only to supported services
520,P1,توصيل من الأحساء إلى البحرين,AR,Systematic long-tail expansion,Commercial,الأحساء,البحرين,توصيل,الأحساء ← البحرين,/bahrain-saudi-gcc-transport/bahrain-to-al-ahsa/,No numeric ranking evidence supplied for this keyword,Dedicated bilingual route page exists,Use Dammam/Khobar/Eastern Province coverage first; create a dedicated page only after unique intent and sufficient facts are confirmed,High if split into thin locality pages,Add safely to existing page or evaluate hub,Use Dammam/Khobar/Eastern Province coverage first; create a dedicated page only after unique intent and sufficient facts are confirmed,توسعة منهجية لعبارات المسار والخدمة؛ ليست حجم بحث موثق
521,P1,توصيل من الأحساء الى البحرين,AR,Systematic long-tail expansion,Commercial,الأحساء,البحرين,توصيل,الأحساء ← البحرين,/bahrain-saudi-gcc-transport/bahrain-to-al-ahsa/,No numeric ranking evidence supplied for this keyword,Dedicated bilingual route page exists,Use Dammam/Khobar/Eastern Province coverage first; create a dedicated page only after unique intent and sufficient facts are confirmed,High if split into thin locality pages,Add safely to existing page or evaluate hub,Use Dammam/Khobar/Eastern Province coverage first; create a dedicated page only after unique intent and sufficient facts are confirmed,توسعة منهجية لعبارات المسار والخدمة؛ ليست حجم بحث موثق
522,P1,توصيل من البحرين إلى الأحساء,AR,Systematic long-tail expansion,Commercial,البحرين,الأحساء,توصيل,البحرين ← الأحساء,/bahrain-saudi-gcc-transport/al-ahsa-to-bahrain/,No numeric ranking evidence supplied for this keyword,Dedicated bilingual route page exists,Use Dammam/Khobar/Eastern Province coverage first; create a dedicated page only after unique intent and sufficient facts are confirmed,High if split into thin locality pages,Add safely to existing page or evaluate hub,Use Dammam/Khobar/Eastern Province coverage first; create a dedicated page only after unique intent and sufficient facts are confirmed,توسعة منهجية لعبارات المسار والخدمة؛ ليست حجم بحث موثق
523,P1,توصيل من البحرين إلى الجبيل,AR,Systematic long-tail expansion,Commercial,البحرين,الجبيل,توصيل,البحرين ← الجبيل,/bahrain-saudi-gcc-transport/jubail-to-bahrain/,No numeric ranking evidence supplied for this keyword,Dedicated bilingual route page exists,Add to the matching route page only when it fits the page intent,Medium; keep one canonical route owner,Add safely to existing page,Add to the matching route page only when it fits the page intent,توسعة منهجية لعبارات المسار والخدمة؛ ليست حجم بحث موثق
524,P1,توصيل من البحرين إلى الرياض,AR,Systematic long-tail expansion,Commercial,البحرين,الرياض,توصيل,البحرين ← الرياض,/bahrain-saudi-gcc-transport/riyadh-to-bahrain/,Workbook marks route as protected; preserve existing ranking content,Dedicated bilingual route page exists,Leave primary SEO fields and ranking content unchanged; add only small safe conversion support,High; protect existing winner,Protect,Leave primary SEO fields and ranking content unchanged; add only small safe conversion support,توسعة منهجية لعبارات المسار والخدمة؛ ليست حجم بحث موثق
525,P1,توصيل من البحرين إلى القطيف,AR,Systematic long-tail expansion,Commercial,البحرين,القطيف,توصيل,البحرين ← القطيف,/bahrain-saudi-gcc-transport/qatif-to-bahrain/,No numeric ranking evidence supplied for this keyword,No exact phrase found; contextual coverage required,Use Dammam/Khobar/Eastern Province coverage first; create a dedicated page only after unique intent and sufficient facts are confirmed,High if split into thin locality pages,Add safely to existing page or evaluate hub,Use Dammam/Khobar/Eastern Province coverage first; create a dedicated page only after unique intent and sufficient facts are confirmed,توسعة منهجية لعبارات المسار والخدمة؛ ليست حجم بحث موثق
526,P1,توصيل من البحرين إلى الهفوف,AR,Systematic long-tail expansion,Commercial,البحرين,الهفوف,توصيل,البحرين ← الهفوف,/bahrain-saudi-gcc-transport/hofuf-to-bahrain/,No numeric ranking evidence supplied for this keyword,No exact phrase found; contextual coverage required,Use Dammam/Khobar/Eastern Province coverage first; create a dedicated page only after unique intent and sufficient facts are confirmed,High if split into thin locality pages,Add safely to existing page or evaluate hub,Use Dammam/Khobar/Eastern Province coverage first; create a dedicated page only after unique intent and sufficient facts are confirmed,توسعة منهجية لعبارات المسار والخدمة؛ ليست حجم بحث موثق
527,P1,توصيل من البحرين الى الأحساء,AR,Systematic long-tail expansion,Commercial,البحرين,الأحساء,توصيل,البحرين ← الأحساء,/bahrain-saudi-gcc-transport/al-ahsa-to-bahrain/,No numeric ranking evidence supplied for this keyword,Dedicated bilingual route page exists,Use Dammam/Khobar/Eastern Province coverage first; create a dedicated page only after unique intent and sufficient facts are confirmed,High if split into thin locality pages,Add safely to existing page or evaluate hub,Use Dammam/Khobar/Eastern Province coverage first; create a dedicated page only after unique intent and sufficient facts are confirmed,توسعة منهجية لعبارات المسار والخدمة؛ ليست حجم بحث موثق
528,P1,توصيل من البحرين الى الجبيل,AR,Systematic long-tail expansion,Commercial,البحرين,الجبيل,توصيل,البحرين ← الجبيل,/bahrain-saudi-gcc-transport/jubail-to-bahrain/,No numeric ranking evidence supplied for this keyword,Dedicated bilingual route page exists,Add to the matching route page only when it fits the page intent,Medium; keep one canonical route owner,Add safely to existing page,Add to the matching route page only when it fits the page intent,توسعة منهجية لعبارات المسار والخدمة؛ ليست حجم بحث موثق
529,P1,توصيل من البحرين الى الرياض,AR,Google Autocomplete — observed,Commercial,,,Observed wording,Route / service cluster,/bahrain-saudi-gcc-transport/,Workbook marks route as protected; preserve existing ranking content,No exact phrase found; contextual coverage required,Leave primary SEO fields and ranking content unchanged; add only small safe conversion support,High; protect existing winner,Protect,Leave primary SEO fields and ranking content unchanged; add only small safe conversion support,Directly observed in Google Bahrain suggestions on 16 Sep 2026
530,P1,توصيل من البحرين الى السعودية,AR,Google Autocomplete — observed,Commercial,,,Observed wording,Route / service cluster,/bahrain-saudi-gcc-transport/,No numeric ranking evidence supplied for this keyword,No exact phrase found; contextual coverage required,Cluster with an existing service page unless unique intent and enough factual content justify a new page,Medium; validate before publishing,Evaluate for genuinely useful new page,Cluster with an existing service page unless unique intent and enough factual content justify a new page,Directly observed in Google Bahrain suggestions on 16 Sep 2026
531,P1,توصيل من البحرين الى القطيف,AR,Systematic long-tail expansion,Commercial,البحرين,القطيف,توصيل,البحرين ← القطيف,/bahrain-saudi-gcc-transport/qatif-to-bahrain/,No numeric ranking evidence supplied for this keyword,No exact phrase found; contextual coverage required,Use Dammam/Khobar/Eastern Province coverage first; create a dedicated page only after unique intent and sufficient facts are confirmed,High if split into thin locality pages,Add safely to existing page or evaluate hub,Use Dammam/Khobar/Eastern Province coverage first; create a dedicated page only after unique intent and sufficient facts are confirmed,توسعة منهجية لعبارات المسار والخدمة؛ ليست حجم بحث موثق
532,P1,توصيل من البحرين الى الهفوف,AR,Systematic long-tail expansion,Commercial,البحرين,الهفوف,توصيل,البحرين ← الهفوف,/bahrain-saudi-gcc-transport/hofuf-to-bahrain/,No numeric ranking evidence supplied for this keyword,No exact phrase found; contextual coverage required,Use Dammam/Khobar/Eastern Province coverage first; create a dedicated page only after unique intent and sufficient facts are confirmed,High if split into thin locality pages,Add safely to existing page or evaluate hub,Use Dammam/Khobar/Eastern Province coverage first; create a dedicated page only after unique intent and sufficient facts are confirmed,توسعة منهجية لعبارات المسار والخدمة؛ ليست حجم بحث موثق
533,P1,توصيل من الجبيل إلى البحرين,AR,Systematic long-tail expansion,Commercial,الجبيل,البحرين,توصيل,الجبيل ← البحرين,/bahrain-saudi-gcc-transport/bahrain-to-jubail/,No numeric ranking evidence supplied for this keyword,Dedicated bilingual route page exists,Add to the matching route page only when it fits the page intent,Medium; keep one canonical route owner,Add safely to existing page,Add to the matching route page only when it fits the page intent,توسعة منهجية لعبارات المسار والخدمة؛ ليست حجم بحث موثق
534,P1,توصيل من الجبيل الى البحرين,AR,Systematic long-tail expansion,Commercial,الجبيل,البحرين,توصيل,الجبيل ← البحرين,/bahrain-saudi-gcc-transport/bahrain-to-jubail/,No numeric ranking evidence supplied for this keyword,Dedicated bilingual route page exists,Add to the matching route page only when it fits the page intent,Medium; keep one canonical route owner,Add safely to existing page,Add to the matching route page only when it fits the page intent,توسعة منهجية لعبارات المسار والخدمة؛ ليست حجم بحث موثق
535,P1,توصيل من الرياض إلى البحرين,AR,Systematic long-tail expansion,Commercial,الرياض,البحرين,توصيل,الرياض ← البحرين,/bahrain-saudi-gcc-transport/bahrain-to-riyadh/,Workbook marks route as protected; preserve existing ranking content,Dedicated bilingual route page exists,Leave primary SEO fields and ranking content unchanged; add only small safe conversion support,High; protect existing winner,Protect,Leave primary SEO fields and ranking content unchanged; add only small safe conversion support,توسعة منهجية لعبارات المسار والخدمة؛ ليست حجم بحث موثق
536,P1,توصيل من الرياض الى البحرين,AR,Systematic long-tail expansion,Commercial,الرياض,البحرين,توصيل,الرياض ← البحرين,/bahrain-saudi-gcc-transport/bahrain-to-riyadh/,Workbook marks route as protected; preserve existing ranking content,Dedicated bilingual route page exists,Leave primary SEO fields and ranking content unchanged; add only small safe conversion support,High; protect existing winner,Protect,Leave primary SEO fields and ranking content unchanged; add only small safe conversion support,توسعة منهجية لعبارات المسار والخدمة؛ ليست حجم بحث موثق
537,P1,توصيل من القطيف إلى البحرين,AR,Systematic long-tail expansion,Commercial,القطيف,البحرين,توصيل,القطيف ← البحرين,/bahrain-saudi-gcc-transport/bahrain-to-qatif/,No numeric ranking evidence supplied for this keyword,No exact phrase found; contextual coverage required,Use Dammam/Khobar/Eastern Province coverage first; create a dedicated page only after unique intent and sufficient facts are confirmed,High if split into thin locality pages,Add safely to existing page or evaluate hub,Use Dammam/Khobar/Eastern Province coverage first; create a dedicated page only after unique intent and sufficient facts are confirmed,توسعة منهجية لعبارات المسار والخدمة؛ ليست حجم بحث موثق
538,P1,توصيل من القطيف الى البحرين,AR,Systematic long-tail expansion,Commercial,القطيف,البحرين,توصيل,القطيف ← البحرين,/bahrain-saudi-gcc-transport/bahrain-to-qatif/,No numeric ranking evidence supplied for this keyword,No exact phrase found; contextual coverage required,Use Dammam/Khobar/Eastern Province coverage first; create a dedicated page only after unique intent and sufficient facts are confirmed,High if split into thin locality pages,Add safely to existing page or evaluate hub,Use Dammam/Khobar/Eastern Province coverage first; create a dedicated page only after unique intent and sufficient facts are confirmed,توسعة منهجية لعبارات المسار والخدمة؛ ليست حجم بحث موثق
539,P1,توصيل من الهفوف إلى البحرين,AR,Systematic long-tail expansion,Commercial,الهفوف,البحرين,توصيل,الهفوف ← البحرين,/bahrain-saudi-gcc-transport/bahrain-to-hofuf/,No numeric ranking evidence supplied for this keyword,No exact phrase found; contextual coverage required,Use Dammam/Khobar/Eastern Province coverage first; create a dedicated page only after unique intent and sufficient facts are confirmed,High if split into thin locality pages,Add safely to existing page or evaluate hub,Use Dammam/Khobar/Eastern Province coverage first; create a dedicated page only after unique intent and sufficient facts are confirmed,توسعة منهجية لعبارات المسار والخدمة؛ ليست حجم بحث موثق
540,P1,توصيل من الهفوف الى البحرين,AR,Systematic long-tail expansion,Commercial,الهفوف,البحرين,توصيل,الهفوف ← البحرين,/bahrain-saudi-gcc-transport/bahrain-to-hofuf/,No numeric ranking evidence supplied for this keyword,No exact phrase found; contextual coverage required,Use Dammam/Khobar/Eastern Province coverage first; create a dedicated page only after unique intent and sufficient facts are confirmed,High if split into thin locality pages,Add safely to existing page or evaluate hub,Use Dammam/Khobar/Eastern Province coverage first; create a dedicated page only after unique intent and sufficient facts are confirmed,توسعة منهجية لعبارات المسار والخدمة؛ ليست حجم بحث موثق
541,P1,جسر الملك فهد توصيل,AR,Service-intent expansion,Commercial,Bahrain,,Causeway,Causeway,/bahrain-saudi-gcc-transport/,No numeric ranking evidence supplied for this keyword,No exact phrase found; contextual coverage required,Cluster with an existing service page unless unique intent and enough factual content justify a new page,Medium; validate before publishing,Evaluate for genuinely useful new page,Cluster with an existing service page unless unique intent and enough factual content justify a new page,Service-level opportunity; match only to supported services
542,P1,سائق خاص رجال اعمال البحرين,AR,Service-intent expansion,Commercial,Bahrain,,Corporate,Corporate,/bahrain-saudi-gcc-transport/,No numeric ranking evidence supplied for this keyword,No exact phrase found; contextual coverage required,Cluster with an existing service page unless unique intent and enough factual content justify a new page,Medium; validate before publishing,Evaluate for genuinely useful new page,Cluster with an existing service page unless unique intent and enough factual content justify a new page,Service-level opportunity; match only to supported services
543,P1,سائق خاص من الأحساء الى البحرين,AR,Systematic long-tail expansion,Commercial,الأحساء,البحرين,سائق خاص,الأحساء ← البحرين,/bahrain-saudi-gcc-transport/bahrain-to-al-ahsa/,No numeric ranking evidence supplied for this keyword,Dedicated bilingual route page exists,Use Dammam/Khobar/Eastern Province coverage first; create a dedicated page only after unique intent and sufficient facts are confirmed,High if split into thin locality pages,Add safely to existing page or evaluate hub,Use Dammam/Khobar/Eastern Province coverage first; create a dedicated page only after unique intent and sufficient facts are confirmed,توسعة منهجية لعبارات المسار والخدمة؛ ليست حجم بحث موثق
544,P1,سائق خاص من البحرين الى الأحساء,AR,Systematic long-tail expansion,Commercial,البحرين,الأحساء,سائق خاص,البحرين ← الأحساء,/bahrain-saudi-gcc-transport/al-ahsa-to-bahrain/,No numeric ranking evidence supplied for this keyword,Dedicated bilingual route page exists,Use Dammam/Khobar/Eastern Province coverage first; create a dedicated page only after unique intent and sufficient facts are confirmed,High if split into thin locality pages,Add safely to existing page or evaluate hub,Use Dammam/Khobar/Eastern Province coverage first; create a dedicated page only after unique intent and sufficient facts are confirmed,توسعة منهجية لعبارات المسار والخدمة؛ ليست حجم بحث موثق
545,P1,سائق خاص من البحرين الى الجبيل,AR,Systematic long-tail expansion,Commercial,البحرين,الجبيل,سائق خاص,البحرين ← الجبيل,/bahrain-saudi-gcc-transport/jubail-to-bahrain/,No numeric ranking evidence supplied for this keyword,Dedicated bilingual route page exists,Add to the matching route page only when it fits the page intent,Medium; keep one canonical route owner,Add safely to existing page,Add to the matching route page only when it fits the page intent,توسعة منهجية لعبارات المسار والخدمة؛ ليست حجم بحث موثق
546,P1,سائق خاص من البحرين الى الرياض,AR,Systematic long-tail expansion,Commercial,البحرين,الرياض,سائق خاص,البحرين ← الرياض,/bahrain-saudi-gcc-transport/riyadh-to-bahrain/,Workbook marks route as protected; preserve existing ranking content,Dedicated bilingual route page exists,Leave primary SEO fields and ranking content unchanged; add only small safe conversion support,High; protect existing winner,Protect,Leave primary SEO fields and ranking content unchanged; add only small safe conversion support,توسعة منهجية لعبارات المسار والخدمة؛ ليست حجم بحث موثق
547,P1,سائق خاص من البحرين الى القطيف,AR,Systematic long-tail expansion,Commercial,البحرين,القطيف,سائق خاص,البحرين ← القطيف,/bahrain-saudi-gcc-transport/qatif-to-bahrain/,No numeric ranking evidence supplied for this keyword,No exact phrase found; contextual coverage required,Use Dammam/Khobar/Eastern Province coverage first; create a dedicated page only after unique intent and sufficient facts are confirmed,High if split into thin locality pages,Add safely to existing page or evaluate hub,Use Dammam/Khobar/Eastern Province coverage first; create a dedicated page only after unique intent and sufficient facts are confirmed,توسعة منهجية لعبارات المسار والخدمة؛ ليست حجم بحث موثق
548,P1,سائق خاص من البحرين الى الهفوف,AR,Systematic long-tail expansion,Commercial,البحرين,الهفوف,سائق خاص,البحرين ← الهفوف,/bahrain-saudi-gcc-transport/hofuf-to-bahrain/,No numeric ranking evidence supplied for this keyword,No exact phrase found; contextual coverage required,Use Dammam/Khobar/Eastern Province coverage first; create a dedicated page only after unique intent and sufficient facts are confirmed,High if split into thin locality pages,Add safely to existing page or evaluate hub,Use Dammam/Khobar/Eastern Province coverage first; create a dedicated page only after unique intent and sufficient facts are confirmed,توسعة منهجية لعبارات المسار والخدمة؛ ليست حجم بحث موثق
549,P1,سائق خاص من الجبيل الى البحرين,AR,Systematic long-tail expansion,Commercial,الجبيل,البحرين,سائق خاص,الجبيل ← البحرين,/bahrain-saudi-gcc-transport/bahrain-to-jubail/,No numeric ranking evidence supplied for this keyword,Dedicated bilingual route page exists,Add to the matching route page only when it fits the page intent,Medium; keep one canonical route owner,Add safely to existing page,Add to the matching route page only when it fits the page intent,توسعة منهجية لعبارات المسار والخدمة؛ ليست حجم بحث موثق
550,P1,سائق خاص من الرياض الى البحرين,AR,Systematic long-tail expansion,Commercial,الرياض,البحرين,سائق خاص,الرياض ← البحرين,/bahrain-saudi-gcc-transport/bahrain-to-riyadh/,Workbook marks route as protected; preserve existing ranking content,Dedicated bilingual route page exists,Leave primary SEO fields and ranking content unchanged; add only small safe conversion support,High; protect existing winner,Protect,Leave primary SEO fields and ranking content unchanged; add only small safe conversion support,توسعة منهجية لعبارات المسار والخدمة؛ ليست حجم بحث موثق
551,P1,سائق خاص من القطيف الى البحرين,AR,Systematic long-tail expansion,Commercial,القطيف,البحرين,سائق خاص,القطيف ← البحرين,/bahrain-saudi-gcc-transport/bahrain-to-qatif/,No numeric ranking evidence supplied for this keyword,No exact phrase found; contextual coverage required,Use Dammam/Khobar/Eastern Province coverage first; create a dedicated page only after unique intent and sufficient facts are confirmed,High if split into thin locality pages,Add safely to existing page or evaluate hub,Use Dammam/Khobar/Eastern Province coverage first; create a dedicated page only after unique intent and sufficient facts are confirmed,توسعة منهجية لعبارات المسار والخدمة؛ ليست حجم بحث موثق
552,P1,سائق خاص من الهفوف الى البحرين,AR,Systematic long-tail expansion,Commercial,الهفوف,البحرين,سائق خاص,الهفوف ← البحرين,/bahrain-saudi-gcc-transport/bahrain-to-hofuf/,No numeric ranking evidence supplied for this keyword,No exact phrase found; contextual coverage required,Use Dammam/Khobar/Eastern Province coverage first; create a dedicated page only after unique intent and sufficient facts are confirmed,High if split into thin locality pages,Add safely to existing page or evaluate hub,Use Dammam/Khobar/Eastern Province coverage first; create a dedicated page only after unique intent and sufficient facts are confirmed,توسعة منهجية لعبارات المسار والخدمة؛ ليست حجم بحث موثق
553,P1,سواق من الأحساء الى البحرين,AR,Systematic long-tail expansion,Commercial,الأحساء,البحرين,سواق,الأحساء ← البحرين,/bahrain-saudi-gcc-transport/bahrain-to-al-ahsa/,No numeric ranking evidence supplied for this keyword,Dedicated bilingual route page exists,Use Dammam/Khobar/Eastern Province coverage first; create a dedicated page only after unique intent and sufficient facts are confirmed,High if split into thin locality pages,Add safely to existing page or evaluate hub,Use Dammam/Khobar/Eastern Province coverage first; create a dedicated page only after unique intent and sufficient facts are confirmed,توسعة منهجية لعبارات المسار والخدمة؛ ليست حجم بحث موثق
554,P1,سواق من البحرين الى الأحساء,AR,Systematic long-tail expansion,Commercial,البحرين,الأحساء,سواق,البحرين ← الأحساء,/bahrain-saudi-gcc-transport/al-ahsa-to-bahrain/,No numeric ranking evidence supplied for this keyword,Dedicated bilingual route page exists,Use Dammam/Khobar/Eastern Province coverage first; create a dedicated page only after unique intent and sufficient facts are confirmed,High if split into thin locality pages,Add safely to existing page or evaluate hub,Use Dammam/Khobar/Eastern Province coverage first; create a dedicated page only after unique intent and sufficient facts are confirmed,توسعة منهجية لعبارات المسار والخدمة؛ ليست حجم بحث موثق
555,P1,سواق من البحرين الى الجبيل,AR,Systematic long-tail expansion,Commercial,البحرين,الجبيل,سواق,البحرين ← الجبيل,/bahrain-saudi-gcc-transport/jubail-to-bahrain/,No numeric ranking evidence supplied for this keyword,Dedicated bilingual route page exists,Add to the matching route page only when it fits the page intent,Medium; keep one canonical route owner,Add safely to existing page,Add to the matching route page only when it fits the page intent,توسعة منهجية لعبارات المسار والخدمة؛ ليست حجم بحث موثق
556,P1,سواق من البحرين الى الرياض,AR,Systematic long-tail expansion,Commercial,البحرين,الرياض,سواق,البحرين ← الرياض,/bahrain-saudi-gcc-transport/riyadh-to-bahrain/,Workbook marks route as protected; preserve existing ranking content,Dedicated bilingual route page exists,Leave primary SEO fields and ranking content unchanged; add only small safe conversion support,High; protect existing winner,Protect,Leave primary SEO fields and ranking content unchanged; add only small safe conversion support,توسعة منهجية لعبارات المسار والخدمة؛ ليست حجم بحث موثق
557,P1,سواق من البحرين الى القطيف,AR,Systematic long-tail expansion,Commercial,البحرين,القطيف,سواق,البحرين ← القطيف,/bahrain-saudi-gcc-transport/qatif-to-bahrain/,No numeric ranking evidence supplied for this keyword,No exact phrase found; contextual coverage required,Use Dammam/Khobar/Eastern Province coverage first; create a dedicated page only after unique intent and sufficient facts are confirmed,High if split into thin locality pages,Add safely to existing page or evaluate hub,Use Dammam/Khobar/Eastern Province coverage first; create a dedicated page only after unique intent and sufficient facts are confirmed,توسعة منهجية لعبارات المسار والخدمة؛ ليست حجم بحث موثق
558,P1,سواق من البحرين الى الهفوف,AR,Systematic long-tail expansion,Commercial,البحرين,الهفوف,سواق,البحرين ← الهفوف,/bahrain-saudi-gcc-transport/hofuf-to-bahrain/,No numeric ranking evidence supplied for this keyword,No exact phrase found; contextual coverage required,Use Dammam/Khobar/Eastern Province coverage first; create a dedicated page only after unique intent and sufficient facts are confirmed,High if split into thin locality pages,Add safely to existing page or evaluate hub,Use Dammam/Khobar/Eastern Province coverage first; create a dedicated page only after unique intent and sufficient facts are confirmed,توسعة منهجية لعبارات المسار والخدمة؛ ليست حجم بحث موثق
559,P1,سواق من الجبيل الى البحرين,AR,Systematic long-tail expansion,Commercial,الجبيل,البحرين,سواق,الجبيل ← البحرين,/bahrain-saudi-gcc-transport/bahrain-to-jubail/,No numeric ranking evidence supplied for this keyword,Dedicated bilingual route page exists,Add to the matching route page only when it fits the page intent,Medium; keep one canonical route owner,Add safely to existing page,Add to the matching route page only when it fits the page intent,توسعة منهجية لعبارات المسار والخدمة؛ ليست حجم بحث موثق
560,P1,سواق من الرياض الى البحرين,AR,Systematic long-tail expansion,Commercial,الرياض,البحرين,سواق,الرياض ← البحرين,/bahrain-saudi-gcc-transport/bahrain-to-riyadh/,Workbook marks route as protected; preserve existing ranking content,Dedicated bilingual route page exists,Leave primary SEO fields and ranking content unchanged; add only small safe conversion support,High; protect existing winner,Protect,Leave primary SEO fields and ranking content unchanged; add only small safe conversion support,توسعة منهجية لعبارات المسار والخدمة؛ ليست حجم بحث موثق
561,P1,سواق من القطيف الى البحرين,AR,Systematic long-tail expansion,Commercial,القطيف,البحرين,سواق,القطيف ← البحرين,/bahrain-saudi-gcc-transport/bahrain-to-qatif/,No numeric ranking evidence supplied for this keyword,No exact phrase found; contextual coverage required,Use Dammam/Khobar/Eastern Province coverage first; create a dedicated page only after unique intent and sufficient facts are confirmed,High if split into thin locality pages,Add safely to existing page or evaluate hub,Use Dammam/Khobar/Eastern Province coverage first; create a dedicated page only after unique intent and sufficient facts are confirmed,توسعة منهجية لعبارات المسار والخدمة؛ ليست حجم بحث موثق
562,P1,سواق من الهفوف الى البحرين,AR,Systematic long-tail expansion,Commercial,الهفوف,البحرين,سواق,الهفوف ← البحرين,/bahrain-saudi-gcc-transport/bahrain-to-hofuf/,No numeric ranking evidence supplied for this keyword,No exact phrase found; contextual coverage required,Use Dammam/Khobar/Eastern Province coverage first; create a dedicated page only after unique intent and sufficient facts are confirmed,High if split into thin locality pages,Add safely to existing page or evaluate hub,Use Dammam/Khobar/Eastern Province coverage first; create a dedicated page only after unique intent and sufficient facts are confirmed,توسعة منهجية لعبارات المسار والخدمة؛ ليست حجم بحث موثق
563,P1,سيارة 7 ركاب من الأحساء الى البحرين,AR,Systematic long-tail expansion,Commercial,الأحساء,البحرين,عوائل,الأحساء ← البحرين,/bahrain-saudi-gcc-transport/bahrain-to-al-ahsa/,No numeric ranking evidence supplied for this keyword,Dedicated bilingual route page exists,Use Dammam/Khobar/Eastern Province coverage first; create a dedicated page only after unique intent and sufficient facts are confirmed,High if split into thin locality pages,Add safely to existing page or evaluate hub,Use Dammam/Khobar/Eastern Province coverage first; create a dedicated page only after unique intent and sufficient facts are confirmed,توسعة منهجية لعبارات المسار والخدمة؛ ليست حجم بحث موثق
564,P1,سيارة 7 ركاب من البحرين الى الأحساء,AR,Systematic long-tail expansion,Commercial,البحرين,الأحساء,عوائل,البحرين ← الأحساء,/bahrain-saudi-gcc-transport/al-ahsa-to-bahrain/,No numeric ranking evidence supplied for this keyword,Dedicated bilingual route page exists,Use Dammam/Khobar/Eastern Province coverage first; create a dedicated page only after unique intent and sufficient facts are confirmed,High if split into thin locality pages,Add safely to existing page or evaluate hub,Use Dammam/Khobar/Eastern Province coverage first; create a dedicated page only after unique intent and sufficient facts are confirmed,توسعة منهجية لعبارات المسار والخدمة؛ ليست حجم بحث موثق
565,P1,سيارة 7 ركاب من البحرين الى الجبيل,AR,Systematic long-tail expansion,Commercial,البحرين,الجبيل,عوائل,البحرين ← الجبيل,/bahrain-saudi-gcc-transport/jubail-to-bahrain/,No numeric ranking evidence supplied for this keyword,Dedicated bilingual route page exists,Add to the matching route page only when it fits the page intent,Medium; keep one canonical route owner,Add safely to existing page,Add to the matching route page only when it fits the page intent,توسعة منهجية لعبارات المسار والخدمة؛ ليست حجم بحث موثق
566,P1,سيارة 7 ركاب من البحرين الى الرياض,AR,Systematic long-tail expansion,Commercial,البحرين,الرياض,عوائل,البحرين ← الرياض,/bahrain-saudi-gcc-transport/riyadh-to-bahrain/,Workbook marks route as protected; preserve existing ranking content,Dedicated bilingual route page exists,Leave primary SEO fields and ranking content unchanged; add only small safe conversion support,High; protect existing winner,Protect,Leave primary SEO fields and ranking content unchanged; add only small safe conversion support,توسعة منهجية لعبارات المسار والخدمة؛ ليست حجم بحث موثق
567,P1,سيارة 7 ركاب من البحرين الى القطيف,AR,Systematic long-tail expansion,Commercial,البحرين,القطيف,عوائل,البحرين ← القطيف,/bahrain-saudi-gcc-transport/qatif-to-bahrain/,No numeric ranking evidence supplied for this keyword,No exact phrase found; contextual coverage required,Use Dammam/Khobar/Eastern Province coverage first; create a dedicated page only after unique intent and sufficient facts are confirmed,High if split into thin locality pages,Add safely to existing page or evaluate hub,Use Dammam/Khobar/Eastern Province coverage first; create a dedicated page only after unique intent and sufficient facts are confirmed,توسعة منهجية لعبارات المسار والخدمة؛ ليست حجم بحث موثق
568,P1,سيارة 7 ركاب من البحرين الى الهفوف,AR,Systematic long-tail expansion,Commercial,البحرين,الهفوف,عوائل,البحرين ← الهفوف,/bahrain-saudi-gcc-transport/hofuf-to-bahrain/,No numeric ranking evidence supplied for this keyword,No exact phrase found; contextual coverage required,Use Dammam/Khobar/Eastern Province coverage first; create a dedicated page only after unique intent and sufficient facts are confirmed,High if split into thin locality pages,Add safely to existing page or evaluate hub,Use Dammam/Khobar/Eastern Province coverage first; create a dedicated page only after unique intent and sufficient facts are confirmed,توسعة منهجية لعبارات المسار والخدمة؛ ليست حجم بحث موثق
569,P1,سيارة 7 ركاب من الجبيل الى البحرين,AR,Systematic long-tail expansion,Commercial,الجبيل,البحرين,عوائل,الجبيل ← البحرين,/bahrain-saudi-gcc-transport/bahrain-to-jubail/,No numeric ranking evidence supplied for this keyword,Dedicated bilingual route page exists,Add to the matching route page only when it fits the page intent,Medium; keep one canonical route owner,Add safely to existing page,Add to the matching route page only when it fits the page intent,توسعة منهجية لعبارات المسار والخدمة؛ ليست حجم بحث موثق
570,P1,سيارة 7 ركاب من الرياض الى البحرين,AR,Systematic long-tail expansion,Commercial,الرياض,البحرين,عوائل,الرياض ← البحرين,/bahrain-saudi-gcc-transport/bahrain-to-riyadh/,Workbook marks route as protected; preserve existing ranking content,Dedicated bilingual route page exists,Leave primary SEO fields and ranking content unchanged; add only small safe conversion support,High; protect existing winner,Protect,Leave primary SEO fields and ranking content unchanged; add only small safe conversion support,توسعة منهجية لعبارات المسار والخدمة؛ ليست حجم بحث موثق
571,P1,سيارة 7 ركاب من القطيف الى البحرين,AR,Systematic long-tail expansion,Commercial,القطيف,البحرين,عوائل,القطيف ← البحرين,/bahrain-saudi-gcc-transport/bahrain-to-qatif/,No numeric ranking evidence supplied for this keyword,No exact phrase found; contextual coverage required,Use Dammam/Khobar/Eastern Province coverage first; create a dedicated page only after unique intent and sufficient facts are confirmed,High if split into thin locality pages,Add safely to existing page or evaluate hub,Use Dammam/Khobar/Eastern Province coverage first; create a dedicated page only after unique intent and sufficient facts are confirmed,توسعة منهجية لعبارات المسار والخدمة؛ ليست حجم بحث موثق
572,P1,سيارة 7 ركاب من الهفوف الى البحرين,AR,Systematic long-tail expansion,Commercial,الهفوف,البحرين,عوائل,الهفوف ← البحرين,/bahrain-saudi-gcc-transport/bahrain-to-hofuf/,No numeric ranking evidence supplied for this keyword,No exact phrase found; contextual coverage required,Use Dammam/Khobar/Eastern Province coverage first; create a dedicated page only after unique intent and sufficient facts are confirmed,High if split into thin locality pages,Add safely to existing page or evaluate hub,Use Dammam/Khobar/Eastern Province coverage first; create a dedicated page only after unique intent and sufficient facts are confirmed,توسعة منهجية لعبارات المسار والخدمة؛ ليست حجم بحث موثق
573,P1,سيارة خاصة عبر جسر الملك فهد,AR,Service-intent expansion,Commercial,Bahrain,,Causeway,Causeway,/bahrain-saudi-gcc-transport/,No numeric ranking evidence supplied for this keyword,Exact keyword phrase appears in existing site content,Cluster with an existing service page unless unique intent and enough factual content justify a new page,Medium; validate before publishing,Evaluate for genuinely useful new page,Cluster with an existing service page unless unique intent and enough factual content justify a new page,Service-level opportunity; match only to supported services
574,P1,سيارة خاصة مطار البحرين,AR,Service-intent expansion,Commercial,Bahrain,,Airport transfer,Airport transfer,/bahrain-saudi-gcc-transport/,No numeric ranking evidence supplied for this keyword,No exact phrase found; contextual coverage required,Cluster with an existing service page unless unique intent and enough factual content justify a new page,Medium; validate before publishing,Evaluate for genuinely useful new page,Cluster with an existing service page unless unique intent and enough factual content justify a new page,Service-level opportunity; match only to supported services
575,P1,سيارة خاصة من الأحساء الى البحرين,AR,Systematic long-tail expansion,Commercial,الأحساء,البحرين,سيارة خاصة,الأحساء ← البحرين,/bahrain-saudi-gcc-transport/bahrain-to-al-ahsa/,No numeric ranking evidence supplied for this keyword,Dedicated bilingual route page exists,Use Dammam/Khobar/Eastern Province coverage first; create a dedicated page only after unique intent and sufficient facts are confirmed,High if split into thin locality pages,Add safely to existing page or evaluate hub,Use Dammam/Khobar/Eastern Province coverage first; create a dedicated page only after unique intent and sufficient facts are confirmed,توسعة منهجية لعبارات المسار والخدمة؛ ليست حجم بحث موثق
576,P1,سيارة خاصة من البحرين الى الأحساء,AR,Systematic long-tail expansion,Commercial,البحرين,الأحساء,سيارة خاصة,البحرين ← الأحساء,/bahrain-saudi-gcc-transport/al-ahsa-to-bahrain/,No numeric ranking evidence supplied for this keyword,Dedicated bilingual route page exists,Use Dammam/Khobar/Eastern Province coverage first; create a dedicated page only after unique intent and sufficient facts are confirmed,High if split into thin locality pages,Add safely to existing page or evaluate hub,Use Dammam/Khobar/Eastern Province coverage first; create a dedicated page only after unique intent and sufficient facts are confirmed,توسعة منهجية لعبارات المسار والخدمة؛ ليست حجم بحث موثق
577,P1,سيارة خاصة من البحرين الى الجبيل,AR,Systematic long-tail expansion,Commercial,البحرين,الجبيل,سيارة خاصة,البحرين ← الجبيل,/bahrain-saudi-gcc-transport/jubail-to-bahrain/,No numeric ranking evidence supplied for this keyword,Dedicated bilingual route page exists,Add to the matching route page only when it fits the page intent,Medium; keep one canonical route owner,Add safely to existing page,Add to the matching route page only when it fits the page intent,توسعة منهجية لعبارات المسار والخدمة؛ ليست حجم بحث موثق
578,P1,سيارة خاصة من البحرين الى الرياض,AR,Systematic long-tail expansion,Commercial,البحرين,الرياض,سيارة خاصة,البحرين ← الرياض,/bahrain-saudi-gcc-transport/riyadh-to-bahrain/,Workbook marks route as protected; preserve existing ranking content,Dedicated bilingual route page exists,Leave primary SEO fields and ranking content unchanged; add only small safe conversion support,High; protect existing winner,Protect,Leave primary SEO fields and ranking content unchanged; add only small safe conversion support,توسعة منهجية لعبارات المسار والخدمة؛ ليست حجم بحث موثق
579,P1,سيارة خاصة من البحرين الى القطيف,AR,Systematic long-tail expansion,Commercial,البحرين,القطيف,سيارة خاصة,البحرين ← القطيف,/bahrain-saudi-gcc-transport/qatif-to-bahrain/,No numeric ranking evidence supplied for this keyword,No exact phrase found; contextual coverage required,Use Dammam/Khobar/Eastern Province coverage first; create a dedicated page only after unique intent and sufficient facts are confirmed,High if split into thin locality pages,Add safely to existing page or evaluate hub,Use Dammam/Khobar/Eastern Province coverage first; create a dedicated page only after unique intent and sufficient facts are confirmed,توسعة منهجية لعبارات المسار والخدمة؛ ليست حجم بحث موثق
580,P1,سيارة خاصة من البحرين الى الهفوف,AR,Systematic long-tail expansion,Commercial,البحرين,الهفوف,سيارة خاصة,البحرين ← الهفوف,/bahrain-saudi-gcc-transport/hofuf-to-bahrain/,No numeric ranking evidence supplied for this keyword,No exact phrase found; contextual coverage required,Use Dammam/Khobar/Eastern Province coverage first; create a dedicated page only after unique intent and sufficient facts are confirmed,High if split into thin locality pages,Add safely to existing page or evaluate hub,Use Dammam/Khobar/Eastern Province coverage first; create a dedicated page only after unique intent and sufficient facts are confirmed,توسعة منهجية لعبارات المسار والخدمة؛ ليست حجم بحث موثق
581,P1,سيارة خاصة من الجبيل الى البحرين,AR,Systematic long-tail expansion,Commercial,الجبيل,البحرين,سيارة خاصة,الجبيل ← البحرين,/bahrain-saudi-gcc-transport/bahrain-to-jubail/,No numeric ranking evidence supplied for this keyword,Dedicated bilingual route page exists,Add to the matching route page only when it fits the page intent,Medium; keep one canonical route owner,Add safely to existing page,Add to the matching route page only when it fits the page intent,توسعة منهجية لعبارات المسار والخدمة؛ ليست حجم بحث موثق
582,P1,سيارة خاصة من الرياض الى البحرين,AR,Systematic long-tail expansion,Commercial,الرياض,البحرين,سيارة خاصة,الرياض ← البحرين,/bahrain-saudi-gcc-transport/bahrain-to-riyadh/,Workbook marks route as protected; preserve existing ranking content,Dedicated bilingual route page exists,Leave primary SEO fields and ranking content unchanged; add only small safe conversion support,High; protect existing winner,Protect,Leave primary SEO fields and ranking content unchanged; add only small safe conversion support,توسعة منهجية لعبارات المسار والخدمة؛ ليست حجم بحث موثق
583,P1,سيارة خاصة من القطيف الى البحرين,AR,Systematic long-tail expansion,Commercial,القطيف,البحرين,سيارة خاصة,القطيف ← البحرين,/bahrain-saudi-gcc-transport/bahrain-to-qatif/,No numeric ranking evidence supplied for this keyword,No exact phrase found; contextual coverage required,Use Dammam/Khobar/Eastern Province coverage first; create a dedicated page only after unique intent and sufficient facts are confirmed,High if split into thin locality pages,Add safely to existing page or evaluate hub,Use Dammam/Khobar/Eastern Province coverage first; create a dedicated page only after unique intent and sufficient facts are confirmed,توسعة منهجية لعبارات المسار والخدمة؛ ليست حجم بحث موثق
584,P1,سيارة خاصة من الهفوف الى البحرين,AR,Systematic long-tail expansion,Commercial,الهفوف,البحرين,سيارة خاصة,الهفوف ← البحرين,/bahrain-saudi-gcc-transport/bahrain-to-hofuf/,No numeric ranking evidence supplied for this keyword,No exact phrase found; contextual coverage required,Use Dammam/Khobar/Eastern Province coverage first; create a dedicated page only after unique intent and sufficient facts are confirmed,High if split into thin locality pages,Add safely to existing page or evaluate hub,Use Dammam/Khobar/Eastern Province coverage first; create a dedicated page only after unique intent and sufficient facts are confirmed,توسعة منهجية لعبارات المسار والخدمة؛ ليست حجم بحث موثق
585,P1,سيارة عائلية من البحرين للسعودية,AR,Service-intent expansion,Commercial,Bahrain,,Family/group,Family/group,/bahrain-saudi-gcc-transport/,No numeric ranking evidence supplied for this keyword,No exact phrase found; contextual coverage required,Cluster with an existing service page unless unique intent and enough factual content justify a new page,Medium; validate before publishing,Evaluate for genuinely useful new page,Cluster with an existing service page unless unique intent and enough factual content justify a new page,Service-level opportunity; match only to supported services
586,P1,شركات توصيل من البحرين الى السعودية,AR,Google Autocomplete — observed,Commercial,,,Observed wording,Route / service cluster,/bahrain-saudi-gcc-transport/,No numeric ranking evidence supplied for this keyword,No exact phrase found; contextual coverage required,Cluster with an existing service page unless unique intent and enough factual content justify a new page,Medium; validate before publishing,Evaluate for genuinely useful new page,Cluster with an existing service page unless unique intent and enough factual content justify a new page,Directly observed in Google Bahrain suggestions on 16 Sep 2026
587,P1,شركة توصيل من الرياض الى البحرين,AR,Google Autocomplete — observed,Commercial,,,Observed wording,Route / service cluster,/bahrain-saudi-gcc-transport/,Workbook marks route as protected; preserve existing ranking content,No exact phrase found; contextual coverage required,Leave primary SEO fields and ranking content unchanged; add only small safe conversion support,High; protect existing winner,Protect,Leave primary SEO fields and ranking content unchanged; add only small safe conversion support,Directly observed in Google Bahrain suggestions on 16 Sep 2026
588,P1,كم ساعة من الأحساء الى البحرين,AR,Systematic long-tail expansion,Informational,الأحساء,البحرين,مدة,الأحساء ← البحرين,/bahrain-saudi-gcc-transport/bahrain-to-al-ahsa/,No numeric ranking evidence supplied for this keyword,Dedicated bilingual route page exists,Use Dammam/Khobar/Eastern Province coverage first; create a dedicated page only after unique intent and sufficient facts are confirmed,High if split into thin locality pages,Add safely to existing page or evaluate hub,Use Dammam/Khobar/Eastern Province coverage first; create a dedicated page only after unique intent and sufficient facts are confirmed,توسعة منهجية لعبارات المسار والخدمة؛ ليست حجم بحث موثق
589,P1,كم ساعة من البحرين الى الأحساء,AR,Systematic long-tail expansion,Informational,البحرين,الأحساء,مدة,البحرين ← الأحساء,/bahrain-saudi-gcc-transport/al-ahsa-to-bahrain/,No numeric ranking evidence supplied for this keyword,Dedicated bilingual route page exists,Use Dammam/Khobar/Eastern Province coverage first; create a dedicated page only after unique intent and sufficient facts are confirmed,High if split into thin locality pages,Add safely to existing page or evaluate hub,Use Dammam/Khobar/Eastern Province coverage first; create a dedicated page only after unique intent and sufficient facts are confirmed,توسعة منهجية لعبارات المسار والخدمة؛ ليست حجم بحث موثق
590,P1,كم ساعة من البحرين الى الجبيل,AR,Systematic long-tail expansion,Informational,البحرين,الجبيل,مدة,البحرين ← الجبيل,/bahrain-saudi-gcc-transport/jubail-to-bahrain/,No numeric ranking evidence supplied for this keyword,Dedicated bilingual route page exists,Add to the matching route page only when it fits the page intent,Medium; keep one canonical route owner,Add safely to existing page,Add to the matching route page only when it fits the page intent,توسعة منهجية لعبارات المسار والخدمة؛ ليست حجم بحث موثق
591,P1,كم ساعة من البحرين الى الرياض,AR,Systematic long-tail expansion,Informational,البحرين,الرياض,مدة,البحرين ← الرياض,/bahrain-saudi-gcc-transport/riyadh-to-bahrain/,Workbook marks route as protected; preserve existing ranking content,Dedicated bilingual route page exists,Leave primary SEO fields and ranking content unchanged; add only small safe conversion support,High; protect existing winner,Protect,Leave primary SEO fields and ranking content unchanged; add only small safe conversion support,توسعة منهجية لعبارات المسار والخدمة؛ ليست حجم بحث موثق
592,P1,كم ساعة من البحرين الى القطيف,AR,Systematic long-tail expansion,Informational,البحرين,القطيف,مدة,البحرين ← القطيف,/bahrain-saudi-gcc-transport/qatif-to-bahrain/,No numeric ranking evidence supplied for this keyword,No exact phrase found; contextual coverage required,Use Dammam/Khobar/Eastern Province coverage first; create a dedicated page only after unique intent and sufficient facts are confirmed,High if split into thin locality pages,Add safely to existing page or evaluate hub,Use Dammam/Khobar/Eastern Province coverage first; create a dedicated page only after unique intent and sufficient facts are confirmed,توسعة منهجية لعبارات المسار والخدمة؛ ليست حجم بحث موثق
593,P1,كم ساعة من البحرين الى الهفوف,AR,Systematic long-tail expansion,Informational,البحرين,الهفوف,مدة,البحرين ← الهفوف,/bahrain-saudi-gcc-transport/hofuf-to-bahrain/,No numeric ranking evidence supplied for this keyword,No exact phrase found; contextual coverage required,Use Dammam/Khobar/Eastern Province coverage first; create a dedicated page only after unique intent and sufficient facts are confirmed,High if split into thin locality pages,Add safely to existing page or evaluate hub,Use Dammam/Khobar/Eastern Province coverage first; create a dedicated page only after unique intent and sufficient facts are confirmed,توسعة منهجية لعبارات المسار والخدمة؛ ليست حجم بحث موثق
594,P1,كم ساعة من الجبيل الى البحرين,AR,Systematic long-tail expansion,Informational,الجبيل,البحرين,مدة,الجبيل ← البحرين,/bahrain-saudi-gcc-transport/bahrain-to-jubail/,No numeric ranking evidence supplied for this keyword,Dedicated bilingual route page exists,Add to the matching route page only when it fits the page intent,Medium; keep one canonical route owner,Add safely to existing page,Add to the matching route page only when it fits the page intent,توسعة منهجية لعبارات المسار والخدمة؛ ليست حجم بحث موثق
595,P1,كم ساعة من الرياض الى البحرين,AR,Systematic long-tail expansion,Informational,الرياض,البحرين,مدة,الرياض ← البحرين,/bahrain-saudi-gcc-transport/bahrain-to-riyadh/,Workbook marks route as protected; preserve existing ranking content,Dedicated bilingual route page exists,Leave primary SEO fields and ranking content unchanged; add only small safe conversion support,High; protect existing winner,Protect,Leave primary SEO fields and ranking content unchanged; add only small safe conversion support,توسعة منهجية لعبارات المسار والخدمة؛ ليست حجم بحث موثق
596,P1,كم ساعة من القطيف الى البحرين,AR,Systematic long-tail expansion,Informational,القطيف,البحرين,مدة,القطيف ← البحرين,/bahrain-saudi-gcc-transport/bahrain-to-qatif/,No numeric ranking evidence supplied for this keyword,No exact phrase found; contextual coverage required,Use Dammam/Khobar/Eastern Province coverage first; create a dedicated page only after unique intent and sufficient facts are confirmed,High if split into thin locality pages,Add safely to existing page or evaluate hub,Use Dammam/Khobar/Eastern Province coverage first; create a dedicated page only after unique intent and sufficient facts are confirmed,توسعة منهجية لعبارات المسار والخدمة؛ ليست حجم بحث موثق
597,P1,كم ساعة من الهفوف الى البحرين,AR,Systematic long-tail expansion,Informational,الهفوف,البحرين,مدة,الهفوف ← البحرين,/bahrain-saudi-gcc-transport/bahrain-to-hofuf/,No numeric ranking evidence supplied for this keyword,No exact phrase found; contextual coverage required,Use Dammam/Khobar/Eastern Province coverage first; create a dedicated page only after unique intent and sufficient facts are confirmed,High if split into thin locality pages,Add safely to existing page or evaluate hub,Use Dammam/Khobar/Eastern Province coverage first; create a dedicated page only after unique intent and sufficient facts are confirmed,توسعة منهجية لعبارات المسار والخدمة؛ ليست حجم بحث موثق
598,P1,مشوار من الأحساء الى البحرين,AR,Systematic long-tail expansion,Commercial,الأحساء,البحرين,مشوار,الأحساء ← البحرين,/bahrain-saudi-gcc-transport/bahrain-to-al-ahsa/,No numeric ranking evidence supplied for this keyword,Dedicated bilingual route page exists,Use Dammam/Khobar/Eastern Province coverage first; create a dedicated page only after unique intent and sufficient facts are confirmed,High if split into thin locality pages,Add safely to existing page or evaluate hub,Use Dammam/Khobar/Eastern Province coverage first; create a dedicated page only after unique intent and sufficient facts are confirmed,توسعة منهجية لعبارات المسار والخدمة؛ ليست حجم بحث موثق
599,P1,مشوار من البحرين الى الأحساء,AR,Systematic long-tail expansion,Commercial,البحرين,الأحساء,مشوار,البحرين ← الأحساء,/bahrain-saudi-gcc-transport/al-ahsa-to-bahrain/,No numeric ranking evidence supplied for this keyword,Dedicated bilingual route page exists,Use Dammam/Khobar/Eastern Province coverage first; create a dedicated page only after unique intent and sufficient facts are confirmed,High if split into thin locality pages,Add safely to existing page or evaluate hub,Use Dammam/Khobar/Eastern Province coverage first; create a dedicated page only after unique intent and sufficient facts are confirmed,توسعة منهجية لعبارات المسار والخدمة؛ ليست حجم بحث موثق
600,P1,مشوار من البحرين الى الجبيل,AR,Systematic long-tail expansion,Commercial,البحرين,الجبيل,مشوار,البحرين ← الجبيل,/bahrain-saudi-gcc-transport/jubail-to-bahrain/,No numeric ranking evidence supplied for this keyword,Dedicated bilingual route page exists,Add to the matching route page only when it fits the page intent,Medium; keep one canonical route owner,Add safely to existing page,Add to the matching route page only when it fits the page intent,توسعة منهجية لعبارات المسار والخدمة؛ ليست حجم بحث موثق
601,P1,مشوار من البحرين الى الرياض,AR,Systematic long-tail expansion,Commercial,البحرين,الرياض,مشوار,البحرين ← الرياض,/bahrain-saudi-gcc-transport/riyadh-to-bahrain/,Workbook marks route as protected; preserve existing ranking content,Dedicated bilingual route page exists,Leave primary SEO fields and ranking content unchanged; add only small safe conversion support,High; protect existing winner,Protect,Leave primary SEO fields and ranking content unchanged; add only small safe conversion support,توسعة منهجية لعبارات المسار والخدمة؛ ليست حجم بحث موثق
602,P1,مشوار من البحرين الى القطيف,AR,Systematic long-tail expansion,Commercial,البحرين,القطيف,مشوار,البحرين ← القطيف,/bahrain-saudi-gcc-transport/qatif-to-bahrain/,No numeric ranking evidence supplied for this keyword,No exact phrase found; contextual coverage required,Use Dammam/Khobar/Eastern Province coverage first; create a dedicated page only after unique intent and sufficient facts are confirmed,High if split into thin locality pages,Add safely to existing page or evaluate hub,Use Dammam/Khobar/Eastern Province coverage first; create a dedicated page only after unique intent and sufficient facts are confirmed,توسعة منهجية لعبارات المسار والخدمة؛ ليست حجم بحث موثق
603,P1,مشوار من البحرين الى الهفوف,AR,Systematic long-tail expansion,Commercial,البحرين,الهفوف,مشوار,البحرين ← الهفوف,/bahrain-saudi-gcc-transport/hofuf-to-bahrain/,No numeric ranking evidence supplied for this keyword,No exact phrase found; contextual coverage required,Use Dammam/Khobar/Eastern Province coverage first; create a dedicated page only after unique intent and sufficient facts are confirmed,High if split into thin locality pages,Add safely to existing page or evaluate hub,Use Dammam/Khobar/Eastern Province coverage first; create a dedicated page only after unique intent and sufficient facts are confirmed,توسعة منهجية لعبارات المسار والخدمة؛ ليست حجم بحث موثق
604,P1,مشوار من الجبيل الى البحرين,AR,Systematic long-tail expansion,Commercial,الجبيل,البحرين,مشوار,الجبيل ← البحرين,/bahrain-saudi-gcc-transport/bahrain-to-jubail/,No numeric ranking evidence supplied for this keyword,Dedicated bilingual route page exists,Add to the matching route page only when it fits the page intent,Medium; keep one canonical route owner,Add safely to existing page,Add to the matching route page only when it fits the page intent,توسعة منهجية لعبارات المسار والخدمة؛ ليست حجم بحث موثق
605,P1,مشوار من الرياض الى البحرين,AR,Systematic long-tail expansion,Commercial,الرياض,البحرين,مشوار,الرياض ← البحرين,/bahrain-saudi-gcc-transport/bahrain-to-riyadh/,Workbook marks route as protected; preserve existing ranking content,Dedicated bilingual route page exists,Leave primary SEO fields and ranking content unchanged; add only small safe conversion support,High; protect existing winner,Protect,Leave primary SEO fields and ranking content unchanged; add only small safe conversion support,توسعة منهجية لعبارات المسار والخدمة؛ ليست حجم بحث موثق
606,P1,مشوار من القطيف الى البحرين,AR,Systematic long-tail expansion,Commercial,القطيف,البحرين,مشوار,القطيف ← البحرين,/bahrain-saudi-gcc-transport/bahrain-to-qatif/,No numeric ranking evidence supplied for this keyword,No exact phrase found; contextual coverage required,Use Dammam/Khobar/Eastern Province coverage first; create a dedicated page only after unique intent and sufficient facts are confirmed,High if split into thin locality pages,Add safely to existing page or evaluate hub,Use Dammam/Khobar/Eastern Province coverage first; create a dedicated page only after unique intent and sufficient facts are confirmed,توسعة منهجية لعبارات المسار والخدمة؛ ليست حجم بحث موثق
607,P1,مشوار من الهفوف الى البحرين,AR,Systematic long-tail expansion,Commercial,الهفوف,البحرين,مشوار,الهفوف ← البحرين,/bahrain-saudi-gcc-transport/bahrain-to-hofuf/,No numeric ranking evidence supplied for this keyword,No exact phrase found; contextual coverage required,Use Dammam/Khobar/Eastern Province coverage first; create a dedicated page only after unique intent and sufficient facts are confirmed,High if split into thin locality pages,Add safely to existing page or evaluate hub,Use Dammam/Khobar/Eastern Province coverage first; create a dedicated page only after unique intent and sufficient facts are confirmed,توسعة منهجية لعبارات المسار والخدمة؛ ليست حجم بحث موثق
608,P1,مندوب توصيل من الأحساء الى البحرين,AR,Systematic long-tail expansion,Commercial,الأحساء,البحرين,طرود صغيرة,الأحساء ← البحرين,/bahrain-saudi-gcc-transport/bahrain-to-al-ahsa/,No numeric ranking evidence supplied for this keyword,Dedicated bilingual route page exists,Use Dammam/Khobar/Eastern Province coverage first; create a dedicated page only after unique intent and sufficient facts are confirmed,High if split into thin locality pages,Add safely to existing page or evaluate hub,Use Dammam/Khobar/Eastern Province coverage first; create a dedicated page only after unique intent and sufficient facts are confirmed,توسعة منهجية لعبارات المسار والخدمة؛ ليست حجم بحث موثق
609,P1,مندوب توصيل من البحرين الى الأحساء,AR,Systematic long-tail expansion,Commercial,البحرين,الأحساء,طرود صغيرة,البحرين ← الأحساء,/bahrain-saudi-gcc-transport/al-ahsa-to-bahrain/,No numeric ranking evidence supplied for this keyword,Dedicated bilingual route page exists,Use Dammam/Khobar/Eastern Province coverage first; create a dedicated page only after unique intent and sufficient facts are confirmed,High if split into thin locality pages,Add safely to existing page or evaluate hub,Use Dammam/Khobar/Eastern Province coverage first; create a dedicated page only after unique intent and sufficient facts are confirmed,توسعة منهجية لعبارات المسار والخدمة؛ ليست حجم بحث موثق
610,P1,مندوب توصيل من البحرين الى الجبيل,AR,Systematic long-tail expansion,Commercial,البحرين,الجبيل,طرود صغيرة,البحرين ← الجبيل,/bahrain-saudi-gcc-transport/jubail-to-bahrain/,No numeric ranking evidence supplied for this keyword,Dedicated bilingual route page exists,Add to the matching route page only when it fits the page intent,Medium; keep one canonical route owner,Add safely to existing page,Add to the matching route page only when it fits the page intent,توسعة منهجية لعبارات المسار والخدمة؛ ليست حجم بحث موثق
611,P1,مندوب توصيل من البحرين الى الرياض,AR,Google Autocomplete — observed,Commercial,,,Observed wording,Route / service cluster,/bahrain-saudi-gcc-transport/,Workbook marks route as protected; preserve existing ranking content,No exact phrase found; contextual coverage required,Leave primary SEO fields and ranking content unchanged; add only small safe conversion support,High; protect existing winner,Protect,Leave primary SEO fields and ranking content unchanged; add only small safe conversion support,Directly observed in Google Bahrain suggestions on 16 Sep 2026
612,P1,مندوب توصيل من البحرين الى القطيف,AR,Systematic long-tail expansion,Commercial,البحرين,القطيف,طرود صغيرة,البحرين ← القطيف,/bahrain-saudi-gcc-transport/qatif-to-bahrain/,No numeric ranking evidence supplied for this keyword,No exact phrase found; contextual coverage required,Use Dammam/Khobar/Eastern Province coverage first; create a dedicated page only after unique intent and sufficient facts are confirmed,High if split into thin locality pages,Add safely to existing page or evaluate hub,Use Dammam/Khobar/Eastern Province coverage first; create a dedicated page only after unique intent and sufficient facts are confirmed,توسعة منهجية لعبارات المسار والخدمة؛ ليست حجم بحث موثق
613,P1,مندوب توصيل من البحرين الى الهفوف,AR,Systematic long-tail expansion,Commercial,البحرين,الهفوف,طرود صغيرة,البحرين ← الهفوف,/bahrain-saudi-gcc-transport/hofuf-to-bahrain/,No numeric ranking evidence supplied for this keyword,No exact phrase found; contextual coverage required,Use Dammam/Khobar/Eastern Province coverage first; create a dedicated page only after unique intent and sufficient facts are confirmed,High if split into thin locality pages,Add safely to existing page or evaluate hub,Use Dammam/Khobar/Eastern Province coverage first; create a dedicated page only after unique intent and sufficient facts are confirmed,توسعة منهجية لعبارات المسار والخدمة؛ ليست حجم بحث موثق
614,P1,مندوب توصيل من الجبيل الى البحرين,AR,Systematic long-tail expansion,Commercial,الجبيل,البحرين,طرود صغيرة,الجبيل ← البحرين,/bahrain-saudi-gcc-transport/bahrain-to-jubail/,No numeric ranking evidence supplied for this keyword,Dedicated bilingual route page exists,Add to the matching route page only when it fits the page intent,Medium; keep one canonical route owner,Add safely to existing page,Add to the matching route page only when it fits the page intent,توسعة منهجية لعبارات المسار والخدمة؛ ليست حجم بحث موثق
615,P1,مندوب توصيل من الرياض الى البحرين,AR,Systematic long-tail expansion,Commercial,الرياض,البحرين,طرود صغيرة,الرياض ← البحرين,/bahrain-saudi-gcc-transport/bahrain-to-riyadh/,Workbook marks route as protected; preserve existing ranking content,Dedicated bilingual route page exists,Leave primary SEO fields and ranking content unchanged; add only small safe conversion support,High; protect existing winner,Protect,Leave primary SEO fields and ranking content unchanged; add only small safe conversion support,توسعة منهجية لعبارات المسار والخدمة؛ ليست حجم بحث موثق
616,P1,مندوب توصيل من القطيف الى البحرين,AR,Systematic long-tail expansion,Commercial,القطيف,البحرين,طرود صغيرة,القطيف ← البحرين,/bahrain-saudi-gcc-transport/bahrain-to-qatif/,No numeric ranking evidence supplied for this keyword,No exact phrase found; contextual coverage required,Use Dammam/Khobar/Eastern Province coverage first; create a dedicated page only after unique intent and sufficient facts are confirmed,High if split into thin locality pages,Add safely to existing page or evaluate hub,Use Dammam/Khobar/Eastern Province coverage first; create a dedicated page only after unique intent and sufficient facts are confirmed,توسعة منهجية لعبارات المسار والخدمة؛ ليست حجم بحث موثق
617,P1,مندوب توصيل من الهفوف الى البحرين,AR,Systematic long-tail expansion,Commercial,الهفوف,البحرين,طرود صغيرة,الهفوف ← البحرين,/bahrain-saudi-gcc-transport/bahrain-to-hofuf/,No numeric ranking evidence supplied for this keyword,No exact phrase found; contextual coverage required,Use Dammam/Khobar/Eastern Province coverage first; create a dedicated page only after unique intent and sufficient facts are confirmed,High if split into thin locality pages,Add safely to existing page or evaluate hub,Use Dammam/Khobar/Eastern Province coverage first; create a dedicated page only after unique intent and sufficient facts are confirmed,توسعة منهجية لعبارات المسار والخدمة؛ ليست حجم بحث موثق
618,P1,نقل موظفين البحرين السعودية,AR,Service-intent expansion,Commercial,Bahrain,,Corporate,Corporate,/bahrain-saudi-gcc-transport/,No numeric ranking evidence supplied for this keyword,No exact phrase found; contextual coverage required,Cluster with an existing service page unless unique intent and enough factual content justify a new page,Medium; validate before publishing,Evaluate for genuinely useful new page,Cluster with an existing service page unless unique intent and enough factual content justify a new page,Service-level opportunity; match only to supported services
619,P1,7 seater Bahrain Saudi,EN,Service-intent expansion,Commercial,Bahrain,,Family/group,Family/group,/bahrain-saudi-gcc-transport/,No numeric ranking evidence supplied for this keyword,No exact phrase found; contextual coverage required,Cluster with an existing service page unless unique intent and enough factual content justify a new page,Medium; validate before publishing,Evaluate for genuinely useful new page,Cluster with an existing service page unless unique intent and enough factual content justify a new page,Service-level opportunity; match only to supported services
620,P1,7 seater from Al Ahsa to Bahrain,EN,Systematic long-tail expansion,Commercial,Al Ahsa,Bahrain,Family/group,Al Ahsa → Bahrain,/bahrain-saudi-gcc-transport/en/al-ahsa-to-bahrain/,No numeric ranking evidence supplied for this keyword,Dedicated bilingual route page exists,Use Dammam/Khobar/Eastern Province coverage first; create a dedicated page only after unique intent and sufficient facts are confirmed,High if split into thin locality pages,Add safely to existing page or evaluate hub,Use Dammam/Khobar/Eastern Province coverage first; create a dedicated page only after unique intent and sufficient facts are confirmed,Generated from validated route + service pattern; verify before page creation
621,P1,7 seater from Bahrain to Al Ahsa,EN,Systematic long-tail expansion,Commercial,Bahrain,Al Ahsa,Family/group,Bahrain → Al Ahsa,/bahrain-saudi-gcc-transport/en/bahrain-to-al-ahsa/,No numeric ranking evidence supplied for this keyword,Dedicated bilingual route page exists,Use Dammam/Khobar/Eastern Province coverage first; create a dedicated page only after unique intent and sufficient facts are confirmed,High if split into thin locality pages,Add safely to existing page or evaluate hub,Use Dammam/Khobar/Eastern Province coverage first; create a dedicated page only after unique intent and sufficient facts are confirmed,Generated from validated route + service pattern; verify before page creation
622,P1,7 seater from Bahrain to Hofuf,EN,Systematic long-tail expansion,Commercial,Bahrain,Hofuf,Family/group,Bahrain → Hofuf,/bahrain-saudi-gcc-transport/en/bahrain-to-hofuf/,No numeric ranking evidence supplied for this keyword,No exact phrase found; contextual coverage required,Use Dammam/Khobar/Eastern Province coverage first; create a dedicated page only after unique intent and sufficient facts are confirmed,High if split into thin locality pages,Add safely to existing page or evaluate hub,Use Dammam/Khobar/Eastern Province coverage first; create a dedicated page only after unique intent and sufficient facts are confirmed,Generated from validated route + service pattern; verify before page creation
623,P1,7 seater from Bahrain to Jubail,EN,Systematic long-tail expansion,Commercial,Bahrain,Jubail,Family/group,Bahrain → Jubail,/bahrain-saudi-gcc-transport/en/bahrain-to-jubail/,No numeric ranking evidence supplied for this keyword,Dedicated bilingual route page exists,Add to the matching route page only when it fits the page intent,Medium; keep one canonical route owner,Add safely to existing page,Add to the matching route page only when it fits the page intent,Generated from validated route + service pattern; verify before page creation
624,P1,7 seater from Bahrain to Qatif,EN,Systematic long-tail expansion,Commercial,Bahrain,Qatif,Family/group,Bahrain → Qatif,/bahrain-saudi-gcc-transport/en/bahrain-to-qatif/,No numeric ranking evidence supplied for this keyword,No exact phrase found; contextual coverage required,Use Dammam/Khobar/Eastern Province coverage first; create a dedicated page only after unique intent and sufficient facts are confirmed,High if split into thin locality pages,Add safely to existing page or evaluate hub,Use Dammam/Khobar/Eastern Province coverage first; create a dedicated page only after unique intent and sufficient facts are confirmed,Generated from validated route + service pattern; verify before page creation
625,P1,7 seater from Bahrain to Riyadh,EN,Systematic long-tail expansion,Commercial,Bahrain,Riyadh,Family/group,Bahrain → Riyadh,/bahrain-saudi-gcc-transport/en/bahrain-to-riyadh/,Workbook marks route as protected; preserve existing ranking content,Dedicated bilingual route page exists,Leave primary SEO fields and ranking content unchanged; add only small safe conversion support,High; protect existing winner,Protect,Leave primary SEO fields and ranking content unchanged; add only small safe conversion support,Generated from validated route + service pattern; verify before page creation
626,P1,7 seater from Hofuf to Bahrain,EN,Systematic long-tail expansion,Commercial,Hofuf,Bahrain,Family/group,Hofuf → Bahrain,/bahrain-saudi-gcc-transport/en/hofuf-to-bahrain/,No numeric ranking evidence supplied for this keyword,No exact phrase found; contextual coverage required,Use Dammam/Khobar/Eastern Province coverage first; create a dedicated page only after unique intent and sufficient facts are confirmed,High if split into thin locality pages,Add safely to existing page or evaluate hub,Use Dammam/Khobar/Eastern Province coverage first; create a dedicated page only after unique intent and sufficient facts are confirmed,Generated from validated route + service pattern; verify before page creation
627,P1,7 seater from Jubail to Bahrain,EN,Systematic long-tail expansion,Commercial,Jubail,Bahrain,Family/group,Jubail → Bahrain,/bahrain-saudi-gcc-transport/en/jubail-to-bahrain/,No numeric ranking evidence supplied for this keyword,Dedicated bilingual route page exists,Add to the matching route page only when it fits the page intent,Medium; keep one canonical route owner,Add safely to existing page,Add to the matching route page only when it fits the page intent,Generated from validated route + service pattern; verify before page creation
628,P1,7 seater from Qatif to Bahrain,EN,Systematic long-tail expansion,Commercial,Qatif,Bahrain,Family/group,Qatif → Bahrain,/bahrain-saudi-gcc-transport/en/qatif-to-bahrain/,No numeric ranking evidence supplied for this keyword,No exact phrase found; contextual coverage required,Use Dammam/Khobar/Eastern Province coverage first; create a dedicated page only after unique intent and sufficient facts are confirmed,High if split into thin locality pages,Add safely to existing page or evaluate hub,Use Dammam/Khobar/Eastern Province coverage first; create a dedicated page only after unique intent and sufficient facts are confirmed,Generated from validated route + service pattern; verify before page creation
629,P1,7 seater from Riyadh to Bahrain,EN,Systematic long-tail expansion,Commercial,Riyadh,Bahrain,Family/group,Riyadh → Bahrain,/bahrain-saudi-gcc-transport/en/riyadh-to-bahrain/,Workbook marks route as protected; preserve existing ranking content,Dedicated bilingual route page exists,Leave primary SEO fields and ranking content unchanged; add only small safe conversion support,High; protect existing winner,Protect,Leave primary SEO fields and ranking content unchanged; add only small safe conversion support,Generated from validated route + service pattern; verify before page creation
630,P1,Al Ahsa to Bahrain by car,EN,Systematic long-tail expansion,Informational,Al Ahsa,Bahrain,Driving,Al Ahsa → Bahrain,/bahrain-saudi-gcc-transport/en/al-ahsa-to-bahrain/,No numeric ranking evidence supplied for this keyword,Dedicated bilingual route page exists,Use Dammam/Khobar/Eastern Province coverage first; create a dedicated page only after unique intent and sufficient facts are confirmed,High if split into thin locality pages,Add safely to existing page or evaluate hub,Use Dammam/Khobar/Eastern Province coverage first; create a dedicated page only after unique intent and sufficient facts are confirmed,Generated from validated route + service pattern; verify before page creation
631,P1,Al Ahsa to Bahrain distance by road,EN,Systematic long-tail expansion,Informational,Al Ahsa,Bahrain,Distance,Al Ahsa → Bahrain,/bahrain-saudi-gcc-transport/en/al-ahsa-to-bahrain/,No numeric ranking evidence supplied for this keyword,Dedicated bilingual route page exists,Use Dammam/Khobar/Eastern Province coverage first; create a dedicated page only after unique intent and sufficient facts are confirmed,High if split into thin locality pages,Add safely to existing page or evaluate hub,Use Dammam/Khobar/Eastern Province coverage first; create a dedicated page only after unique intent and sufficient facts are confirmed,Generated from validated route + service pattern; verify before page creation
632,P1,Al Ahsa to Bahrain taxi price,EN,Systematic long-tail expansion,Price,Al Ahsa,Bahrain,Pricing,Al Ahsa → Bahrain,/bahrain-saudi-gcc-transport/en/al-ahsa-to-bahrain/,No numeric ranking evidence supplied for this keyword,Dedicated bilingual route page exists,Use Dammam/Khobar/Eastern Province coverage first; create a dedicated page only after unique intent and sufficient facts are confirmed,High if split into thin locality pages,Add safely to existing page or evaluate hub,Use Dammam/Khobar/Eastern Province coverage first; create a dedicated page only after unique intent and sufficient facts are confirmed,Generated from validated route + service pattern; verify before page creation
633,P1,Al Ahsa to Bahrain transfer,EN,Systematic long-tail expansion,Commercial,Al Ahsa,Bahrain,Transfer,Al Ahsa → Bahrain,/bahrain-saudi-gcc-transport/en/al-ahsa-to-bahrain/,No numeric ranking evidence supplied for this keyword,Dedicated bilingual route page exists,Use Dammam/Khobar/Eastern Province coverage first; create a dedicated page only after unique intent and sufficient facts are confirmed,High if split into thin locality pages,Add safely to existing page or evaluate hub,Use Dammam/Khobar/Eastern Province coverage first; create a dedicated page only after unique intent and sufficient facts are confirmed,Generated from validated route + service pattern; verify before page creation
634,P1,Al Ahsa to Bahrain transport,EN,Systematic long-tail expansion,Commercial,Al Ahsa,Bahrain,Transport,Al Ahsa → Bahrain,/bahrain-saudi-gcc-transport/en/al-ahsa-to-bahrain/,No numeric ranking evidence supplied for this keyword,Dedicated bilingual route page exists,Use Dammam/Khobar/Eastern Province coverage first; create a dedicated page only after unique intent and sufficient facts are confirmed,High if split into thin locality pages,Add safely to existing page or evaluate hub,Use Dammam/Khobar/Eastern Province coverage first; create a dedicated page only after unique intent and sufficient facts are confirmed,Generated from validated route + service pattern; verify before page creation
635,P1,bahrain airport pick up,EN,Google Autocomplete — observed,Commercial,,,Observed wording,Route / service cluster,/bahrain-saudi-gcc-transport/,No numeric ranking evidence supplied for this keyword,No exact phrase found; contextual coverage required,Cluster with an existing service page unless unique intent and enough factual content justify a new page,Medium; validate before publishing,Evaluate for genuinely useful new page,Cluster with an existing service page unless unique intent and enough factual content justify a new page,Directly observed in Google Bahrain suggestions on 16 Sep 2026
636,P1,Bahrain airport pickup,EN,Service-intent expansion,Commercial,Bahrain,,Airport transfer,Airport transfer,/bahrain-saudi-gcc-transport/,No numeric ranking evidence supplied for this keyword,Exact keyword phrase appears in existing site content,Cluster with an existing service page unless unique intent and enough factual content justify a new page,Medium; validate before publishing,Evaluate for genuinely useful new page,Cluster with an existing service page unless unique intent and enough factual content justify a new page,Service-level opportunity; match only to supported services
637,P1,bahrain airport taxi,EN,Google Autocomplete — observed,Commercial,,,Observed wording,Route / service cluster,/bahrain-saudi-gcc-transport/,No numeric ranking evidence supplied for this keyword,No exact phrase found; contextual coverage required,Cluster with an existing service page unless unique intent and enough factual content justify a new page,Medium; validate before publishing,Evaluate for genuinely useful new page,Cluster with an existing service page unless unique intent and enough factual content justify a new page,Directly observed in Google Bahrain suggestions on 16 Sep 2026
638,P1,bahrain airport taxi fare,EN,Google Autocomplete — observed,Commercial,,,Observed wording,Route / service cluster,/bahrain-saudi-gcc-transport/,No numeric ranking evidence supplied for this keyword,No exact phrase found; contextual coverage required,Cluster with an existing service page unless unique intent and enough factual content justify a new page,Medium; validate before publishing,Evaluate for genuinely useful new page,Cluster with an existing service page unless unique intent and enough factual content justify a new page,Directly observed in Google Bahrain suggestions on 16 Sep 2026
639,P1,bahrain airport taxi service,EN,Google Autocomplete — observed,Commercial,,,Observed wording,Route / service cluster,/bahrain-saudi-gcc-transport/,No numeric ranking evidence supplied for this keyword,No exact phrase found; contextual coverage required,Cluster with an existing service page unless unique intent and enough factual content justify a new page,Medium; validate before publishing,Evaluate for genuinely useful new page,Cluster with an existing service page unless unique intent and enough factual content justify a new page,Directly observed in Google Bahrain suggestions on 16 Sep 2026
640,P1,bahrain airport transfer,EN,Google Autocomplete — observed,Commercial,,,Observed wording,Route / service cluster,/bahrain-saudi-gcc-transport/,No numeric ranking evidence supplied for this keyword,Exact keyword phrase appears in existing site content,Cluster with an existing service page unless unique intent and enough factual content justify a new page,Medium; validate before publishing,Evaluate for genuinely useful new page,Cluster with an existing service page unless unique intent and enough factual content justify a new page,Directly observed in Google Bahrain suggestions on 16 Sep 2026
641,P1,Bahrain Saudi causeway taxi,EN,Service-intent expansion,Commercial,Bahrain,,Causeway,Causeway,/bahrain-saudi-gcc-transport/,No numeric ranking evidence supplied for this keyword,No exact phrase found; contextual coverage required,Cluster with an existing service page unless unique intent and enough factual content justify a new page,Medium; validate before publishing,Evaluate for genuinely useful new page,Cluster with an existing service page unless unique intent and enough factual content justify a new page,Service-level opportunity; match only to supported services
642,P1,Bahrain to Al Ahsa by car,EN,Systematic long-tail expansion,Informational,Bahrain,Al Ahsa,Driving,Bahrain → Al Ahsa,/bahrain-saudi-gcc-transport/en/bahrain-to-al-ahsa/,No numeric ranking evidence supplied for this keyword,Dedicated bilingual route page exists,Use Dammam/Khobar/Eastern Province coverage first; create a dedicated page only after unique intent and sufficient facts are confirmed,High if split into thin locality pages,Add safely to existing page or evaluate hub,Use Dammam/Khobar/Eastern Province coverage first; create a dedicated page only after unique intent and sufficient facts are confirmed,Generated from validated route + service pattern; verify before page creation
643,P1,Bahrain to Al Ahsa distance by road,EN,Systematic long-tail expansion,Informational,Bahrain,Al Ahsa,Distance,Bahrain → Al Ahsa,/bahrain-saudi-gcc-transport/en/bahrain-to-al-ahsa/,No numeric ranking evidence supplied for this keyword,Dedicated bilingual route page exists,Use Dammam/Khobar/Eastern Province coverage first; create a dedicated page only after unique intent and sufficient facts are confirmed,High if split into thin locality pages,Add safely to existing page or evaluate hub,Use Dammam/Khobar/Eastern Province coverage first; create a dedicated page only after unique intent and sufficient facts are confirmed,Generated from validated route + service pattern; verify before page creation
644,P1,Bahrain to Al Ahsa taxi price,EN,Systematic long-tail expansion,Price,Bahrain,Al Ahsa,Pricing,Bahrain → Al Ahsa,/bahrain-saudi-gcc-transport/en/bahrain-to-al-ahsa/,No numeric ranking evidence supplied for this keyword,Dedicated bilingual route page exists,Use Dammam/Khobar/Eastern Province coverage first; create a dedicated page only after unique intent and sufficient facts are confirmed,High if split into thin locality pages,Add safely to existing page or evaluate hub,Use Dammam/Khobar/Eastern Province coverage first; create a dedicated page only after unique intent and sufficient facts are confirmed,Generated from validated route + service pattern; verify before page creation
645,P1,Bahrain to Al Ahsa transfer,EN,Systematic long-tail expansion,Commercial,Bahrain,Al Ahsa,Transfer,Bahrain → Al Ahsa,/bahrain-saudi-gcc-transport/en/bahrain-to-al-ahsa/,No numeric ranking evidence supplied for this keyword,Dedicated bilingual route page exists,Use Dammam/Khobar/Eastern Province coverage first; create a dedicated page only after unique intent and sufficient facts are confirmed,High if split into thin locality pages,Add safely to existing page or evaluate hub,Use Dammam/Khobar/Eastern Province coverage first; create a dedicated page only after unique intent and sufficient facts are confirmed,Generated from validated route + service pattern; verify before page creation
646,P1,Bahrain to Al Ahsa transport,EN,Systematic long-tail expansion,Commercial,Bahrain,Al Ahsa,Transport,Bahrain → Al Ahsa,/bahrain-saudi-gcc-transport/en/bahrain-to-al-ahsa/,No numeric ranking evidence supplied for this keyword,Dedicated bilingual route page exists,Use Dammam/Khobar/Eastern Province coverage first; create a dedicated page only after unique intent and sufficient facts are confirmed,High if split into thin locality pages,Add safely to existing page or evaluate hub,Use Dammam/Khobar/Eastern Province coverage first; create a dedicated page only after unique intent and sufficient facts are confirmed,Generated from validated route + service pattern; verify before page creation
647,P1,Bahrain to Hofuf by car,EN,Systematic long-tail expansion,Informational,Bahrain,Hofuf,Driving,Bahrain → Hofuf,/bahrain-saudi-gcc-transport/en/bahrain-to-hofuf/,No numeric ranking evidence supplied for this keyword,No exact phrase found; contextual coverage required,Use Dammam/Khobar/Eastern Province coverage first; create a dedicated page only after unique intent and sufficient facts are confirmed,High if split into thin locality pages,Add safely to existing page or evaluate hub,Use Dammam/Khobar/Eastern Province coverage first; create a dedicated page only after unique intent and sufficient facts are confirmed,Generated from validated route + service pattern; verify before page creation
648,P1,Bahrain to Hofuf distance by road,EN,Systematic long-tail expansion,Informational,Bahrain,Hofuf,Distance,Bahrain → Hofuf,/bahrain-saudi-gcc-transport/en/bahrain-to-hofuf/,No numeric ranking evidence supplied for this keyword,No exact phrase found; contextual coverage required,Use Dammam/Khobar/Eastern Province coverage first; create a dedicated page only after unique intent and sufficient facts are confirmed,High if split into thin locality pages,Add safely to existing page or evaluate hub,Use Dammam/Khobar/Eastern Province coverage first; create a dedicated page only after unique intent and sufficient facts are confirmed,Generated from validated route + service pattern; verify before page creation
649,P1,Bahrain to Hofuf taxi price,EN,Systematic long-tail expansion,Price,Bahrain,Hofuf,Pricing,Bahrain → Hofuf,/bahrain-saudi-gcc-transport/en/bahrain-to-hofuf/,No numeric ranking evidence supplied for this keyword,No exact phrase found; contextual coverage required,Use Dammam/Khobar/Eastern Province coverage first; create a dedicated page only after unique intent and sufficient facts are confirmed,High if split into thin locality pages,Add safely to existing page or evaluate hub,Use Dammam/Khobar/Eastern Province coverage first; create a dedicated page only after unique intent and sufficient facts are confirmed,Generated from validated route + service pattern; verify before page creation
650,P1,Bahrain to Hofuf transfer,EN,Systematic long-tail expansion,Commercial,Bahrain,Hofuf,Transfer,Bahrain → Hofuf,/bahrain-saudi-gcc-transport/en/bahrain-to-hofuf/,No numeric ranking evidence supplied for this keyword,No exact phrase found; contextual coverage required,Use Dammam/Khobar/Eastern Province coverage first; create a dedicated page only after unique intent and sufficient facts are confirmed,High if split into thin locality pages,Add safely to existing page or evaluate hub,Use Dammam/Khobar/Eastern Province coverage first; create a dedicated page only after unique intent and sufficient facts are confirmed,Generated from validated route + service pattern; verify before page creation
651,P1,Bahrain to Hofuf transport,EN,Systematic long-tail expansion,Commercial,Bahrain,Hofuf,Transport,Bahrain → Hofuf,/bahrain-saudi-gcc-transport/en/bahrain-to-hofuf/,No numeric ranking evidence supplied for this keyword,No exact phrase found; contextual coverage required,Use Dammam/Khobar/Eastern Province coverage first; create a dedicated page only after unique intent and sufficient facts are confirmed,High if split into thin locality pages,Add safely to existing page or evaluate hub,Use Dammam/Khobar/Eastern Province coverage first; create a dedicated page only after unique intent and sufficient facts are confirmed,Generated from validated route + service pattern; verify before page creation
652,P1,Bahrain to Jubail by car,EN,Systematic long-tail expansion,Informational,Bahrain,Jubail,Driving,Bahrain → Jubail,/bahrain-saudi-gcc-transport/en/bahrain-to-jubail/,No numeric ranking evidence supplied for this keyword,Dedicated bilingual route page exists,Add to the matching route page only when it fits the page intent,Medium; keep one canonical route owner,Add safely to existing page,Add to the matching route page only when it fits the page intent,Generated from validated route + service pattern; verify before page creation
653,P1,Bahrain to Jubail distance by road,EN,Systematic long-tail expansion,Informational,Bahrain,Jubail,Distance,Bahrain → Jubail,/bahrain-saudi-gcc-transport/en/bahrain-to-jubail/,No numeric ranking evidence supplied for this keyword,Dedicated bilingual route page exists,Add to the matching route page only when it fits the page intent,Medium; keep one canonical route owner,Add safely to existing page,Add to the matching route page only when it fits the page intent,Generated from validated route + service pattern; verify before page creation
654,P1,Bahrain to Jubail taxi price,EN,Systematic long-tail expansion,Price,Bahrain,Jubail,Pricing,Bahrain → Jubail,/bahrain-saudi-gcc-transport/en/bahrain-to-jubail/,No numeric ranking evidence supplied for this keyword,Dedicated bilingual route page exists,Add to the matching route page only when it fits the page intent,Medium; keep one canonical route owner,Add safely to existing page,Add to the matching route page only when it fits the page intent,Generated from validated route + service pattern; verify before page creation
655,P1,Bahrain to Jubail transfer,EN,Systematic long-tail expansion,Commercial,Bahrain,Jubail,Transfer,Bahrain → Jubail,/bahrain-saudi-gcc-transport/en/bahrain-to-jubail/,No numeric ranking evidence supplied for this keyword,Dedicated bilingual route page exists,Add to the matching route page only when it fits the page intent,Medium; keep one canonical route owner,Add safely to existing page,Add to the matching route page only when it fits the page intent,Generated from validated route + service pattern; verify before page creation
656,P1,Bahrain to Jubail transport,EN,Systematic long-tail expansion,Commercial,Bahrain,Jubail,Transport,Bahrain → Jubail,/bahrain-saudi-gcc-transport/en/bahrain-to-jubail/,No numeric ranking evidence supplied for this keyword,Dedicated bilingual route page exists,Add to the matching route page only when it fits the page intent,Medium; keep one canonical route owner,Add safely to existing page,Add to the matching route page only when it fits the page intent,Generated from validated route + service pattern; verify before page creation
657,P1,Bahrain to Qatif by car,EN,Systematic long-tail expansion,Informational,Bahrain,Qatif,Driving,Bahrain → Qatif,/bahrain-saudi-gcc-transport/en/bahrain-to-qatif/,No numeric ranking evidence supplied for this keyword,No exact phrase found; contextual coverage required,Use Dammam/Khobar/Eastern Province coverage first; create a dedicated page only after unique intent and sufficient facts are confirmed,High if split into thin locality pages,Add safely to existing page or evaluate hub,Use Dammam/Khobar/Eastern Province coverage first; create a dedicated page only after unique intent and sufficient facts are confirmed,Generated from validated route + service pattern; verify before page creation
658,P1,Bahrain to Qatif distance by road,EN,Systematic long-tail expansion,Informational,Bahrain,Qatif,Distance,Bahrain → Qatif,/bahrain-saudi-gcc-transport/en/bahrain-to-qatif/,No numeric ranking evidence supplied for this keyword,No exact phrase found; contextual coverage required,Use Dammam/Khobar/Eastern Province coverage first; create a dedicated page only after unique intent and sufficient facts are confirmed,High if split into thin locality pages,Add safely to existing page or evaluate hub,Use Dammam/Khobar/Eastern Province coverage first; create a dedicated page only after unique intent and sufficient facts are confirmed,Generated from validated route + service pattern; verify before page creation
659,P1,Bahrain to Qatif taxi price,EN,Systematic long-tail expansion,Price,Bahrain,Qatif,Pricing,Bahrain → Qatif,/bahrain-saudi-gcc-transport/en/bahrain-to-qatif/,No numeric ranking evidence supplied for this keyword,No exact phrase found; contextual coverage required,Use Dammam/Khobar/Eastern Province coverage first; create a dedicated page only after unique intent and sufficient facts are confirmed,High if split into thin locality pages,Add safely to existing page or evaluate hub,Use Dammam/Khobar/Eastern Province coverage first; create a dedicated page only after unique intent and sufficient facts are confirmed,Generated from validated route + service pattern; verify before page creation
660,P1,Bahrain to Qatif transfer,EN,Systematic long-tail expansion,Commercial,Bahrain,Qatif,Transfer,Bahrain → Qatif,/bahrain-saudi-gcc-transport/en/bahrain-to-qatif/,No numeric ranking evidence supplied for this keyword,No exact phrase found; contextual coverage required,Use Dammam/Khobar/Eastern Province coverage first; create a dedicated page only after unique intent and sufficient facts are confirmed,High if split into thin locality pages,Add safely to existing page or evaluate hub,Use Dammam/Khobar/Eastern Province coverage first; create a dedicated page only after unique intent and sufficient facts are confirmed,Generated from validated route + service pattern; verify before page creation
661,P1,Bahrain to Qatif transport,EN,Systematic long-tail expansion,Commercial,Bahrain,Qatif,Transport,Bahrain → Qatif,/bahrain-saudi-gcc-transport/en/bahrain-to-qatif/,No numeric ranking evidence supplied for this keyword,No exact phrase found; contextual coverage required,Use Dammam/Khobar/Eastern Province coverage first; create a dedicated page only after unique intent and sufficient facts are confirmed,High if split into thin locality pages,Add safely to existing page or evaluate hub,Use Dammam/Khobar/Eastern Province coverage first; create a dedicated page only after unique intent and sufficient facts are confirmed,Generated from validated route + service pattern; verify before page creation
662,P1,bahrain to riyadh bus,EN,Google Autocomplete — observed,Informational,,,Observed wording,Route / service cluster,/bahrain-saudi-gcc-transport/,Workbook marks route as protected; preserve existing ranking content,No exact phrase found; contextual coverage required,Do not target as a service page; use only in a factual comparison FAQ if justified,Low; exclusion avoids irrelevant traffic and cannibalization,Ignore: not a Vendora primary service,Do not target as a service page; use only in a factual comparison FAQ if justified,Directly observed in Google Bahrain suggestions on 16 Sep 2026
663,P1,bahrain to riyadh bus ticket price,EN,Google Autocomplete — observed,Informational,,,Observed wording,Route / service cluster,/bahrain-saudi-gcc-transport/,Workbook marks route as protected; preserve existing ranking content,No exact phrase found; contextual coverage required,Do not target as a service page; use only in a factual comparison FAQ if justified,Low; exclusion avoids irrelevant traffic and cannibalization,Ignore: not a Vendora primary service,Do not target as a service page; use only in a factual comparison FAQ if justified,Directly observed in Google Bahrain suggestions on 16 Sep 2026
664,P1,bahrain to riyadh by car,EN,Google Autocomplete — observed,Informational,,,Observed wording,Route / service cluster,/bahrain-saudi-gcc-transport/,Workbook marks route as protected; preserve existing ranking content,No exact phrase found; contextual coverage required,Leave primary SEO fields and ranking content unchanged; add only small safe conversion support,High; protect existing winner,Protect,Leave primary SEO fields and ranking content unchanged; add only small safe conversion support,Directly observed in Google Bahrain suggestions on 16 Sep 2026
665,P1,bahrain to riyadh by road,EN,Google Autocomplete — observed,Informational,,,Observed wording,Route / service cluster,/bahrain-saudi-gcc-transport/,Workbook marks route as protected; preserve existing ranking content,No exact phrase found; contextual coverage required,Leave primary SEO fields and ranking content unchanged; add only small safe conversion support,High; protect existing winner,Protect,Leave primary SEO fields and ranking content unchanged; add only small safe conversion support,Directly observed in Google Bahrain suggestions on 16 Sep 2026
666,P1,bahrain to riyadh distance,EN,Google Autocomplete — observed,Informational,,,Observed wording,Route / service cluster,/bahrain-saudi-gcc-transport/,Workbook marks route as protected; preserve existing ranking content,No exact phrase found; contextual coverage required,Leave primary SEO fields and ranking content unchanged; add only small safe conversion support,High; protect existing winner,Protect,Leave primary SEO fields and ranking content unchanged; add only small safe conversion support,Directly observed in Google Bahrain suggestions on 16 Sep 2026
667,P1,bahrain to riyadh distance by road,EN,Google Autocomplete — observed,Informational,,,Observed wording,Route / service cluster,/bahrain-saudi-gcc-transport/,Workbook marks route as protected; preserve existing ranking content,No exact phrase found; contextual coverage required,Leave primary SEO fields and ranking content unchanged; add only small safe conversion support,High; protect existing winner,Protect,Leave primary SEO fields and ranking content unchanged; add only small safe conversion support,Directly observed in Google Bahrain suggestions on 16 Sep 2026
668,P1,Bahrain to Riyadh taxi price,EN,Systematic long-tail expansion,Price,Bahrain,Riyadh,Pricing,Bahrain → Riyadh,/bahrain-saudi-gcc-transport/en/bahrain-to-riyadh/,Workbook marks route as protected; preserve existing ranking content,Dedicated bilingual route page exists,Leave primary SEO fields and ranking content unchanged; add only small safe conversion support,High; protect existing winner,Protect,Leave primary SEO fields and ranking content unchanged; add only small safe conversion support,Generated from validated route + service pattern; verify before page creation
669,P1,Bahrain to Riyadh transfer,EN,Systematic long-tail expansion,Commercial,Bahrain,Riyadh,Transfer,Bahrain → Riyadh,/bahrain-saudi-gcc-transport/en/bahrain-to-riyadh/,Workbook marks route as protected; preserve existing ranking content,Dedicated bilingual route page exists,Leave primary SEO fields and ranking content unchanged; add only small safe conversion support,High; protect existing winner,Protect,Leave primary SEO fields and ranking content unchanged; add only small safe conversion support,Generated from validated route + service pattern; verify before page creation
670,P1,Bahrain to Riyadh transport,EN,Systematic long-tail expansion,Commercial,Bahrain,Riyadh,Transport,Bahrain → Riyadh,/bahrain-saudi-gcc-transport/en/bahrain-to-riyadh/,Workbook marks route as protected; preserve existing ranking content,Dedicated bilingual route page exists,Leave primary SEO fields and ranking content unchanged; add only small safe conversion support,High; protect existing winner,Protect,Leave primary SEO fields and ranking content unchanged; add only small safe conversion support,Generated from validated route + service pattern; verify before page creation
671,P1,bahrain to saudi arabia taxi,EN,Google Autocomplete — observed,Commercial,,,Observed wording,Route / service cluster,/bahrain-saudi-gcc-transport/,No numeric ranking evidence supplied for this keyword,Exact keyword phrase appears in existing site content,Cluster with an existing service page unless unique intent and enough factual content justify a new page,Medium; validate before publishing,Evaluate for genuinely useful new page,Cluster with an existing service page unless unique intent and enough factual content justify a new page,Directly observed in Google Bahrain suggestions on 16 Sep 2026
672,P1,bahrain to saudi taxi,EN,Google Autocomplete — observed,Commercial,,,Observed wording,Route / service cluster,/bahrain-saudi-gcc-transport/,No numeric ranking evidence supplied for this keyword,No exact phrase found; contextual coverage required,Cluster with an existing service page unless unique intent and enough factual content justify a new page,Medium; validate before publishing,Evaluate for genuinely useful new page,Cluster with an existing service page unless unique intent and enough factual content justify a new page,Directly observed in Google Bahrain suggestions on 16 Sep 2026
673,P1,bahrain to saudi taxi price,EN,Google Autocomplete — observed,Commercial,,,Observed wording,Route / service cluster,/bahrain-saudi-gcc-transport/,No numeric ranking evidence supplied for this keyword,No exact phrase found; contextual coverage required,Cluster with an existing service page unless unique intent and enough factual content justify a new page,Medium; validate before publishing,Evaluate for genuinely useful new page,Cluster with an existing service page unless unique intent and enough factual content justify a new page,Directly observed in Google Bahrain suggestions on 16 Sep 2026
674,P1,bahrain to saudi taxi service,EN,Google Autocomplete — observed,Commercial,,,Observed wording,Route / service cluster,/bahrain-saudi-gcc-transport/,No numeric ranking evidence supplied for this keyword,No exact phrase found; contextual coverage required,Cluster with an existing service page unless unique intent and enough factual content justify a new page,Medium; validate before publishing,Evaluate for genuinely useful new page,Cluster with an existing service page unless unique intent and enough factual content justify a new page,Directly observed in Google Bahrain suggestions on 16 Sep 2026
675,P1,business transfer from Al Ahsa to Bahrain,EN,Systematic long-tail expansion,Commercial,Al Ahsa,Bahrain,Corporate,Al Ahsa → Bahrain,/bahrain-saudi-gcc-transport/en/al-ahsa-to-bahrain/,No numeric ranking evidence supplied for this keyword,Dedicated bilingual route page exists,Use Dammam/Khobar/Eastern Province coverage first; create a dedicated page only after unique intent and sufficient facts are confirmed,High if split into thin locality pages,Add safely to existing page or evaluate hub,Use Dammam/Khobar/Eastern Province coverage first; create a dedicated page only after unique intent and sufficient facts are confirmed,Generated from validated route + service pattern; verify before page creation
676,P1,business transfer from Bahrain to Al Ahsa,EN,Systematic long-tail expansion,Commercial,Bahrain,Al Ahsa,Corporate,Bahrain → Al Ahsa,/bahrain-saudi-gcc-transport/en/bahrain-to-al-ahsa/,No numeric ranking evidence supplied for this keyword,Dedicated bilingual route page exists,Use Dammam/Khobar/Eastern Province coverage first; create a dedicated page only after unique intent and sufficient facts are confirmed,High if split into thin locality pages,Add safely to existing page or evaluate hub,Use Dammam/Khobar/Eastern Province coverage first; create a dedicated page only after unique intent and sufficient facts are confirmed,Generated from validated route + service pattern; verify before page creation
677,P1,business transfer from Bahrain to Hofuf,EN,Systematic long-tail expansion,Commercial,Bahrain,Hofuf,Corporate,Bahrain → Hofuf,/bahrain-saudi-gcc-transport/en/bahrain-to-hofuf/,No numeric ranking evidence supplied for this keyword,No exact phrase found; contextual coverage required,Use Dammam/Khobar/Eastern Province coverage first; create a dedicated page only after unique intent and sufficient facts are confirmed,High if split into thin locality pages,Add safely to existing page or evaluate hub,Use Dammam/Khobar/Eastern Province coverage first; create a dedicated page only after unique intent and sufficient facts are confirmed,Generated from validated route + service pattern; verify before page creation
678,P1,business transfer from Bahrain to Jubail,EN,Systematic long-tail expansion,Commercial,Bahrain,Jubail,Corporate,Bahrain → Jubail,/bahrain-saudi-gcc-transport/en/bahrain-to-jubail/,No numeric ranking evidence supplied for this keyword,Dedicated bilingual route page exists,Add to the matching route page only when it fits the page intent,Medium; keep one canonical route owner,Add safely to existing page,Add to the matching route page only when it fits the page intent,Generated from validated route + service pattern; verify before page creation
679,P1,business transfer from Bahrain to Qatif,EN,Systematic long-tail expansion,Commercial,Bahrain,Qatif,Corporate,Bahrain → Qatif,/bahrain-saudi-gcc-transport/en/bahrain-to-qatif/,No numeric ranking evidence supplied for this keyword,No exact phrase found; contextual coverage required,Use Dammam/Khobar/Eastern Province coverage first; create a dedicated page only after unique intent and sufficient facts are confirmed,High if split into thin locality pages,Add safely to existing page or evaluate hub,Use Dammam/Khobar/Eastern Province coverage first; create a dedicated page only after unique intent and sufficient facts are confirmed,Generated from validated route + service pattern; verify before page creation
680,P1,business transfer from Bahrain to Riyadh,EN,Systematic long-tail expansion,Commercial,Bahrain,Riyadh,Corporate,Bahrain → Riyadh,/bahrain-saudi-gcc-transport/en/bahrain-to-riyadh/,Workbook marks route as protected; preserve existing ranking content,Dedicated bilingual route page exists,Leave primary SEO fields and ranking content unchanged; add only small safe conversion support,High; protect existing winner,Protect,Leave primary SEO fields and ranking content unchanged; add only small safe conversion support,Generated from validated route + service pattern; verify before page creation
681,P1,business transfer from Hofuf to Bahrain,EN,Systematic long-tail expansion,Commercial,Hofuf,Bahrain,Corporate,Hofuf → Bahrain,/bahrain-saudi-gcc-transport/en/hofuf-to-bahrain/,No numeric ranking evidence supplied for this keyword,No exact phrase found; contextual coverage required,Use Dammam/Khobar/Eastern Province coverage first; create a dedicated page only after unique intent and sufficient facts are confirmed,High if split into thin locality pages,Add safely to existing page or evaluate hub,Use Dammam/Khobar/Eastern Province coverage first; create a dedicated page only after unique intent and sufficient facts are confirmed,Generated from validated route + service pattern; verify before page creation
682,P1,business transfer from Jubail to Bahrain,EN,Systematic long-tail expansion,Commercial,Jubail,Bahrain,Corporate,Jubail → Bahrain,/bahrain-saudi-gcc-transport/en/jubail-to-bahrain/,No numeric ranking evidence supplied for this keyword,Dedicated bilingual route page exists,Add to the matching route page only when it fits the page intent,Medium; keep one canonical route owner,Add safely to existing page,Add to the matching route page only when it fits the page intent,Generated from validated route + service pattern; verify before page creation
683,P1,business transfer from Qatif to Bahrain,EN,Systematic long-tail expansion,Commercial,Qatif,Bahrain,Corporate,Qatif → Bahrain,/bahrain-saudi-gcc-transport/en/qatif-to-bahrain/,No numeric ranking evidence supplied for this keyword,No exact phrase found; contextual coverage required,Use Dammam/Khobar/Eastern Province coverage first; create a dedicated page only after unique intent and sufficient facts are confirmed,High if split into thin locality pages,Add safely to existing page or evaluate hub,Use Dammam/Khobar/Eastern Province coverage first; create a dedicated page only after unique intent and sufficient facts are confirmed,Generated from validated route + service pattern; verify before page creation
684,P1,business transfer from Riyadh to Bahrain,EN,Systematic long-tail expansion,Commercial,Riyadh,Bahrain,Corporate,Riyadh → Bahrain,/bahrain-saudi-gcc-transport/en/riyadh-to-bahrain/,Workbook marks route as protected; preserve existing ranking content,Dedicated bilingual route page exists,Leave primary SEO fields and ranking content unchanged; add only small safe conversion support,High; protect existing winner,Protect,Leave primary SEO fields and ranking content unchanged; add only small safe conversion support,Generated from validated route + service pattern; verify before page creation
685,P1,business transport Bahrain Saudi,EN,Service-intent expansion,Commercial,Bahrain,,Corporate,Corporate,/bahrain-saudi-gcc-transport/,No numeric ranking evidence supplied for this keyword,No exact phrase found; contextual coverage required,Cluster with an existing service page unless unique intent and enough factual content justify a new page,Medium; validate before publishing,Evaluate for genuinely useful new page,Cluster with an existing service page unless unique intent and enough factual content justify a new page,Service-level opportunity; match only to supported services
686,P1,can you drive from bahrain to saudi arabia,EN,Google Autocomplete — observed,Mixed,,,Observed wording,Route / service cluster,/bahrain-saudi-gcc-transport/,No numeric ranking evidence supplied for this keyword,No exact phrase found; contextual coverage required,Cluster with an existing service page unless unique intent and enough factual content justify a new page,Medium; validate before publishing,Evaluate for genuinely useful new page,Cluster with an existing service page unless unique intent and enough factual content justify a new page,Directly observed in Google Bahrain suggestions on 16 Sep 2026
687,P1,chauffeur from Al Ahsa to Bahrain,EN,Systematic long-tail expansion,Commercial,Al Ahsa,Bahrain,Chauffeur,Al Ahsa → Bahrain,/bahrain-saudi-gcc-transport/en/al-ahsa-to-bahrain/,No numeric ranking evidence supplied for this keyword,Dedicated bilingual route page exists,Use Dammam/Khobar/Eastern Province coverage first; create a dedicated page only after unique intent and sufficient facts are confirmed,High if split into thin locality pages,Add safely to existing page or evaluate hub,Use Dammam/Khobar/Eastern Province coverage first; create a dedicated page only after unique intent and sufficient facts are confirmed,Generated from validated route + service pattern; verify before page creation
688,P1,chauffeur from Bahrain to Al Ahsa,EN,Systematic long-tail expansion,Commercial,Bahrain,Al Ahsa,Chauffeur,Bahrain → Al Ahsa,/bahrain-saudi-gcc-transport/en/bahrain-to-al-ahsa/,No numeric ranking evidence supplied for this keyword,Dedicated bilingual route page exists,Use Dammam/Khobar/Eastern Province coverage first; create a dedicated page only after unique intent and sufficient facts are confirmed,High if split into thin locality pages,Add safely to existing page or evaluate hub,Use Dammam/Khobar/Eastern Province coverage first; create a dedicated page only after unique intent and sufficient facts are confirmed,Generated from validated route + service pattern; verify before page creation
689,P1,chauffeur from Bahrain to Hofuf,EN,Systematic long-tail expansion,Commercial,Bahrain,Hofuf,Chauffeur,Bahrain → Hofuf,/bahrain-saudi-gcc-transport/en/bahrain-to-hofuf/,No numeric ranking evidence supplied for this keyword,No exact phrase found; contextual coverage required,Use Dammam/Khobar/Eastern Province coverage first; create a dedicated page only after unique intent and sufficient facts are confirmed,High if split into thin locality pages,Add safely to existing page or evaluate hub,Use Dammam/Khobar/Eastern Province coverage first; create a dedicated page only after unique intent and sufficient facts are confirmed,Generated from validated route + service pattern; verify before page creation
690,P1,chauffeur from Bahrain to Jubail,EN,Systematic long-tail expansion,Commercial,Bahrain,Jubail,Chauffeur,Bahrain → Jubail,/bahrain-saudi-gcc-transport/en/bahrain-to-jubail/,No numeric ranking evidence supplied for this keyword,Dedicated bilingual route page exists,Add to the matching route page only when it fits the page intent,Medium; keep one canonical route owner,Add safely to existing page,Add to the matching route page only when it fits the page intent,Generated from validated route + service pattern; verify before page creation
691,P1,chauffeur from Bahrain to Qatif,EN,Systematic long-tail expansion,Commercial,Bahrain,Qatif,Chauffeur,Bahrain → Qatif,/bahrain-saudi-gcc-transport/en/bahrain-to-qatif/,No numeric ranking evidence supplied for this keyword,No exact phrase found; contextual coverage required,Use Dammam/Khobar/Eastern Province coverage first; create a dedicated page only after unique intent and sufficient facts are confirmed,High if split into thin locality pages,Add safely to existing page or evaluate hub,Use Dammam/Khobar/Eastern Province coverage first; create a dedicated page only after unique intent and sufficient facts are confirmed,Generated from validated route + service pattern; verify before page creation
692,P1,chauffeur from Bahrain to Riyadh,EN,Systematic long-tail expansion,Commercial,Bahrain,Riyadh,Chauffeur,Bahrain → Riyadh,/bahrain-saudi-gcc-transport/en/bahrain-to-riyadh/,Workbook marks route as protected; preserve existing ranking content,Dedicated bilingual route page exists,Leave primary SEO fields and ranking content unchanged; add only small safe conversion support,High; protect existing winner,Protect,Leave primary SEO fields and ranking content unchanged; add only small safe conversion support,Generated from validated route + service pattern; verify before page creation
693,P1,chauffeur from Hofuf to Bahrain,EN,Systematic long-tail expansion,Commercial,Hofuf,Bahrain,Chauffeur,Hofuf → Bahrain,/bahrain-saudi-gcc-transport/en/hofuf-to-bahrain/,No numeric ranking evidence supplied for this keyword,No exact phrase found; contextual coverage required,Use Dammam/Khobar/Eastern Province coverage first; create a dedicated page only after unique intent and sufficient facts are confirmed,High if split into thin locality pages,Add safely to existing page or evaluate hub,Use Dammam/Khobar/Eastern Province coverage first; create a dedicated page only after unique intent and sufficient facts are confirmed,Generated from validated route + service pattern; verify before page creation
694,P1,chauffeur from Jubail to Bahrain,EN,Systematic long-tail expansion,Commercial,Jubail,Bahrain,Chauffeur,Jubail → Bahrain,/bahrain-saudi-gcc-transport/en/jubail-to-bahrain/,No numeric ranking evidence supplied for this keyword,Dedicated bilingual route page exists,Add to the matching route page only when it fits the page intent,Medium; keep one canonical route owner,Add safely to existing page,Add to the matching route page only when it fits the page intent,Generated from validated route + service pattern; verify before page creation
695,P1,chauffeur from Qatif to Bahrain,EN,Systematic long-tail expansion,Commercial,Qatif,Bahrain,Chauffeur,Qatif → Bahrain,/bahrain-saudi-gcc-transport/en/qatif-to-bahrain/,No numeric ranking evidence supplied for this keyword,No exact phrase found; contextual coverage required,Use Dammam/Khobar/Eastern Province coverage first; create a dedicated page only after unique intent and sufficient facts are confirmed,High if split into thin locality pages,Add safely to existing page or evaluate hub,Use Dammam/Khobar/Eastern Province coverage first; create a dedicated page only after unique intent and sufficient facts are confirmed,Generated from validated route + service pattern; verify before page creation
696,P1,chauffeur from Riyadh to Bahrain,EN,Systematic long-tail expansion,Commercial,Riyadh,Bahrain,Chauffeur,Riyadh → Bahrain,/bahrain-saudi-gcc-transport/en/riyadh-to-bahrain/,Workbook marks route as protected; preserve existing ranking content,Dedicated bilingual route page exists,Leave primary SEO fields and ranking content unchanged; add only small safe conversion support,High; protect existing winner,Protect,Leave primary SEO fields and ranking content unchanged; add only small safe conversion support,Generated from validated route + service pattern; verify before page creation
697,P1,corporate chauffeur Bahrain,EN,Service-intent expansion,Commercial,Bahrain,,Corporate,Corporate,/bahrain-saudi-gcc-transport/,No numeric ranking evidence supplied for this keyword,No exact phrase found; contextual coverage required,Cluster with an existing service page unless unique intent and enough factual content justify a new page,Medium; validate before publishing,Evaluate for genuinely useful new page,Cluster with an existing service page unless unique intent and enough factual content justify a new page,Service-level opportunity; match only to supported services
698,P1,driver from Al Ahsa to Bahrain,EN,Systematic long-tail expansion,Commercial,Al Ahsa,Bahrain,Private driver,Al Ahsa → Bahrain,/bahrain-saudi-gcc-transport/en/al-ahsa-to-bahrain/,No numeric ranking evidence supplied for this keyword,Dedicated bilingual route page exists,Use Dammam/Khobar/Eastern Province coverage first; create a dedicated page only after unique intent and sufficient facts are confirmed,High if split into thin locality pages,Add safely to existing page or evaluate hub,Use Dammam/Khobar/Eastern Province coverage first; create a dedicated page only after unique intent and sufficient facts are confirmed,Generated from validated route + service pattern; verify before page creation
699,P1,driver from Bahrain to Al Ahsa,EN,Systematic long-tail expansion,Commercial,Bahrain,Al Ahsa,Private driver,Bahrain → Al Ahsa,/bahrain-saudi-gcc-transport/en/bahrain-to-al-ahsa/,No numeric ranking evidence supplied for this keyword,Dedicated bilingual route page exists,Use Dammam/Khobar/Eastern Province coverage first; create a dedicated page only after unique intent and sufficient facts are confirmed,High if split into thin locality pages,Add safely to existing page or evaluate hub,Use Dammam/Khobar/Eastern Province coverage first; create a dedicated page only after unique intent and sufficient facts are confirmed,Generated from validated route + service pattern; verify before page creation
700,P1,driver from Bahrain to Hofuf,EN,Systematic long-tail expansion,Commercial,Bahrain,Hofuf,Private driver,Bahrain → Hofuf,/bahrain-saudi-gcc-transport/en/bahrain-to-hofuf/,No numeric ranking evidence supplied for this keyword,No exact phrase found; contextual coverage required,Use Dammam/Khobar/Eastern Province coverage first; create a dedicated page only after unique intent and sufficient facts are confirmed,High if split into thin locality pages,Add safely to existing page or evaluate hub,Use Dammam/Khobar/Eastern Province coverage first; create a dedicated page only after unique intent and sufficient facts are confirmed,Generated from validated route + service pattern; verify before page creation
701,P1,driver from Bahrain to Jubail,EN,Systematic long-tail expansion,Commercial,Bahrain,Jubail,Private driver,Bahrain → Jubail,/bahrain-saudi-gcc-transport/en/bahrain-to-jubail/,No numeric ranking evidence supplied for this keyword,Dedicated bilingual route page exists,Add to the matching route page only when it fits the page intent,Medium; keep one canonical route owner,Add safely to existing page,Add to the matching route page only when it fits the page intent,Generated from validated route + service pattern; verify before page creation
702,P1,driver from Bahrain to Qatif,EN,Systematic long-tail expansion,Commercial,Bahrain,Qatif,Private driver,Bahrain → Qatif,/bahrain-saudi-gcc-transport/en/bahrain-to-qatif/,No numeric ranking evidence supplied for this keyword,No exact phrase found; contextual coverage required,Use Dammam/Khobar/Eastern Province coverage first; create a dedicated page only after unique intent and sufficient facts are confirmed,High if split into thin locality pages,Add safely to existing page or evaluate hub,Use Dammam/Khobar/Eastern Province coverage first; create a dedicated page only after unique intent and sufficient facts are confirmed,Generated from validated route + service pattern; verify before page creation
703,P1,driver from Bahrain to Riyadh,EN,Systematic long-tail expansion,Commercial,Bahrain,Riyadh,Private driver,Bahrain → Riyadh,/bahrain-saudi-gcc-transport/en/bahrain-to-riyadh/,Workbook marks route as protected; preserve existing ranking content,Dedicated bilingual route page exists,Leave primary SEO fields and ranking content unchanged; add only small safe conversion support,High; protect existing winner,Protect,Leave primary SEO fields and ranking content unchanged; add only small safe conversion support,Generated from validated route + service pattern; verify before page creation
704,P1,driver from Hofuf to Bahrain,EN,Systematic long-tail expansion,Commercial,Hofuf,Bahrain,Private driver,Hofuf → Bahrain,/bahrain-saudi-gcc-transport/en/hofuf-to-bahrain/,No numeric ranking evidence supplied for this keyword,No exact phrase found; contextual coverage required,Use Dammam/Khobar/Eastern Province coverage first; create a dedicated page only after unique intent and sufficient facts are confirmed,High if split into thin locality pages,Add safely to existing page or evaluate hub,Use Dammam/Khobar/Eastern Province coverage first; create a dedicated page only after unique intent and sufficient facts are confirmed,Generated from validated route + service pattern; verify before page creation
705,P1,driver from Jubail to Bahrain,EN,Systematic long-tail expansion,Commercial,Jubail,Bahrain,Private driver,Jubail → Bahrain,/bahrain-saudi-gcc-transport/en/jubail-to-bahrain/,No numeric ranking evidence supplied for this keyword,Dedicated bilingual route page exists,Add to the matching route page only when it fits the page intent,Medium; keep one canonical route owner,Add safely to existing page,Add to the matching route page only when it fits the page intent,Generated from validated route + service pattern; verify before page creation
706,P1,driver from Qatif to Bahrain,EN,Systematic long-tail expansion,Commercial,Qatif,Bahrain,Private driver,Qatif → Bahrain,/bahrain-saudi-gcc-transport/en/qatif-to-bahrain/,No numeric ranking evidence supplied for this keyword,No exact phrase found; contextual coverage required,Use Dammam/Khobar/Eastern Province coverage first; create a dedicated page only after unique intent and sufficient facts are confirmed,High if split into thin locality pages,Add safely to existing page or evaluate hub,Use Dammam/Khobar/Eastern Province coverage first; create a dedicated page only after unique intent and sufficient facts are confirmed,Generated from validated route + service pattern; verify before page creation
707,P1,driver from Riyadh to Bahrain,EN,Systematic long-tail expansion,Commercial,Riyadh,Bahrain,Private driver,Riyadh → Bahrain,/bahrain-saudi-gcc-transport/en/riyadh-to-bahrain/,Workbook marks route as protected; preserve existing ranking content,Dedicated bilingual route page exists,Leave primary SEO fields and ranking content unchanged; add only small safe conversion support,High; protect existing winner,Protect,Leave primary SEO fields and ranking content unchanged; add only small safe conversion support,Generated from validated route + service pattern; verify before page creation
708,P1,executive chauffeur Bahrain,EN,Service-intent expansion,Commercial,Bahrain,,Corporate,Corporate,/bahrain-saudi-gcc-transport/,No numeric ranking evidence supplied for this keyword,No exact phrase found; contextual coverage required,Cluster with an existing service page unless unique intent and enough factual content justify a new page,Medium; validate before publishing,Evaluate for genuinely useful new page,Cluster with an existing service page unless unique intent and enough factual content justify a new page,Service-level opportunity; match only to supported services
709,P1,family transport Bahrain Saudi,EN,Service-intent expansion,Commercial,Bahrain,,Family/group,Family/group,/bahrain-saudi-gcc-transport/,No numeric ranking evidence supplied for this keyword,No exact phrase found; contextual coverage required,Cluster with an existing service page unless unique intent and enough factual content justify a new page,Medium; validate before publishing,Evaluate for genuinely useful new page,Cluster with an existing service page unless unique intent and enough factual content justify a new page,Service-level opportunity; match only to supported services
710,P1,family transport from Al Ahsa to Bahrain,EN,Systematic long-tail expansion,Commercial,Al Ahsa,Bahrain,Family/group,Al Ahsa → Bahrain,/bahrain-saudi-gcc-transport/en/al-ahsa-to-bahrain/,No numeric ranking evidence supplied for this keyword,Dedicated bilingual route page exists,Use Dammam/Khobar/Eastern Province coverage first; create a dedicated page only after unique intent and sufficient facts are confirmed,High if split into thin locality pages,Add safely to existing page or evaluate hub,Use Dammam/Khobar/Eastern Province coverage first; create a dedicated page only after unique intent and sufficient facts are confirmed,Generated from validated route + service pattern; verify before page creation
711,P1,family transport from Bahrain to Al Ahsa,EN,Systematic long-tail expansion,Commercial,Bahrain,Al Ahsa,Family/group,Bahrain → Al Ahsa,/bahrain-saudi-gcc-transport/en/bahrain-to-al-ahsa/,No numeric ranking evidence supplied for this keyword,Dedicated bilingual route page exists,Use Dammam/Khobar/Eastern Province coverage first; create a dedicated page only after unique intent and sufficient facts are confirmed,High if split into thin locality pages,Add safely to existing page or evaluate hub,Use Dammam/Khobar/Eastern Province coverage first; create a dedicated page only after unique intent and sufficient facts are confirmed,Generated from validated route + service pattern; verify before page creation
712,P1,family transport from Bahrain to Hofuf,EN,Systematic long-tail expansion,Commercial,Bahrain,Hofuf,Family/group,Bahrain → Hofuf,/bahrain-saudi-gcc-transport/en/bahrain-to-hofuf/,No numeric ranking evidence supplied for this keyword,No exact phrase found; contextual coverage required,Use Dammam/Khobar/Eastern Province coverage first; create a dedicated page only after unique intent and sufficient facts are confirmed,High if split into thin locality pages,Add safely to existing page or evaluate hub,Use Dammam/Khobar/Eastern Province coverage first; create a dedicated page only after unique intent and sufficient facts are confirmed,Generated from validated route + service pattern; verify before page creation
713,P1,family transport from Bahrain to Jubail,EN,Systematic long-tail expansion,Commercial,Bahrain,Jubail,Family/group,Bahrain → Jubail,/bahrain-saudi-gcc-transport/en/bahrain-to-jubail/,No numeric ranking evidence supplied for this keyword,Dedicated bilingual route page exists,Add to the matching route page only when it fits the page intent,Medium; keep one canonical route owner,Add safely to existing page,Add to the matching route page only when it fits the page intent,Generated from validated route + service pattern; verify before page creation
714,P1,family transport from Bahrain to Qatif,EN,Systematic long-tail expansion,Commercial,Bahrain,Qatif,Family/group,Bahrain → Qatif,/bahrain-saudi-gcc-transport/en/bahrain-to-qatif/,No numeric ranking evidence supplied for this keyword,No exact phrase found; contextual coverage required,Use Dammam/Khobar/Eastern Province coverage first; create a dedicated page only after unique intent and sufficient facts are confirmed,High if split into thin locality pages,Add safely to existing page or evaluate hub,Use Dammam/Khobar/Eastern Province coverage first; create a dedicated page only after unique intent and sufficient facts are confirmed,Generated from validated route + service pattern; verify before page creation
715,P1,family transport from Bahrain to Riyadh,EN,Systematic long-tail expansion,Commercial,Bahrain,Riyadh,Family/group,Bahrain → Riyadh,/bahrain-saudi-gcc-transport/en/bahrain-to-riyadh/,Workbook marks route as protected; preserve existing ranking content,Dedicated bilingual route page exists,Leave primary SEO fields and ranking content unchanged; add only small safe conversion support,High; protect existing winner,Protect,Leave primary SEO fields and ranking content unchanged; add only small safe conversion support,Generated from validated route + service pattern; verify before page creation
716,P1,family transport from Hofuf to Bahrain,EN,Systematic long-tail expansion,Commercial,Hofuf,Bahrain,Family/group,Hofuf → Bahrain,/bahrain-saudi-gcc-transport/en/hofuf-to-bahrain/,No numeric ranking evidence supplied for this keyword,No exact phrase found; contextual coverage required,Use Dammam/Khobar/Eastern Province coverage first; create a dedicated page only after unique intent and sufficient facts are confirmed,High if split into thin locality pages,Add safely to existing page or evaluate hub,Use Dammam/Khobar/Eastern Province coverage first; create a dedicated page only after unique intent and sufficient facts are confirmed,Generated from validated route + service pattern; verify before page creation
717,P1,family transport from Jubail to Bahrain,EN,Systematic long-tail expansion,Commercial,Jubail,Bahrain,Family/group,Jubail → Bahrain,/bahrain-saudi-gcc-transport/en/jubail-to-bahrain/,No numeric ranking evidence supplied for this keyword,Dedicated bilingual route page exists,Add to the matching route page only when it fits the page intent,Medium; keep one canonical route owner,Add safely to existing page,Add to the matching route page only when it fits the page intent,Generated from validated route + service pattern; verify before page creation
718,P1,family transport from Qatif to Bahrain,EN,Systematic long-tail expansion,Commercial,Qatif,Bahrain,Family/group,Qatif → Bahrain,/bahrain-saudi-gcc-transport/en/qatif-to-bahrain/,No numeric ranking evidence supplied for this keyword,No exact phrase found; contextual coverage required,Use Dammam/Khobar/Eastern Province coverage first; create a dedicated page only after unique intent and sufficient facts are confirmed,High if split into thin locality pages,Add safely to existing page or evaluate hub,Use Dammam/Khobar/Eastern Province coverage first; create a dedicated page only after unique intent and sufficient facts are confirmed,Generated from validated route + service pattern; verify before page creation
719,P1,family transport from Riyadh to Bahrain,EN,Systematic long-tail expansion,Commercial,Riyadh,Bahrain,Family/group,Riyadh → Bahrain,/bahrain-saudi-gcc-transport/en/riyadh-to-bahrain/,Workbook marks route as protected; preserve existing ranking content,Dedicated bilingual route page exists,Leave primary SEO fields and ranking content unchanged; add only small safe conversion support,High; protect existing winner,Protect,Leave primary SEO fields and ranking content unchanged; add only small safe conversion support,Generated from validated route + service pattern; verify before page creation
720,P1,GCC airport transfer from Bahrain,EN,Service-intent expansion,Commercial,Bahrain,,Airport transfer,Airport transfer,/bahrain-saudi-gcc-transport/,No numeric ranking evidence supplied for this keyword,No exact phrase found; contextual coverage required,Cluster with an existing service page unless unique intent and enough factual content justify a new page,Medium; validate before publishing,Evaluate for genuinely useful new page,Cluster with an existing service page unless unique intent and enough factual content justify a new page,Service-level opportunity; match only to supported services
721,P1,Hofuf to Bahrain by car,EN,Systematic long-tail expansion,Informational,Hofuf,Bahrain,Driving,Hofuf → Bahrain,/bahrain-saudi-gcc-transport/en/hofuf-to-bahrain/,No numeric ranking evidence supplied for this keyword,No exact phrase found; contextual coverage required,Use Dammam/Khobar/Eastern Province coverage first; create a dedicated page only after unique intent and sufficient facts are confirmed,High if split into thin locality pages,Add safely to existing page or evaluate hub,Use Dammam/Khobar/Eastern Province coverage first; create a dedicated page only after unique intent and sufficient facts are confirmed,Generated from validated route + service pattern; verify before page creation
722,P1,Hofuf to Bahrain distance by road,EN,Systematic long-tail expansion,Informational,Hofuf,Bahrain,Distance,Hofuf → Bahrain,/bahrain-saudi-gcc-transport/en/hofuf-to-bahrain/,No numeric ranking evidence supplied for this keyword,No exact phrase found; contextual coverage required,Use Dammam/Khobar/Eastern Province coverage first; create a dedicated page only after unique intent and sufficient facts are confirmed,High if split into thin locality pages,Add safely to existing page or evaluate hub,Use Dammam/Khobar/Eastern Province coverage first; create a dedicated page only after unique intent and sufficient facts are confirmed,Generated from validated route + service pattern; verify before page creation
723,P1,Hofuf to Bahrain taxi price,EN,Systematic long-tail expansion,Price,Hofuf,Bahrain,Pricing,Hofuf → Bahrain,/bahrain-saudi-gcc-transport/en/hofuf-to-bahrain/,No numeric ranking evidence supplied for this keyword,No exact phrase found; contextual coverage required,Use Dammam/Khobar/Eastern Province coverage first; create a dedicated page only after unique intent and sufficient facts are confirmed,High if split into thin locality pages,Add safely to existing page or evaluate hub,Use Dammam/Khobar/Eastern Province coverage first; create a dedicated page only after unique intent and sufficient facts are confirmed,Generated from validated route + service pattern; verify before page creation
724,P1,Hofuf to Bahrain transfer,EN,Systematic long-tail expansion,Commercial,Hofuf,Bahrain,Transfer,Hofuf → Bahrain,/bahrain-saudi-gcc-transport/en/hofuf-to-bahrain/,No numeric ranking evidence supplied for this keyword,No exact phrase found; contextual coverage required,Use Dammam/Khobar/Eastern Province coverage first; create a dedicated page only after unique intent and sufficient facts are confirmed,High if split into thin locality pages,Add safely to existing page or evaluate hub,Use Dammam/Khobar/Eastern Province coverage first; create a dedicated page only after unique intent and sufficient facts are confirmed,Generated from validated route + service pattern; verify before page creation
725,P1,Hofuf to Bahrain transport,EN,Systematic long-tail expansion,Commercial,Hofuf,Bahrain,Transport,Hofuf → Bahrain,/bahrain-saudi-gcc-transport/en/hofuf-to-bahrain/,No numeric ranking evidence supplied for this keyword,No exact phrase found; contextual coverage required,Use Dammam/Khobar/Eastern Province coverage first; create a dedicated page only after unique intent and sufficient facts are confirmed,High if split into thin locality pages,Add safely to existing page or evaluate hub,Use Dammam/Khobar/Eastern Province coverage first; create a dedicated page only after unique intent and sufficient facts are confirmed,Generated from validated route + service pattern; verify before page creation
726,P1,how many hours from Al Ahsa to Bahrain,EN,Systematic long-tail expansion,Informational,Al Ahsa,Bahrain,Travel time,Al Ahsa → Bahrain,/bahrain-saudi-gcc-transport/en/al-ahsa-to-bahrain/,No numeric ranking evidence supplied for this keyword,Dedicated bilingual route page exists,Use Dammam/Khobar/Eastern Province coverage first; create a dedicated page only after unique intent and sufficient facts are confirmed,High if split into thin locality pages,Add safely to existing page or evaluate hub,Use Dammam/Khobar/Eastern Province coverage first; create a dedicated page only after unique intent and sufficient facts are confirmed,Generated from validated route + service pattern; verify before page creation
727,P1,how many hours from Bahrain to Al Ahsa,EN,Systematic long-tail expansion,Informational,Bahrain,Al Ahsa,Travel time,Bahrain → Al Ahsa,/bahrain-saudi-gcc-transport/en/bahrain-to-al-ahsa/,No numeric ranking evidence supplied for this keyword,Dedicated bilingual route page exists,Use Dammam/Khobar/Eastern Province coverage first; create a dedicated page only after unique intent and sufficient facts are confirmed,High if split into thin locality pages,Add safely to existing page or evaluate hub,Use Dammam/Khobar/Eastern Province coverage first; create a dedicated page only after unique intent and sufficient facts are confirmed,Generated from validated route + service pattern; verify before page creation
728,P1,how many hours from Bahrain to Hofuf,EN,Systematic long-tail expansion,Informational,Bahrain,Hofuf,Travel time,Bahrain → Hofuf,/bahrain-saudi-gcc-transport/en/bahrain-to-hofuf/,No numeric ranking evidence supplied for this keyword,No exact phrase found; contextual coverage required,Use Dammam/Khobar/Eastern Province coverage first; create a dedicated page only after unique intent and sufficient facts are confirmed,High if split into thin locality pages,Add safely to existing page or evaluate hub,Use Dammam/Khobar/Eastern Province coverage first; create a dedicated page only after unique intent and sufficient facts are confirmed,Generated from validated route + service pattern; verify before page creation
729,P1,how many hours from Bahrain to Jubail,EN,Systematic long-tail expansion,Informational,Bahrain,Jubail,Travel time,Bahrain → Jubail,/bahrain-saudi-gcc-transport/en/bahrain-to-jubail/,No numeric ranking evidence supplied for this keyword,Dedicated bilingual route page exists,Add to the matching route page only when it fits the page intent,Medium; keep one canonical route owner,Add safely to existing page,Add to the matching route page only when it fits the page intent,Generated from validated route + service pattern; verify before page creation
730,P1,how many hours from Bahrain to Qatif,EN,Systematic long-tail expansion,Informational,Bahrain,Qatif,Travel time,Bahrain → Qatif,/bahrain-saudi-gcc-transport/en/bahrain-to-qatif/,No numeric ranking evidence supplied for this keyword,No exact phrase found; contextual coverage required,Use Dammam/Khobar/Eastern Province coverage first; create a dedicated page only after unique intent and sufficient facts are confirmed,High if split into thin locality pages,Add safely to existing page or evaluate hub,Use Dammam/Khobar/Eastern Province coverage first; create a dedicated page only after unique intent and sufficient facts are confirmed,Generated from validated route + service pattern; verify before page creation
731,P1,how many hours from Bahrain to Riyadh,EN,Systematic long-tail expansion,Informational,Bahrain,Riyadh,Travel time,Bahrain → Riyadh,/bahrain-saudi-gcc-transport/en/bahrain-to-riyadh/,Workbook marks route as protected; preserve existing ranking content,Dedicated bilingual route page exists,Leave primary SEO fields and ranking content unchanged; add only small safe conversion support,High; protect existing winner,Protect,Leave primary SEO fields and ranking content unchanged; add only small safe conversion support,Generated from validated route + service pattern; verify before page creation
732,P1,how many hours from bahrain to saudi arabia,EN,Google Autocomplete — observed,Informational,,,Observed wording,Route / service cluster,/bahrain-saudi-gcc-transport/,No numeric ranking evidence supplied for this keyword,No exact phrase found; contextual coverage required,Cluster with an existing service page unless unique intent and enough factual content justify a new page,Medium; validate before publishing,Evaluate for genuinely useful new page,Cluster with an existing service page unless unique intent and enough factual content justify a new page,Directly observed in Google Bahrain suggestions on 16 Sep 2026
733,P1,how many hours from Hofuf to Bahrain,EN,Systematic long-tail expansion,Informational,Hofuf,Bahrain,Travel time,Hofuf → Bahrain,/bahrain-saudi-gcc-transport/en/hofuf-to-bahrain/,No numeric ranking evidence supplied for this keyword,No exact phrase found; contextual coverage required,Use Dammam/Khobar/Eastern Province coverage first; create a dedicated page only after unique intent and sufficient facts are confirmed,High if split into thin locality pages,Add safely to existing page or evaluate hub,Use Dammam/Khobar/Eastern Province coverage first; create a dedicated page only after unique intent and sufficient facts are confirmed,Generated from validated route + service pattern; verify before page creation
734,P1,how many hours from Jubail to Bahrain,EN,Systematic long-tail expansion,Informational,Jubail,Bahrain,Travel time,Jubail → Bahrain,/bahrain-saudi-gcc-transport/en/jubail-to-bahrain/,No numeric ranking evidence supplied for this keyword,Dedicated bilingual route page exists,Add to the matching route page only when it fits the page intent,Medium; keep one canonical route owner,Add safely to existing page,Add to the matching route page only when it fits the page intent,Generated from validated route + service pattern; verify before page creation
735,P1,how many hours from Qatif to Bahrain,EN,Systematic long-tail expansion,Informational,Qatif,Bahrain,Travel time,Qatif → Bahrain,/bahrain-saudi-gcc-transport/en/qatif-to-bahrain/,No numeric ranking evidence supplied for this keyword,No exact phrase found; contextual coverage required,Use Dammam/Khobar/Eastern Province coverage first; create a dedicated page only after unique intent and sufficient facts are confirmed,High if split into thin locality pages,Add safely to existing page or evaluate hub,Use Dammam/Khobar/Eastern Province coverage first; create a dedicated page only after unique intent and sufficient facts are confirmed,Generated from validated route + service pattern; verify before page creation
736,P1,how many hours from Riyadh to Bahrain,EN,Systematic long-tail expansion,Informational,Riyadh,Bahrain,Travel time,Riyadh → Bahrain,/bahrain-saudi-gcc-transport/en/riyadh-to-bahrain/,Workbook marks route as protected; preserve existing ranking content,Dedicated bilingual route page exists,Leave primary SEO fields and ranking content unchanged; add only small safe conversion support,High; protect existing winner,Protect,Leave primary SEO fields and ranking content unchanged; add only small safe conversion support,Generated from validated route + service pattern; verify before page creation
737,P1,Jubail to Bahrain by car,EN,Systematic long-tail expansion,Informational,Jubail,Bahrain,Driving,Jubail → Bahrain,/bahrain-saudi-gcc-transport/en/jubail-to-bahrain/,No numeric ranking evidence supplied for this keyword,Dedicated bilingual route page exists,Add to the matching route page only when it fits the page intent,Medium; keep one canonical route owner,Add safely to existing page,Add to the matching route page only when it fits the page intent,Generated from validated route + service pattern; verify before page creation
738,P1,Jubail to Bahrain distance by road,EN,Systematic long-tail expansion,Informational,Jubail,Bahrain,Distance,Jubail → Bahrain,/bahrain-saudi-gcc-transport/en/jubail-to-bahrain/,No numeric ranking evidence supplied for this keyword,Dedicated bilingual route page exists,Add to the matching route page only when it fits the page intent,Medium; keep one canonical route owner,Add safely to existing page,Add to the matching route page only when it fits the page intent,Generated from validated route + service pattern; verify before page creation
739,P1,Jubail to Bahrain taxi price,EN,Systematic long-tail expansion,Price,Jubail,Bahrain,Pricing,Jubail → Bahrain,/bahrain-saudi-gcc-transport/en/jubail-to-bahrain/,No numeric ranking evidence supplied for this keyword,Dedicated bilingual route page exists,Add to the matching route page only when it fits the page intent,Medium; keep one canonical route owner,Add safely to existing page,Add to the matching route page only when it fits the page intent,Generated from validated route + service pattern; verify before page creation
740,P1,Jubail to Bahrain transfer,EN,Systematic long-tail expansion,Commercial,Jubail,Bahrain,Transfer,Jubail → Bahrain,/bahrain-saudi-gcc-transport/en/jubail-to-bahrain/,No numeric ranking evidence supplied for this keyword,Dedicated bilingual route page exists,Add to the matching route page only when it fits the page intent,Medium; keep one canonical route owner,Add safely to existing page,Add to the matching route page only when it fits the page intent,Generated from validated route + service pattern; verify before page creation
741,P1,Jubail to Bahrain transport,EN,Systematic long-tail expansion,Commercial,Jubail,Bahrain,Transport,Jubail → Bahrain,/bahrain-saudi-gcc-transport/en/jubail-to-bahrain/,No numeric ranking evidence supplied for this keyword,Dedicated bilingual route page exists,Add to the matching route page only when it fits the page intent,Medium; keep one canonical route owner,Add safely to existing page,Add to the matching route page only when it fits the page intent,Generated from validated route + service pattern; verify before page creation
742,P1,King Fahd Causeway transfer,EN,Service-intent expansion,Commercial,Bahrain,,Causeway,Causeway,/bahrain-saudi-gcc-transport/,No numeric ranking evidence supplied for this keyword,No exact phrase found; contextual coverage required,Cluster with an existing service page unless unique intent and enough factual content justify a new page,Medium; validate before publishing,Evaluate for genuinely useful new page,Cluster with an existing service page unless unique intent and enough factual content justify a new page,Service-level opportunity; match only to supported services
743,P1,king fahd international airport to bahrain,EN,Google Autocomplete — observed,Mixed,,,Observed wording,Route / service cluster,/bahrain-saudi-gcc-transport/en/dammam-airport-to-bahrain/,No numeric ranking evidence supplied for this keyword,No exact phrase found; contextual coverage required,Cluster with an existing service page unless unique intent and enough factual content justify a new page,Medium; validate before publishing,Evaluate for genuinely useful new page,Cluster with an existing service page unless unique intent and enough factual content justify a new page,Directly observed in Google Bahrain suggestions on 16 Sep 2026
744,P1,parcel delivery from Al Ahsa to Bahrain,EN,Systematic long-tail expansion,Commercial,Al Ahsa,Bahrain,Small parcel,Al Ahsa → Bahrain,/bahrain-saudi-gcc-transport/en/al-ahsa-to-bahrain/,No numeric ranking evidence supplied for this keyword,Dedicated bilingual route page exists,Use Dammam/Khobar/Eastern Province coverage first; create a dedicated page only after unique intent and sufficient facts are confirmed,High if split into thin locality pages,Add safely to existing page or evaluate hub,Use Dammam/Khobar/Eastern Province coverage first; create a dedicated page only after unique intent and sufficient facts are confirmed,Generated from validated route + service pattern; verify before page creation
745,P1,parcel delivery from Bahrain to Al Ahsa,EN,Systematic long-tail expansion,Commercial,Bahrain,Al Ahsa,Small parcel,Bahrain → Al Ahsa,/bahrain-saudi-gcc-transport/en/bahrain-to-al-ahsa/,No numeric ranking evidence supplied for this keyword,Dedicated bilingual route page exists,Use Dammam/Khobar/Eastern Province coverage first; create a dedicated page only after unique intent and sufficient facts are confirmed,High if split into thin locality pages,Add safely to existing page or evaluate hub,Use Dammam/Khobar/Eastern Province coverage first; create a dedicated page only after unique intent and sufficient facts are confirmed,Generated from validated route + service pattern; verify before page creation
746,P1,parcel delivery from Bahrain to Hofuf,EN,Systematic long-tail expansion,Commercial,Bahrain,Hofuf,Small parcel,Bahrain → Hofuf,/bahrain-saudi-gcc-transport/en/bahrain-to-hofuf/,No numeric ranking evidence supplied for this keyword,No exact phrase found; contextual coverage required,Use Dammam/Khobar/Eastern Province coverage first; create a dedicated page only after unique intent and sufficient facts are confirmed,High if split into thin locality pages,Add safely to existing page or evaluate hub,Use Dammam/Khobar/Eastern Province coverage first; create a dedicated page only after unique intent and sufficient facts are confirmed,Generated from validated route + service pattern; verify before page creation
747,P1,parcel delivery from Bahrain to Jubail,EN,Systematic long-tail expansion,Commercial,Bahrain,Jubail,Small parcel,Bahrain → Jubail,/bahrain-saudi-gcc-transport/en/bahrain-to-jubail/,No numeric ranking evidence supplied for this keyword,Dedicated bilingual route page exists,Add to the matching route page only when it fits the page intent,Medium; keep one canonical route owner,Add safely to existing page,Add to the matching route page only when it fits the page intent,Generated from validated route + service pattern; verify before page creation
748,P1,parcel delivery from Bahrain to Qatif,EN,Systematic long-tail expansion,Commercial,Bahrain,Qatif,Small parcel,Bahrain → Qatif,/bahrain-saudi-gcc-transport/en/bahrain-to-qatif/,No numeric ranking evidence supplied for this keyword,No exact phrase found; contextual coverage required,Use Dammam/Khobar/Eastern Province coverage first; create a dedicated page only after unique intent and sufficient facts are confirmed,High if split into thin locality pages,Add safely to existing page or evaluate hub,Use Dammam/Khobar/Eastern Province coverage first; create a dedicated page only after unique intent and sufficient facts are confirmed,Generated from validated route + service pattern; verify before page creation
749,P1,parcel delivery from Bahrain to Riyadh,EN,Systematic long-tail expansion,Commercial,Bahrain,Riyadh,Small parcel,Bahrain → Riyadh,/bahrain-saudi-gcc-transport/en/bahrain-to-riyadh/,Workbook marks route as protected; preserve existing ranking content,Dedicated bilingual route page exists,Leave primary SEO fields and ranking content unchanged; add only small safe conversion support,High; protect existing winner,Protect,Leave primary SEO fields and ranking content unchanged; add only small safe conversion support,Generated from validated route + service pattern; verify before page creation
750,P1,parcel delivery from Hofuf to Bahrain,EN,Systematic long-tail expansion,Commercial,Hofuf,Bahrain,Small parcel,Hofuf → Bahrain,/bahrain-saudi-gcc-transport/en/hofuf-to-bahrain/,No numeric ranking evidence supplied for this keyword,No exact phrase found; contextual coverage required,Use Dammam/Khobar/Eastern Province coverage first; create a dedicated page only after unique intent and sufficient facts are confirmed,High if split into thin locality pages,Add safely to existing page or evaluate hub,Use Dammam/Khobar/Eastern Province coverage first; create a dedicated page only after unique intent and sufficient facts are confirmed,Generated from validated route + service pattern; verify before page creation
751,P1,parcel delivery from Jubail to Bahrain,EN,Systematic long-tail expansion,Commercial,Jubail,Bahrain,Small parcel,Jubail → Bahrain,/bahrain-saudi-gcc-transport/en/jubail-to-bahrain/,No numeric ranking evidence supplied for this keyword,Dedicated bilingual route page exists,Add to the matching route page only when it fits the page intent,Medium; keep one canonical route owner,Add safely to existing page,Add to the matching route page only when it fits the page intent,Generated from validated route + service pattern; verify before page creation
752,P1,parcel delivery from Qatif to Bahrain,EN,Systematic long-tail expansion,Commercial,Qatif,Bahrain,Small parcel,Qatif → Bahrain,/bahrain-saudi-gcc-transport/en/qatif-to-bahrain/,No numeric ranking evidence supplied for this keyword,No exact phrase found; contextual coverage required,Use Dammam/Khobar/Eastern Province coverage first; create a dedicated page only after unique intent and sufficient facts are confirmed,High if split into thin locality pages,Add safely to existing page or evaluate hub,Use Dammam/Khobar/Eastern Province coverage first; create a dedicated page only after unique intent and sufficient facts are confirmed,Generated from validated route + service pattern; verify before page creation
753,P1,parcel delivery from Riyadh to Bahrain,EN,Systematic long-tail expansion,Commercial,Riyadh,Bahrain,Small parcel,Riyadh → Bahrain,/bahrain-saudi-gcc-transport/en/riyadh-to-bahrain/,Workbook marks route as protected; preserve existing ranking content,Dedicated bilingual route page exists,Leave primary SEO fields and ranking content unchanged; add only small safe conversion support,High; protect existing winner,Protect,Leave primary SEO fields and ranking content unchanged; add only small safe conversion support,Generated from validated route + service pattern; verify before page creation
754,P1,private airport transfer Bahrain,EN,Service-intent expansion,Commercial,Bahrain,,Airport transfer,Airport transfer,/bahrain-saudi-gcc-transport/,No numeric ranking evidence supplied for this keyword,No exact phrase found; contextual coverage required,Cluster with an existing service page unless unique intent and enough factual content justify a new page,Medium; validate before publishing,Evaluate for genuinely useful new page,Cluster with an existing service page unless unique intent and enough factual content justify a new page,Service-level opportunity; match only to supported services
755,P1,private car across King Fahd Causeway,EN,Service-intent expansion,Commercial,Bahrain,,Causeway,Causeway,/bahrain-saudi-gcc-transport/,No numeric ranking evidence supplied for this keyword,No exact phrase found; contextual coverage required,Cluster with an existing service page unless unique intent and enough factual content justify a new page,Medium; validate before publishing,Evaluate for genuinely useful new page,Cluster with an existing service page unless unique intent and enough factual content justify a new page,Service-level opportunity; match only to supported services
756,P1,private car from Al Ahsa to Bahrain,EN,Systematic long-tail expansion,Commercial,Al Ahsa,Bahrain,Private transfer,Al Ahsa → Bahrain,/bahrain-saudi-gcc-transport/en/al-ahsa-to-bahrain/,No numeric ranking evidence supplied for this keyword,Dedicated bilingual route page exists,Use Dammam/Khobar/Eastern Province coverage first; create a dedicated page only after unique intent and sufficient facts are confirmed,High if split into thin locality pages,Add safely to existing page or evaluate hub,Use Dammam/Khobar/Eastern Province coverage first; create a dedicated page only after unique intent and sufficient facts are confirmed,Generated from validated route + service pattern; verify before page creation
757,P1,private car from Bahrain to Al Ahsa,EN,Systematic long-tail expansion,Commercial,Bahrain,Al Ahsa,Private transfer,Bahrain → Al Ahsa,/bahrain-saudi-gcc-transport/en/bahrain-to-al-ahsa/,No numeric ranking evidence supplied for this keyword,Dedicated bilingual route page exists,Use Dammam/Khobar/Eastern Province coverage first; create a dedicated page only after unique intent and sufficient facts are confirmed,High if split into thin locality pages,Add safely to existing page or evaluate hub,Use Dammam/Khobar/Eastern Province coverage first; create a dedicated page only after unique intent and sufficient facts are confirmed,Generated from validated route + service pattern; verify before page creation
758,P1,private car from Bahrain to Hofuf,EN,Systematic long-tail expansion,Commercial,Bahrain,Hofuf,Private transfer,Bahrain → Hofuf,/bahrain-saudi-gcc-transport/en/bahrain-to-hofuf/,No numeric ranking evidence supplied for this keyword,No exact phrase found; contextual coverage required,Use Dammam/Khobar/Eastern Province coverage first; create a dedicated page only after unique intent and sufficient facts are confirmed,High if split into thin locality pages,Add safely to existing page or evaluate hub,Use Dammam/Khobar/Eastern Province coverage first; create a dedicated page only after unique intent and sufficient facts are confirmed,Generated from validated route + service pattern; verify before page creation
759,P1,private car from Bahrain to Jubail,EN,Systematic long-tail expansion,Commercial,Bahrain,Jubail,Private transfer,Bahrain → Jubail,/bahrain-saudi-gcc-transport/en/bahrain-to-jubail/,No numeric ranking evidence supplied for this keyword,Dedicated bilingual route page exists,Add to the matching route page only when it fits the page intent,Medium; keep one canonical route owner,Add safely to existing page,Add to the matching route page only when it fits the page intent,Generated from validated route + service pattern; verify before page creation
760,P1,private car from Bahrain to Qatif,EN,Systematic long-tail expansion,Commercial,Bahrain,Qatif,Private transfer,Bahrain → Qatif,/bahrain-saudi-gcc-transport/en/bahrain-to-qatif/,No numeric ranking evidence supplied for this keyword,No exact phrase found; contextual coverage required,Use Dammam/Khobar/Eastern Province coverage first; create a dedicated page only after unique intent and sufficient facts are confirmed,High if split into thin locality pages,Add safely to existing page or evaluate hub,Use Dammam/Khobar/Eastern Province coverage first; create a dedicated page only after unique intent and sufficient facts are confirmed,Generated from validated route + service pattern; verify before page creation
761,P1,private car from Bahrain to Riyadh,EN,Systematic long-tail expansion,Commercial,Bahrain,Riyadh,Private transfer,Bahrain → Riyadh,/bahrain-saudi-gcc-transport/en/bahrain-to-riyadh/,Workbook marks route as protected; preserve existing ranking content,Dedicated bilingual route page exists,Leave primary SEO fields and ranking content unchanged; add only small safe conversion support,High; protect existing winner,Protect,Leave primary SEO fields and ranking content unchanged; add only small safe conversion support,Generated from validated route + service pattern; verify before page creation
762,P1,private car from Hofuf to Bahrain,EN,Systematic long-tail expansion,Commercial,Hofuf,Bahrain,Private transfer,Hofuf → Bahrain,/bahrain-saudi-gcc-transport/en/hofuf-to-bahrain/,No numeric ranking evidence supplied for this keyword,No exact phrase found; contextual coverage required,Use Dammam/Khobar/Eastern Province coverage first; create a dedicated page only after unique intent and sufficient facts are confirmed,High if split into thin locality pages,Add safely to existing page or evaluate hub,Use Dammam/Khobar/Eastern Province coverage first; create a dedicated page only after unique intent and sufficient facts are confirmed,Generated from validated route + service pattern; verify before page creation
763,P1,private car from Jubail to Bahrain,EN,Systematic long-tail expansion,Commercial,Jubail,Bahrain,Private transfer,Jubail → Bahrain,/bahrain-saudi-gcc-transport/en/jubail-to-bahrain/,No numeric ranking evidence supplied for this keyword,Dedicated bilingual route page exists,Add to the matching route page only when it fits the page intent,Medium; keep one canonical route owner,Add safely to existing page,Add to the matching route page only when it fits the page intent,Generated from validated route + service pattern; verify before page creation
764,P1,private car from Qatif to Bahrain,EN,Systematic long-tail expansion,Commercial,Qatif,Bahrain,Private transfer,Qatif → Bahrain,/bahrain-saudi-gcc-transport/en/qatif-to-bahrain/,No numeric ranking evidence supplied for this keyword,No exact phrase found; contextual coverage required,Use Dammam/Khobar/Eastern Province coverage first; create a dedicated page only after unique intent and sufficient facts are confirmed,High if split into thin locality pages,Add safely to existing page or evaluate hub,Use Dammam/Khobar/Eastern Province coverage first; create a dedicated page only after unique intent and sufficient facts are confirmed,Generated from validated route + service pattern; verify before page creation
765,P1,private car from Riyadh to Bahrain,EN,Systematic long-tail expansion,Commercial,Riyadh,Bahrain,Private transfer,Riyadh → Bahrain,/bahrain-saudi-gcc-transport/en/riyadh-to-bahrain/,Workbook marks route as protected; preserve existing ranking content,Dedicated bilingual route page exists,Leave primary SEO fields and ranking content unchanged; add only small safe conversion support,High; protect existing winner,Protect,Leave primary SEO fields and ranking content unchanged; add only small safe conversion support,Generated from validated route + service pattern; verify before page creation
766,P1,Qatif to Bahrain by car,EN,Systematic long-tail expansion,Informational,Qatif,Bahrain,Driving,Qatif → Bahrain,/bahrain-saudi-gcc-transport/en/qatif-to-bahrain/,No numeric ranking evidence supplied for this keyword,No exact phrase found; contextual coverage required,Use Dammam/Khobar/Eastern Province coverage first; create a dedicated page only after unique intent and sufficient facts are confirmed,High if split into thin locality pages,Add safely to existing page or evaluate hub,Use Dammam/Khobar/Eastern Province coverage first; create a dedicated page only after unique intent and sufficient facts are confirmed,Generated from validated route + service pattern; verify before page creation
767,P1,Qatif to Bahrain distance by road,EN,Systematic long-tail expansion,Informational,Qatif,Bahrain,Distance,Qatif → Bahrain,/bahrain-saudi-gcc-transport/en/qatif-to-bahrain/,No numeric ranking evidence supplied for this keyword,No exact phrase found; contextual coverage required,Use Dammam/Khobar/Eastern Province coverage first; create a dedicated page only after unique intent and sufficient facts are confirmed,High if split into thin locality pages,Add safely to existing page or evaluate hub,Use Dammam/Khobar/Eastern Province coverage first; create a dedicated page only after unique intent and sufficient facts are confirmed,Generated from validated route + service pattern; verify before page creation
768,P1,Qatif to Bahrain taxi price,EN,Systematic long-tail expansion,Price,Qatif,Bahrain,Pricing,Qatif → Bahrain,/bahrain-saudi-gcc-transport/en/qatif-to-bahrain/,No numeric ranking evidence supplied for this keyword,No exact phrase found; contextual coverage required,Use Dammam/Khobar/Eastern Province coverage first; create a dedicated page only after unique intent and sufficient facts are confirmed,High if split into thin locality pages,Add safely to existing page or evaluate hub,Use Dammam/Khobar/Eastern Province coverage first; create a dedicated page only after unique intent and sufficient facts are confirmed,Generated from validated route + service pattern; verify before page creation
769,P1,Qatif to Bahrain transfer,EN,Systematic long-tail expansion,Commercial,Qatif,Bahrain,Transfer,Qatif → Bahrain,/bahrain-saudi-gcc-transport/en/qatif-to-bahrain/,No numeric ranking evidence supplied for this keyword,No exact phrase found; contextual coverage required,Use Dammam/Khobar/Eastern Province coverage first; create a dedicated page only after unique intent and sufficient facts are confirmed,High if split into thin locality pages,Add safely to existing page or evaluate hub,Use Dammam/Khobar/Eastern Province coverage first; create a dedicated page only after unique intent and sufficient facts are confirmed,Generated from validated route + service pattern; verify before page creation
770,P1,Qatif to Bahrain transport,EN,Systematic long-tail expansion,Commercial,Qatif,Bahrain,Transport,Qatif → Bahrain,/bahrain-saudi-gcc-transport/en/qatif-to-bahrain/,No numeric ranking evidence supplied for this keyword,No exact phrase found; contextual coverage required,Use Dammam/Khobar/Eastern Province coverage first; create a dedicated page only after unique intent and sufficient facts are confirmed,High if split into thin locality pages,Add safely to existing page or evaluate hub,Use Dammam/Khobar/Eastern Province coverage first; create a dedicated page only after unique intent and sufficient facts are confirmed,Generated from validated route + service pattern; verify before page creation
771,P1,Riyadh to Bahrain by car,EN,Systematic long-tail expansion,Informational,Riyadh,Bahrain,Driving,Riyadh → Bahrain,/bahrain-saudi-gcc-transport/en/riyadh-to-bahrain/,Workbook marks route as protected; preserve existing ranking content,Dedicated bilingual route page exists,Leave primary SEO fields and ranking content unchanged; add only small safe conversion support,High; protect existing winner,Protect,Leave primary SEO fields and ranking content unchanged; add only small safe conversion support,Generated from validated route + service pattern; verify before page creation
772,P1,Riyadh to Bahrain distance by road,EN,Systematic long-tail expansion,Informational,Riyadh,Bahrain,Distance,Riyadh → Bahrain,/bahrain-saudi-gcc-transport/en/riyadh-to-bahrain/,Workbook marks route as protected; preserve existing ranking content,Dedicated bilingual route page exists,Leave primary SEO fields and ranking content unchanged; add only small safe conversion support,High; protect existing winner,Protect,Leave primary SEO fields and ranking content unchanged; add only small safe conversion support,Generated from validated route + service pattern; verify before page creation
773,P1,Riyadh to Bahrain taxi price,EN,Systematic long-tail expansion,Price,Riyadh,Bahrain,Pricing,Riyadh → Bahrain,/bahrain-saudi-gcc-transport/en/riyadh-to-bahrain/,Workbook marks route as protected; preserve existing ranking content,Dedicated bilingual route page exists,Leave primary SEO fields and ranking content unchanged; add only small safe conversion support,High; protect existing winner,Protect,Leave primary SEO fields and ranking content unchanged; add only small safe conversion support,Generated from validated route + service pattern; verify before page creation
774,P1,Riyadh to Bahrain transfer,EN,Systematic long-tail expansion,Commercial,Riyadh,Bahrain,Transfer,Riyadh → Bahrain,/bahrain-saudi-gcc-transport/en/riyadh-to-bahrain/,Workbook marks route as protected; preserve existing ranking content,Dedicated bilingual route page exists,Leave primary SEO fields and ranking content unchanged; add only small safe conversion support,High; protect existing winner,Protect,Leave primary SEO fields and ranking content unchanged; add only small safe conversion support,Generated from validated route + service pattern; verify before page creation
775,P1,Riyadh to Bahrain transport,EN,Systematic long-tail expansion,Commercial,Riyadh,Bahrain,Transport,Riyadh → Bahrain,/bahrain-saudi-gcc-transport/en/riyadh-to-bahrain/,Workbook marks route as protected; preserve existing ranking content,Dedicated bilingual route page exists,Leave primary SEO fields and ranking content unchanged; add only small safe conversion support,High; protect existing winner,Protect,Leave primary SEO fields and ranking content unchanged; add only small safe conversion support,Generated from validated route + service pattern; verify before page creation
776,P1,same day parcel Bahrain Saudi,EN,Service-intent expansion,Commercial,Bahrain,,Small parcel,Small parcel,/bahrain-saudi-gcc-transport/,No numeric ranking evidence supplied for this keyword,No exact phrase found; contextual coverage required,Cluster with an existing service page unless unique intent and enough factual content justify a new page,Medium; validate before publishing,Evaluate for genuinely useful new page,Cluster with an existing service page unless unique intent and enough factual content justify a new page,Service-level opportunity; match only to supported services
777,P1,small parcel delivery Bahrain Saudi,EN,Service-intent expansion,Commercial,Bahrain,,Small parcel,Small parcel,/bahrain-saudi-gcc-transport/,No numeric ranking evidence supplied for this keyword,No exact phrase found; contextual coverage required,Cluster with an existing service page unless unique intent and enough factual content justify a new page,Medium; validate before publishing,Evaluate for genuinely useful new page,Cluster with an existing service page unless unique intent and enough factual content justify a new page,Service-level opportunity; match only to supported services
778,P1,taxi from Al Ahsa to Bahrain,EN,Systematic long-tail expansion,Commercial,Al Ahsa,Bahrain,Taxi intent,Al Ahsa → Bahrain,/bahrain-saudi-gcc-transport/en/al-ahsa-to-bahrain/,No numeric ranking evidence supplied for this keyword,Dedicated bilingual route page exists,Use Dammam/Khobar/Eastern Province coverage first; create a dedicated page only after unique intent and sufficient facts are confirmed,High if split into thin locality pages,Add safely to existing page or evaluate hub,Use Dammam/Khobar/Eastern Province coverage first; create a dedicated page only after unique intent and sufficient facts are confirmed,Generated from validated route + service pattern; verify before page creation
779,P1,taxi from Bahrain to Al Ahsa,EN,Systematic long-tail expansion,Commercial,Bahrain,Al Ahsa,Taxi intent,Bahrain → Al Ahsa,/bahrain-saudi-gcc-transport/en/bahrain-to-al-ahsa/,No numeric ranking evidence supplied for this keyword,Dedicated bilingual route page exists,Use Dammam/Khobar/Eastern Province coverage first; create a dedicated page only after unique intent and sufficient facts are confirmed,High if split into thin locality pages,Add safely to existing page or evaluate hub,Use Dammam/Khobar/Eastern Province coverage first; create a dedicated page only after unique intent and sufficient facts are confirmed,Generated from validated route + service pattern; verify before page creation
780,P1,taxi from Bahrain to Hofuf,EN,Systematic long-tail expansion,Commercial,Bahrain,Hofuf,Taxi intent,Bahrain → Hofuf,/bahrain-saudi-gcc-transport/en/bahrain-to-hofuf/,No numeric ranking evidence supplied for this keyword,No exact phrase found; contextual coverage required,Use Dammam/Khobar/Eastern Province coverage first; create a dedicated page only after unique intent and sufficient facts are confirmed,High if split into thin locality pages,Add safely to existing page or evaluate hub,Use Dammam/Khobar/Eastern Province coverage first; create a dedicated page only after unique intent and sufficient facts are confirmed,Generated from validated route + service pattern; verify before page creation
781,P1,taxi from Bahrain to Jubail,EN,Systematic long-tail expansion,Commercial,Bahrain,Jubail,Taxi intent,Bahrain → Jubail,/bahrain-saudi-gcc-transport/en/bahrain-to-jubail/,No numeric ranking evidence supplied for this keyword,Dedicated bilingual route page exists,Add to the matching route page only when it fits the page intent,Medium; keep one canonical route owner,Add safely to existing page,Add to the matching route page only when it fits the page intent,Generated from validated route + service pattern; verify before page creation
782,P1,taxi from Bahrain to Qatif,EN,Systematic long-tail expansion,Commercial,Bahrain,Qatif,Taxi intent,Bahrain → Qatif,/bahrain-saudi-gcc-transport/en/bahrain-to-qatif/,No numeric ranking evidence supplied for this keyword,No exact phrase found; contextual coverage required,Use Dammam/Khobar/Eastern Province coverage first; create a dedicated page only after unique intent and sufficient facts are confirmed,High if split into thin locality pages,Add safely to existing page or evaluate hub,Use Dammam/Khobar/Eastern Province coverage first; create a dedicated page only after unique intent and sufficient facts are confirmed,Generated from validated route + service pattern; verify before page creation
783,P1,taxi from Bahrain to Riyadh,EN,Systematic long-tail expansion,Commercial,Bahrain,Riyadh,Taxi intent,Bahrain → Riyadh,/bahrain-saudi-gcc-transport/en/bahrain-to-riyadh/,Workbook marks route as protected; preserve existing ranking content,Dedicated bilingual route page exists,Leave primary SEO fields and ranking content unchanged; add only small safe conversion support,High; protect existing winner,Protect,Leave primary SEO fields and ranking content unchanged; add only small safe conversion support,Generated from validated route + service pattern; verify before page creation
784,P1,taxi from Hofuf to Bahrain,EN,Systematic long-tail expansion,Commercial,Hofuf,Bahrain,Taxi intent,Hofuf → Bahrain,/bahrain-saudi-gcc-transport/en/hofuf-to-bahrain/,No numeric ranking evidence supplied for this keyword,No exact phrase found; contextual coverage required,Use Dammam/Khobar/Eastern Province coverage first; create a dedicated page only after unique intent and sufficient facts are confirmed,High if split into thin locality pages,Add safely to existing page or evaluate hub,Use Dammam/Khobar/Eastern Province coverage first; create a dedicated page only after unique intent and sufficient facts are confirmed,Generated from validated route + service pattern; verify before page creation
785,P1,taxi from Jubail to Bahrain,EN,Systematic long-tail expansion,Commercial,Jubail,Bahrain,Taxi intent,Jubail → Bahrain,/bahrain-saudi-gcc-transport/en/jubail-to-bahrain/,No numeric ranking evidence supplied for this keyword,Dedicated bilingual route page exists,Add to the matching route page only when it fits the page intent,Medium; keep one canonical route owner,Add safely to existing page,Add to the matching route page only when it fits the page intent,Generated from validated route + service pattern; verify before page creation
786,P1,taxi from Qatif to Bahrain,EN,Systematic long-tail expansion,Commercial,Qatif,Bahrain,Taxi intent,Qatif → Bahrain,/bahrain-saudi-gcc-transport/en/qatif-to-bahrain/,No numeric ranking evidence supplied for this keyword,No exact phrase found; contextual coverage required,Use Dammam/Khobar/Eastern Province coverage first; create a dedicated page only after unique intent and sufficient facts are confirmed,High if split into thin locality pages,Add safely to existing page or evaluate hub,Use Dammam/Khobar/Eastern Province coverage first; create a dedicated page only after unique intent and sufficient facts are confirmed,Generated from validated route + service pattern; verify before page creation
787,P1,taxi from Riyadh to Bahrain,EN,Systematic long-tail expansion,Commercial,Riyadh,Bahrain,Taxi intent,Riyadh → Bahrain,/bahrain-saudi-gcc-transport/en/riyadh-to-bahrain/,Workbook marks route as protected; preserve existing ranking content,Dedicated bilingual route page exists,Leave primary SEO fields and ranking content unchanged; add only small safe conversion support,High; protect existing winner,Protect,Leave primary SEO fields and ranking content unchanged; add only small safe conversion support,Generated from validated route + service pattern; verify before page creation
788,P2,ارقام توصيل في البحرين,AR,Google Autocomplete — observed,Commercial,,,Observed wording,Route / service cluster,/bahrain-saudi-gcc-transport/,No numeric ranking evidence supplied for this keyword,No exact phrase found; contextual coverage required,Cluster with an existing service page unless unique intent and enough factual content justify a new page,Medium; validate before publishing,Evaluate for genuinely useful new page,Cluster with an existing service page unless unique intent and enough factual content justify a new page,Directly observed in Google Bahrain suggestions on 16 Sep 2026
789,P2,السفر من الإمارات الى البحرين بالسيارة,AR,GCC country-pair expansion,Informational,الإمارات,البحرين,معلومات طريق,الإمارات ← البحرين,/bahrain-saudi-gcc-transport/,No numeric ranking evidence supplied for this keyword,No exact phrase found; contextual coverage required,Cluster with an existing service page unless unique intent and enough factual content justify a new page,Medium; validate before publishing,Evaluate for genuinely useful new page,Cluster with an existing service page unless unique intent and enough factual content justify a new page,قائمة بحث شاملة؛ يجب التحقق من الجدوى قبل إنشاء صفحة
790,P2,السفر من البحرين الى الإمارات بالسيارة,AR,GCC country-pair expansion,Informational,البحرين,الإمارات,معلومات طريق,البحرين ← الإمارات,/bahrain-saudi-gcc-transport/,No numeric ranking evidence supplied for this keyword,No exact phrase found; contextual coverage required,Cluster with an existing service page unless unique intent and enough factual content justify a new page,Medium; validate before publishing,Evaluate for genuinely useful new page,Cluster with an existing service page unless unique intent and enough factual content justify a new page,قائمة بحث شاملة؛ يجب التحقق من الجدوى قبل إنشاء صفحة
791,P2,السفر من البحرين الى السعودية بالسيارة,AR,GCC country-pair expansion,Informational,البحرين,السعودية,معلومات طريق,البحرين ← السعودية,/bahrain-saudi-gcc-transport/,No numeric ranking evidence supplied for this keyword,No exact phrase found; contextual coverage required,Cluster with an existing service page unless unique intent and enough factual content justify a new page,Medium; validate before publishing,Evaluate for genuinely useful new page,Cluster with an existing service page unless unique intent and enough factual content justify a new page,قائمة بحث شاملة؛ يجب التحقق من الجدوى قبل إنشاء صفحة
792,P2,السفر من البحرين الى العراق بالسيارة,AR,GCC country-pair expansion,Informational,البحرين,العراق,معلومات طريق,البحرين ← العراق,/bahrain-saudi-gcc-transport/,No numeric ranking evidence supplied for this keyword,No exact phrase found; contextual coverage required,Cluster with an existing service page unless unique intent and enough factual content justify a new page,Medium; validate before publishing,Evaluate for genuinely useful new page,Cluster with an existing service page unless unique intent and enough factual content justify a new page,قائمة بحث شاملة؛ يجب التحقق من الجدوى قبل إنشاء صفحة
793,P2,السفر من البحرين الى الكويت بالسيارة,AR,GCC country-pair expansion,Informational,البحرين,الكويت,معلومات طريق,البحرين ← الكويت,/bahrain-saudi-gcc-transport/kuwait-to-bahrain/,GSC avg position 8.48; page-one winner with CTR opportunity,Dedicated bilingual route page exists,Leave primary SEO fields and ranking content unchanged; add only small safe conversion support,High; protect existing winner,Protect,Leave primary SEO fields and ranking content unchanged; add only small safe conversion support,قائمة بحث شاملة؛ يجب التحقق من الجدوى قبل إنشاء صفحة
794,P2,السفر من البحرين الى عمان بالسيارة,AR,GCC country-pair expansion,Informational,البحرين,عمان,معلومات طريق,البحرين ← عمان,/bahrain-saudi-gcc-transport/oman-to-bahrain/,GSC avg position 7.26; mainly informational traffic,Dedicated bilingual route page exists,Leave primary SEO fields and ranking content unchanged; add only small safe conversion support,High; protect existing winner,Protect,Leave primary SEO fields and ranking content unchanged; add only small safe conversion support,قائمة بحث شاملة؛ يجب التحقق من الجدوى قبل إنشاء صفحة
795,P2,السفر من البحرين الى قطر بالسيارة,AR,GCC country-pair expansion,Informational,البحرين,قطر,معلومات طريق,البحرين ← قطر,/bahrain-saudi-gcc-transport/qatar-to-bahrain/,GSC avg position 7.88; page-one winner,Dedicated bilingual route page exists,Leave primary SEO fields and ranking content unchanged; add only small safe conversion support,High; protect existing winner,Protect,Leave primary SEO fields and ranking content unchanged; add only small safe conversion support,قائمة بحث شاملة؛ يجب التحقق من الجدوى قبل إنشاء صفحة
796,P2,السفر من السعودية الى البحرين بالسيارة,AR,GCC country-pair expansion,Informational,السعودية,البحرين,معلومات طريق,السعودية ← البحرين,/bahrain-saudi-gcc-transport/,No numeric ranking evidence supplied for this keyword,No exact phrase found; contextual coverage required,Cluster with an existing service page unless unique intent and enough factual content justify a new page,Medium; validate before publishing,Evaluate for genuinely useful new page,Cluster with an existing service page unless unique intent and enough factual content justify a new page,قائمة بحث شاملة؛ يجب التحقق من الجدوى قبل إنشاء صفحة
797,P2,السفر من العراق الى البحرين بالسيارة,AR,GCC country-pair expansion,Informational,العراق,البحرين,معلومات طريق,العراق ← البحرين,/bahrain-saudi-gcc-transport/,No numeric ranking evidence supplied for this keyword,No exact phrase found; contextual coverage required,Cluster with an existing service page unless unique intent and enough factual content justify a new page,Medium; validate before publishing,Evaluate for genuinely useful new page,Cluster with an existing service page unless unique intent and enough factual content justify a new page,قائمة بحث شاملة؛ يجب التحقق من الجدوى قبل إنشاء صفحة
798,P2,السفر من الكويت الى البحرين بالسيارة,AR,GCC country-pair expansion,Informational,الكويت,البحرين,معلومات طريق,الكويت ← البحرين,/bahrain-saudi-gcc-transport/bahrain-to-kuwait/,GSC avg position 8.48; page-one winner with CTR opportunity,Dedicated bilingual route page exists,Leave primary SEO fields and ranking content unchanged; add only small safe conversion support,High; protect existing winner,Protect,Leave primary SEO fields and ranking content unchanged; add only small safe conversion support,قائمة بحث شاملة؛ يجب التحقق من الجدوى قبل إنشاء صفحة
799,P2,السفر من عمان الى البحرين بالسيارة,AR,GCC country-pair expansion,Informational,عمان,البحرين,معلومات طريق,عمان ← البحرين,/bahrain-saudi-gcc-transport/bahrain-to-oman/,GSC avg position 7.26; mainly informational traffic,Dedicated bilingual route page exists,Leave primary SEO fields and ranking content unchanged; add only small safe conversion support,High; protect existing winner,Protect,Leave primary SEO fields and ranking content unchanged; add only small safe conversion support,قائمة بحث شاملة؛ يجب التحقق من الجدوى قبل إنشاء صفحة
800,P2,السفر من قطر الى البحرين بالسيارة,AR,GCC country-pair expansion,Informational,قطر,البحرين,معلومات طريق,قطر ← البحرين,/bahrain-saudi-gcc-transport/bahrain-to-qatar/,GSC avg position 7.88; page-one winner,Dedicated bilingual route page exists,Leave primary SEO fields and ranking content unchanged; add only small safe conversion support,High; protect existing winner,Protect,Leave primary SEO fields and ranking content unchanged; add only small safe conversion support,قائمة بحث شاملة؛ يجب التحقق من الجدوى قبل إنشاء صفحة
801,P2,المسافة من أبوظبي الى البحرين بالسيارة,AR,Systematic long-tail expansion,Informational,أبوظبي,البحرين,مسافة,أبوظبي ← البحرين,/bahrain-saudi-gcc-transport/,No numeric ranking evidence supplied for this keyword,No exact phrase found; contextual coverage required,Cluster with an existing service page unless unique intent and enough factual content justify a new page,Medium; validate before publishing,Evaluate for genuinely useful new page,Cluster with an existing service page unless unique intent and enough factual content justify a new page,توسعة منهجية لعبارات المسار والخدمة؛ ليست حجم بحث موثق
802,P2,المسافة من البحرين الى أبوظبي بالسيارة,AR,Systematic long-tail expansion,Informational,البحرين,أبوظبي,مسافة,البحرين ← أبوظبي,/bahrain-saudi-gcc-transport/,No numeric ranking evidence supplied for this keyword,No exact phrase found; contextual coverage required,Cluster with an existing service page unless unique intent and enough factual content justify a new page,Medium; validate before publishing,Evaluate for genuinely useful new page,Cluster with an existing service page unless unique intent and enough factual content justify a new page,توسعة منهجية لعبارات المسار والخدمة؛ ليست حجم بحث موثق
803,P2,المسافة من البحرين الى الخفجي بالسيارة,AR,Systematic long-tail expansion,Informational,البحرين,الخفجي,مسافة,البحرين ← الخفجي,/bahrain-saudi-gcc-transport/,No numeric ranking evidence supplied for this keyword,No exact phrase found; contextual coverage required,Cluster with an existing service page unless unique intent and enough factual content justify a new page,Medium; validate before publishing,Evaluate for genuinely useful new page,Cluster with an existing service page unless unique intent and enough factual content justify a new page,توسعة منهجية لعبارات المسار والخدمة؛ ليست حجم بحث موثق
804,P2,المسافة من البحرين الى النجف بالسيارة,AR,Systematic long-tail expansion,Informational,البحرين,النجف,مسافة,البحرين ← النجف,/bahrain-saudi-gcc-transport/,No numeric ranking evidence supplied for this keyword,No exact phrase found; contextual coverage required,Cluster with an existing service page unless unique intent and enough factual content justify a new page,Medium; validate before publishing,Evaluate for genuinely useful new page,Cluster with an existing service page unless unique intent and enough factual content justify a new page,توسعة منهجية لعبارات المسار والخدمة؛ ليست حجم بحث موثق
805,P2,المسافة من البحرين الى دبي بالسيارة,AR,Systematic long-tail expansion,Informational,البحرين,دبي,مسافة,البحرين ← دبي,/bahrain-saudi-gcc-transport/dubai-to-bahrain/,GSC avg position 7.45; mainly informational traffic,Dedicated bilingual route page exists,Leave primary SEO fields and ranking content unchanged; add only small safe conversion support,High; protect existing winner,Protect,Leave primary SEO fields and ranking content unchanged; add only small safe conversion support,توسعة منهجية لعبارات المسار والخدمة؛ ليست حجم بحث موثق
806,P2,المسافة من البحرين الى كربلاء بالسيارة,AR,Systematic long-tail expansion,Informational,البحرين,كربلاء,مسافة,البحرين ← كربلاء,/bahrain-saudi-gcc-transport/,No numeric ranking evidence supplied for this keyword,No exact phrase found; contextual coverage required,Cluster with an existing service page unless unique intent and enough factual content justify a new page,Medium; validate before publishing,Evaluate for genuinely useful new page,Cluster with an existing service page unless unique intent and enough factual content justify a new page,توسعة منهجية لعبارات المسار والخدمة؛ ليست حجم بحث موثق
807,P2,المسافة من البحرين الى مسقط بالسيارة,AR,Systematic long-tail expansion,Informational,البحرين,مسقط,مسافة,البحرين ← مسقط,/bahrain-saudi-gcc-transport/oman-to-bahrain/,GSC avg position 7.26; mainly informational traffic,Dedicated bilingual route page exists,Leave primary SEO fields and ranking content unchanged; add only small safe conversion support,High; protect existing winner,Protect,Leave primary SEO fields and ranking content unchanged; add only small safe conversion support,توسعة منهجية لعبارات المسار والخدمة؛ ليست حجم بحث موثق
808,P2,المسافة من الخفجي الى البحرين بالسيارة,AR,Systematic long-tail expansion,Informational,الخفجي,البحرين,مسافة,الخفجي ← البحرين,/bahrain-saudi-gcc-transport/,No numeric ranking evidence supplied for this keyword,No exact phrase found; contextual coverage required,Cluster with an existing service page unless unique intent and enough factual content justify a new page,Medium; validate before publishing,Evaluate for genuinely useful new page,Cluster with an existing service page unless unique intent and enough factual content justify a new page,توسعة منهجية لعبارات المسار والخدمة؛ ليست حجم بحث موثق
809,P2,المسافة من النجف الى البحرين بالسيارة,AR,Systematic long-tail expansion,Informational,النجف,البحرين,مسافة,النجف ← البحرين,/bahrain-saudi-gcc-transport/,No numeric ranking evidence supplied for this keyword,No exact phrase found; contextual coverage required,Cluster with an existing service page unless unique intent and enough factual content justify a new page,Medium; validate before publishing,Evaluate for genuinely useful new page,Cluster with an existing service page unless unique intent and enough factual content justify a new page,توسعة منهجية لعبارات المسار والخدمة؛ ليست حجم بحث موثق
810,P2,المسافة من دبي الى البحرين بالسيارة,AR,Systematic long-tail expansion,Informational,دبي,البحرين,مسافة,دبي ← البحرين,/bahrain-saudi-gcc-transport/bahrain-to-dubai/,GSC avg position 7.45; mainly informational traffic,Dedicated bilingual route page exists,Leave primary SEO fields and ranking content unchanged; add only small safe conversion support,High; protect existing winner,Protect,Leave primary SEO fields and ranking content unchanged; add only small safe conversion support,توسعة منهجية لعبارات المسار والخدمة؛ ليست حجم بحث موثق
811,P2,المسافة من كربلاء الى البحرين بالسيارة,AR,Systematic long-tail expansion,Informational,كربلاء,البحرين,مسافة,كربلاء ← البحرين,/bahrain-saudi-gcc-transport/,No numeric ranking evidence supplied for this keyword,No exact phrase found; contextual coverage required,Cluster with an existing service page unless unique intent and enough factual content justify a new page,Medium; validate before publishing,Evaluate for genuinely useful new page,Cluster with an existing service page unless unique intent and enough factual content justify a new page,توسعة منهجية لعبارات المسار والخدمة؛ ليست حجم بحث موثق
812,P2,المسافة من مسقط الى البحرين بالسيارة,AR,Systematic long-tail expansion,Informational,مسقط,البحرين,مسافة,مسقط ← البحرين,/bahrain-saudi-gcc-transport/bahrain-to-oman/,GSC avg position 7.26; mainly informational traffic,Dedicated bilingual route page exists,Leave primary SEO fields and ranking content unchanged; add only small safe conversion support,High; protect existing winner,Protect,Leave primary SEO fields and ranking content unchanged; add only small safe conversion support,توسعة منهجية لعبارات المسار والخدمة؛ ليست حجم بحث موثق
813,P2,بكم التوصيل من أبوظبي الى البحرين,AR,Systematic long-tail expansion,Price,أبوظبي,البحرين,سعر,أبوظبي ← البحرين,/bahrain-saudi-gcc-transport/,No numeric ranking evidence supplied for this keyword,No exact phrase found; contextual coverage required,Cluster with an existing service page unless unique intent and enough factual content justify a new page,Medium; validate before publishing,Evaluate for genuinely useful new page,Cluster with an existing service page unless unique intent and enough factual content justify a new page,توسعة منهجية لعبارات المسار والخدمة؛ ليست حجم بحث موثق
814,P2,بكم التوصيل من البحرين الى أبوظبي,AR,Systematic long-tail expansion,Price,البحرين,أبوظبي,سعر,البحرين ← أبوظبي,/bahrain-saudi-gcc-transport/,No numeric ranking evidence supplied for this keyword,No exact phrase found; contextual coverage required,Cluster with an existing service page unless unique intent and enough factual content justify a new page,Medium; validate before publishing,Evaluate for genuinely useful new page,Cluster with an existing service page unless unique intent and enough factual content justify a new page,توسعة منهجية لعبارات المسار والخدمة؛ ليست حجم بحث موثق
815,P2,بكم التوصيل من البحرين الى الخفجي,AR,Systematic long-tail expansion,Price,البحرين,الخفجي,سعر,البحرين ← الخفجي,/bahrain-saudi-gcc-transport/,No numeric ranking evidence supplied for this keyword,No exact phrase found; contextual coverage required,Cluster with an existing service page unless unique intent and enough factual content justify a new page,Medium; validate before publishing,Evaluate for genuinely useful new page,Cluster with an existing service page unless unique intent and enough factual content justify a new page,توسعة منهجية لعبارات المسار والخدمة؛ ليست حجم بحث موثق
816,P2,بكم التوصيل من البحرين الى النجف,AR,Systematic long-tail expansion,Price,البحرين,النجف,سعر,البحرين ← النجف,/bahrain-saudi-gcc-transport/,No numeric ranking evidence supplied for this keyword,No exact phrase found; contextual coverage required,Cluster with an existing service page unless unique intent and enough factual content justify a new page,Medium; validate before publishing,Evaluate for genuinely useful new page,Cluster with an existing service page unless unique intent and enough factual content justify a new page,توسعة منهجية لعبارات المسار والخدمة؛ ليست حجم بحث موثق
817,P2,بكم التوصيل من البحرين الى دبي,AR,Systematic long-tail expansion,Price,البحرين,دبي,سعر,البحرين ← دبي,/bahrain-saudi-gcc-transport/dubai-to-bahrain/,GSC avg position 7.45; mainly informational traffic,Dedicated bilingual route page exists,Leave primary SEO fields and ranking content unchanged; add only small safe conversion support,High; protect existing winner,Protect,Leave primary SEO fields and ranking content unchanged; add only small safe conversion support,توسعة منهجية لعبارات المسار والخدمة؛ ليست حجم بحث موثق
818,P2,بكم التوصيل من البحرين الى كربلاء,AR,Systematic long-tail expansion,Price,البحرين,كربلاء,سعر,البحرين ← كربلاء,/bahrain-saudi-gcc-transport/,No numeric ranking evidence supplied for this keyword,No exact phrase found; contextual coverage required,Cluster with an existing service page unless unique intent and enough factual content justify a new page,Medium; validate before publishing,Evaluate for genuinely useful new page,Cluster with an existing service page unless unique intent and enough factual content justify a new page,توسعة منهجية لعبارات المسار والخدمة؛ ليست حجم بحث موثق
819,P2,بكم التوصيل من البحرين الى مسقط,AR,Systematic long-tail expansion,Price,البحرين,مسقط,سعر,البحرين ← مسقط,/bahrain-saudi-gcc-transport/oman-to-bahrain/,GSC avg position 7.26; mainly informational traffic,Dedicated bilingual route page exists,Leave primary SEO fields and ranking content unchanged; add only small safe conversion support,High; protect existing winner,Protect,Leave primary SEO fields and ranking content unchanged; add only small safe conversion support,توسعة منهجية لعبارات المسار والخدمة؛ ليست حجم بحث موثق
820,P2,بكم التوصيل من الخفجي الى البحرين,AR,Systematic long-tail expansion,Price,الخفجي,البحرين,سعر,الخفجي ← البحرين,/bahrain-saudi-gcc-transport/,No numeric ranking evidence supplied for this keyword,No exact phrase found; contextual coverage required,Cluster with an existing service page unless unique intent and enough factual content justify a new page,Medium; validate before publishing,Evaluate for genuinely useful new page,Cluster with an existing service page unless unique intent and enough factual content justify a new page,توسعة منهجية لعبارات المسار والخدمة؛ ليست حجم بحث موثق
821,P2,بكم التوصيل من النجف الى البحرين,AR,Systematic long-tail expansion,Price,النجف,البحرين,سعر,النجف ← البحرين,/bahrain-saudi-gcc-transport/,No numeric ranking evidence supplied for this keyword,No exact phrase found; contextual coverage required,Cluster with an existing service page unless unique intent and enough factual content justify a new page,Medium; validate before publishing,Evaluate for genuinely useful new page,Cluster with an existing service page unless unique intent and enough factual content justify a new page,توسعة منهجية لعبارات المسار والخدمة؛ ليست حجم بحث موثق
822,P2,بكم التوصيل من دبي الى البحرين,AR,Systematic long-tail expansion,Price,دبي,البحرين,سعر,دبي ← البحرين,/bahrain-saudi-gcc-transport/bahrain-to-dubai/,GSC avg position 7.45; mainly informational traffic,Dedicated bilingual route page exists,Leave primary SEO fields and ranking content unchanged; add only small safe conversion support,High; protect existing winner,Protect,Leave primary SEO fields and ranking content unchanged; add only small safe conversion support,توسعة منهجية لعبارات المسار والخدمة؛ ليست حجم بحث موثق
823,P2,بكم التوصيل من كربلاء الى البحرين,AR,Systematic long-tail expansion,Price,كربلاء,البحرين,سعر,كربلاء ← البحرين,/bahrain-saudi-gcc-transport/,No numeric ranking evidence supplied for this keyword,No exact phrase found; contextual coverage required,Cluster with an existing service page unless unique intent and enough factual content justify a new page,Medium; validate before publishing,Evaluate for genuinely useful new page,Cluster with an existing service page unless unique intent and enough factual content justify a new page,توسعة منهجية لعبارات المسار والخدمة؛ ليست حجم بحث موثق
824,P2,بكم التوصيل من مسقط الى البحرين,AR,Systematic long-tail expansion,Price,مسقط,البحرين,سعر,مسقط ← البحرين,/bahrain-saudi-gcc-transport/bahrain-to-oman/,GSC avg position 7.26; mainly informational traffic,Dedicated bilingual route page exists,Leave primary SEO fields and ranking content unchanged; add only small safe conversion support,High; protect existing winner,Protect,Leave primary SEO fields and ranking content unchanged; add only small safe conversion support,توسعة منهجية لعبارات المسار والخدمة؛ ليست حجم بحث موثق
825,P2,تاجير سياره مع سائق البحرين,AR,Google Autocomplete — observed,Commercial,,,Observed wording,Route / service cluster,/bahrain-saudi-gcc-transport/,No numeric ranking evidence supplied for this keyword,No exact phrase found; contextual coverage required,Cluster with an existing service page unless unique intent and enough factual content justify a new page,Medium; validate before publishing,Evaluate for genuinely useful new page,Cluster with an existing service page unless unique intent and enough factual content justify a new page,Directly observed in Google Bahrain suggestions on 16 Sep 2026
826,P2,تاكسي من أبوظبي الى البحرين,AR,Systematic long-tail expansion,Commercial,أبوظبي,البحرين,تاكسي,أبوظبي ← البحرين,/bahrain-saudi-gcc-transport/,No numeric ranking evidence supplied for this keyword,No exact phrase found; contextual coverage required,Cluster with an existing service page unless unique intent and enough factual content justify a new page,Medium; validate before publishing,Evaluate for genuinely useful new page,Cluster with an existing service page unless unique intent and enough factual content justify a new page,توسعة منهجية لعبارات المسار والخدمة؛ ليست حجم بحث موثق
827,P2,تاكسي من البحرين الى أبوظبي,AR,Systematic long-tail expansion,Commercial,البحرين,أبوظبي,تاكسي,البحرين ← أبوظبي,/bahrain-saudi-gcc-transport/,No numeric ranking evidence supplied for this keyword,No exact phrase found; contextual coverage required,Cluster with an existing service page unless unique intent and enough factual content justify a new page,Medium; validate before publishing,Evaluate for genuinely useful new page,Cluster with an existing service page unless unique intent and enough factual content justify a new page,توسعة منهجية لعبارات المسار والخدمة؛ ليست حجم بحث موثق
828,P2,تاكسي من البحرين الى الخفجي,AR,Systematic long-tail expansion,Commercial,البحرين,الخفجي,تاكسي,البحرين ← الخفجي,/bahrain-saudi-gcc-transport/,No numeric ranking evidence supplied for this keyword,No exact phrase found; contextual coverage required,Cluster with an existing service page unless unique intent and enough factual content justify a new page,Medium; validate before publishing,Evaluate for genuinely useful new page,Cluster with an existing service page unless unique intent and enough factual content justify a new page,توسعة منهجية لعبارات المسار والخدمة؛ ليست حجم بحث موثق
829,P2,تاكسي من البحرين الى النجف,AR,Systematic long-tail expansion,Commercial,البحرين,النجف,تاكسي,البحرين ← النجف,/bahrain-saudi-gcc-transport/,No numeric ranking evidence supplied for this keyword,No exact phrase found; contextual coverage required,Cluster with an existing service page unless unique intent and enough factual content justify a new page,Medium; validate before publishing,Evaluate for genuinely useful new page,Cluster with an existing service page unless unique intent and enough factual content justify a new page,توسعة منهجية لعبارات المسار والخدمة؛ ليست حجم بحث موثق
830,P2,تاكسي من البحرين الى دبي,AR,Systematic long-tail expansion,Commercial,البحرين,دبي,تاكسي,البحرين ← دبي,/bahrain-saudi-gcc-transport/dubai-to-bahrain/,GSC avg position 7.45; mainly informational traffic,Dedicated bilingual route page exists,Leave primary SEO fields and ranking content unchanged; add only small safe conversion support,High; protect existing winner,Protect,Leave primary SEO fields and ranking content unchanged; add only small safe conversion support,توسعة منهجية لعبارات المسار والخدمة؛ ليست حجم بحث موثق
831,P2,تاكسي من البحرين الى كربلاء,AR,Systematic long-tail expansion,Commercial,البحرين,كربلاء,تاكسي,البحرين ← كربلاء,/bahrain-saudi-gcc-transport/,No numeric ranking evidence supplied for this keyword,No exact phrase found; contextual coverage required,Cluster with an existing service page unless unique intent and enough factual content justify a new page,Medium; validate before publishing,Evaluate for genuinely useful new page,Cluster with an existing service page unless unique intent and enough factual content justify a new page,توسعة منهجية لعبارات المسار والخدمة؛ ليست حجم بحث موثق
832,P2,تاكسي من البحرين الى مسقط,AR,Systematic long-tail expansion,Commercial,البحرين,مسقط,تاكسي,البحرين ← مسقط,/bahrain-saudi-gcc-transport/oman-to-bahrain/,GSC avg position 7.26; mainly informational traffic,Dedicated bilingual route page exists,Leave primary SEO fields and ranking content unchanged; add only small safe conversion support,High; protect existing winner,Protect,Leave primary SEO fields and ranking content unchanged; add only small safe conversion support,توسعة منهجية لعبارات المسار والخدمة؛ ليست حجم بحث موثق
833,P2,تاكسي من البحرين للسعودية,AR,Google Autocomplete — observed,Commercial,,,Observed wording,Route / service cluster,/bahrain-saudi-gcc-transport/,No numeric ranking evidence supplied for this keyword,No exact phrase found; contextual coverage required,Cluster with an existing service page unless unique intent and enough factual content justify a new page,Medium; validate before publishing,Evaluate for genuinely useful new page,Cluster with an existing service page unless unique intent and enough factual content justify a new page,Directly observed in Google Bahrain suggestions on 16 Sep 2026
834,P2,تاكسي من الخفجي الى البحرين,AR,Systematic long-tail expansion,Commercial,الخفجي,البحرين,تاكسي,الخفجي ← البحرين,/bahrain-saudi-gcc-transport/,No numeric ranking evidence supplied for this keyword,No exact phrase found; contextual coverage required,Cluster with an existing service page unless unique intent and enough factual content justify a new page,Medium; validate before publishing,Evaluate for genuinely useful new page,Cluster with an existing service page unless unique intent and enough factual content justify a new page,توسعة منهجية لعبارات المسار والخدمة؛ ليست حجم بحث موثق
835,P2,تاكسي من النجف الى البحرين,AR,Systematic long-tail expansion,Commercial,النجف,البحرين,تاكسي,النجف ← البحرين,/bahrain-saudi-gcc-transport/,No numeric ranking evidence supplied for this keyword,No exact phrase found; contextual coverage required,Cluster with an existing service page unless unique intent and enough factual content justify a new page,Medium; validate before publishing,Evaluate for genuinely useful new page,Cluster with an existing service page unless unique intent and enough factual content justify a new page,توسعة منهجية لعبارات المسار والخدمة؛ ليست حجم بحث موثق
836,P2,تاكسي من دبي الى البحرين,AR,Systematic long-tail expansion,Commercial,دبي,البحرين,تاكسي,دبي ← البحرين,/bahrain-saudi-gcc-transport/bahrain-to-dubai/,GSC avg position 7.45; mainly informational traffic,Dedicated bilingual route page exists,Leave primary SEO fields and ranking content unchanged; add only small safe conversion support,High; protect existing winner,Protect,Leave primary SEO fields and ranking content unchanged; add only small safe conversion support,توسعة منهجية لعبارات المسار والخدمة؛ ليست حجم بحث موثق
837,P2,تاكسي من كربلاء الى البحرين,AR,Systematic long-tail expansion,Commercial,كربلاء,البحرين,تاكسي,كربلاء ← البحرين,/bahrain-saudi-gcc-transport/,No numeric ranking evidence supplied for this keyword,No exact phrase found; contextual coverage required,Cluster with an existing service page unless unique intent and enough factual content justify a new page,Medium; validate before publishing,Evaluate for genuinely useful new page,Cluster with an existing service page unless unique intent and enough factual content justify a new page,توسعة منهجية لعبارات المسار والخدمة؛ ليست حجم بحث موثق
838,P2,تاكسي من مسقط الى البحرين,AR,Systematic long-tail expansion,Commercial,مسقط,البحرين,تاكسي,مسقط ← البحرين,/bahrain-saudi-gcc-transport/bahrain-to-oman/,GSC avg position 7.26; mainly informational traffic,Dedicated bilingual route page exists,Leave primary SEO fields and ranking content unchanged; add only small safe conversion support,High; protect existing winner,Protect,Leave primary SEO fields and ranking content unchanged; add only small safe conversion support,توسعة منهجية لعبارات المسار والخدمة؛ ليست حجم بحث موثق
839,P2,توصيل اغراض من أبوظبي الى البحرين,AR,Systematic long-tail expansion,Commercial,أبوظبي,البحرين,طرود صغيرة,أبوظبي ← البحرين,/bahrain-saudi-gcc-transport/,No numeric ranking evidence supplied for this keyword,No exact phrase found; contextual coverage required,Cluster with an existing service page unless unique intent and enough factual content justify a new page,Medium; validate before publishing,Evaluate for genuinely useful new page,Cluster with an existing service page unless unique intent and enough factual content justify a new page,توسعة منهجية لعبارات المسار والخدمة؛ ليست حجم بحث موثق
840,P2,توصيل اغراض من الإمارات الى البحرين,AR,GCC country-pair expansion,Commercial,الإمارات,البحرين,طرود صغيرة,الإمارات ← البحرين,/bahrain-saudi-gcc-transport/,No numeric ranking evidence supplied for this keyword,No exact phrase found; contextual coverage required,Cluster with an existing service page unless unique intent and enough factual content justify a new page,Medium; validate before publishing,Evaluate for genuinely useful new page,Cluster with an existing service page unless unique intent and enough factual content justify a new page,قائمة بحث شاملة؛ يجب التحقق من الجدوى قبل إنشاء صفحة
841,P2,توصيل اغراض من البحرين الى أبوظبي,AR,Systematic long-tail expansion,Commercial,البحرين,أبوظبي,طرود صغيرة,البحرين ← أبوظبي,/bahrain-saudi-gcc-transport/,No numeric ranking evidence supplied for this keyword,No exact phrase found; contextual coverage required,Cluster with an existing service page unless unique intent and enough factual content justify a new page,Medium; validate before publishing,Evaluate for genuinely useful new page,Cluster with an existing service page unless unique intent and enough factual content justify a new page,توسعة منهجية لعبارات المسار والخدمة؛ ليست حجم بحث موثق
842,P2,توصيل اغراض من البحرين الى الإمارات,AR,GCC country-pair expansion,Commercial,البحرين,الإمارات,طرود صغيرة,البحرين ← الإمارات,/bahrain-saudi-gcc-transport/,No numeric ranking evidence supplied for this keyword,No exact phrase found; contextual coverage required,Cluster with an existing service page unless unique intent and enough factual content justify a new page,Medium; validate before publishing,Evaluate for genuinely useful new page,Cluster with an existing service page unless unique intent and enough factual content justify a new page,قائمة بحث شاملة؛ يجب التحقق من الجدوى قبل إنشاء صفحة
843,P2,توصيل اغراض من البحرين الى الخفجي,AR,Systematic long-tail expansion,Commercial,البحرين,الخفجي,طرود صغيرة,البحرين ← الخفجي,/bahrain-saudi-gcc-transport/,No numeric ranking evidence supplied for this keyword,No exact phrase found; contextual coverage required,Cluster with an existing service page unless unique intent and enough factual content justify a new page,Medium; validate before publishing,Evaluate for genuinely useful new page,Cluster with an existing service page unless unique intent and enough factual content justify a new page,توسعة منهجية لعبارات المسار والخدمة؛ ليست حجم بحث موثق
844,P2,توصيل اغراض من البحرين الى السعودية,AR,GCC country-pair expansion,Commercial,البحرين,السعودية,طرود صغيرة,البحرين ← السعودية,/bahrain-saudi-gcc-transport/,No numeric ranking evidence supplied for this keyword,No exact phrase found; contextual coverage required,Cluster with an existing service page unless unique intent and enough factual content justify a new page,Medium; validate before publishing,Evaluate for genuinely useful new page,Cluster with an existing service page unless unique intent and enough factual content justify a new page,قائمة بحث شاملة؛ يجب التحقق من الجدوى قبل إنشاء صفحة
845,P2,توصيل اغراض من البحرين الى العراق,AR,GCC country-pair expansion,Commercial,البحرين,العراق,طرود صغيرة,البحرين ← العراق,/bahrain-saudi-gcc-transport/,No numeric ranking evidence supplied for this keyword,No exact phrase found; contextual coverage required,Cluster with an existing service page unless unique intent and enough factual content justify a new page,Medium; validate before publishing,Evaluate for genuinely useful new page,Cluster with an existing service page unless unique intent and enough factual content justify a new page,قائمة بحث شاملة؛ يجب التحقق من الجدوى قبل إنشاء صفحة
846,P2,توصيل اغراض من البحرين الى النجف,AR,Systematic long-tail expansion,Commercial,البحرين,النجف,طرود صغيرة,البحرين ← النجف,/bahrain-saudi-gcc-transport/,No numeric ranking evidence supplied for this keyword,No exact phrase found; contextual coverage required,Cluster with an existing service page unless unique intent and enough factual content justify a new page,Medium; validate before publishing,Evaluate for genuinely useful new page,Cluster with an existing service page unless unique intent and enough factual content justify a new page,توسعة منهجية لعبارات المسار والخدمة؛ ليست حجم بحث موثق
847,P2,توصيل اغراض من البحرين الى دبي,AR,Systematic long-tail expansion,Commercial,البحرين,دبي,طرود صغيرة,البحرين ← دبي,/bahrain-saudi-gcc-transport/dubai-to-bahrain/,GSC avg position 7.45; mainly informational traffic,Dedicated bilingual route page exists,Leave primary SEO fields and ranking content unchanged; add only small safe conversion support,High; protect existing winner,Protect,Leave primary SEO fields and ranking content unchanged; add only small safe conversion support,توسعة منهجية لعبارات المسار والخدمة؛ ليست حجم بحث موثق
848,P2,توصيل اغراض من البحرين الى عمان,AR,GCC country-pair expansion,Commercial,البحرين,عمان,طرود صغيرة,البحرين ← عمان,/bahrain-saudi-gcc-transport/oman-to-bahrain/,GSC avg position 7.26; mainly informational traffic,Dedicated bilingual route page exists,Leave primary SEO fields and ranking content unchanged; add only small safe conversion support,High; protect existing winner,Protect,Leave primary SEO fields and ranking content unchanged; add only small safe conversion support,قائمة بحث شاملة؛ يجب التحقق من الجدوى قبل إنشاء صفحة
849,P2,توصيل اغراض من البحرين الى كربلاء,AR,Systematic long-tail expansion,Commercial,البحرين,كربلاء,طرود صغيرة,البحرين ← كربلاء,/bahrain-saudi-gcc-transport/,No numeric ranking evidence supplied for this keyword,No exact phrase found; contextual coverage required,Cluster with an existing service page unless unique intent and enough factual content justify a new page,Medium; validate before publishing,Evaluate for genuinely useful new page,Cluster with an existing service page unless unique intent and enough factual content justify a new page,توسعة منهجية لعبارات المسار والخدمة؛ ليست حجم بحث موثق
850,P2,توصيل اغراض من البحرين الى مسقط,AR,Systematic long-tail expansion,Commercial,البحرين,مسقط,طرود صغيرة,البحرين ← مسقط,/bahrain-saudi-gcc-transport/oman-to-bahrain/,GSC avg position 7.26; mainly informational traffic,Dedicated bilingual route page exists,Leave primary SEO fields and ranking content unchanged; add only small safe conversion support,High; protect existing winner,Protect,Leave primary SEO fields and ranking content unchanged; add only small safe conversion support,توسعة منهجية لعبارات المسار والخدمة؛ ليست حجم بحث موثق
851,P2,توصيل اغراض من الخفجي الى البحرين,AR,Systematic long-tail expansion,Commercial,الخفجي,البحرين,طرود صغيرة,الخفجي ← البحرين,/bahrain-saudi-gcc-transport/,No numeric ranking evidence supplied for this keyword,No exact phrase found; contextual coverage required,Cluster with an existing service page unless unique intent and enough factual content justify a new page,Medium; validate before publishing,Evaluate for genuinely useful new page,Cluster with an existing service page unless unique intent and enough factual content justify a new page,توسعة منهجية لعبارات المسار والخدمة؛ ليست حجم بحث موثق
852,P2,توصيل اغراض من السعودية الى البحرين,AR,GCC country-pair expansion,Commercial,السعودية,البحرين,طرود صغيرة,السعودية ← البحرين,/bahrain-saudi-gcc-transport/,No numeric ranking evidence supplied for this keyword,No exact phrase found; contextual coverage required,Cluster with an existing service page unless unique intent and enough factual content justify a new page,Medium; validate before publishing,Evaluate for genuinely useful new page,Cluster with an existing service page unless unique intent and enough factual content justify a new page,قائمة بحث شاملة؛ يجب التحقق من الجدوى قبل إنشاء صفحة
853,P2,توصيل اغراض من العراق الى البحرين,AR,GCC country-pair expansion,Commercial,العراق,البحرين,طرود صغيرة,العراق ← البحرين,/bahrain-saudi-gcc-transport/,No numeric ranking evidence supplied for this keyword,No exact phrase found; contextual coverage required,Cluster with an existing service page unless unique intent and enough factual content justify a new page,Medium; validate before publishing,Evaluate for genuinely useful new page,Cluster with an existing service page unless unique intent and enough factual content justify a new page,قائمة بحث شاملة؛ يجب التحقق من الجدوى قبل إنشاء صفحة
854,P2,توصيل اغراض من الكويت الى البحرين,AR,GCC country-pair expansion,Commercial,الكويت,البحرين,طرود صغيرة,الكويت ← البحرين,/bahrain-saudi-gcc-transport/bahrain-to-kuwait/,GSC avg position 8.48; page-one winner with CTR opportunity,Dedicated bilingual route page exists,Leave primary SEO fields and ranking content unchanged; add only small safe conversion support,High; protect existing winner,Protect,Leave primary SEO fields and ranking content unchanged; add only small safe conversion support,قائمة بحث شاملة؛ يجب التحقق من الجدوى قبل إنشاء صفحة
855,P2,توصيل اغراض من النجف الى البحرين,AR,Systematic long-tail expansion,Commercial,النجف,البحرين,طرود صغيرة,النجف ← البحرين,/bahrain-saudi-gcc-transport/,No numeric ranking evidence supplied for this keyword,No exact phrase found; contextual coverage required,Cluster with an existing service page unless unique intent and enough factual content justify a new page,Medium; validate before publishing,Evaluate for genuinely useful new page,Cluster with an existing service page unless unique intent and enough factual content justify a new page,توسعة منهجية لعبارات المسار والخدمة؛ ليست حجم بحث موثق
856,P2,توصيل اغراض من دبي الى البحرين,AR,Systematic long-tail expansion,Commercial,دبي,البحرين,طرود صغيرة,دبي ← البحرين,/bahrain-saudi-gcc-transport/bahrain-to-dubai/,GSC avg position 7.45; mainly informational traffic,Dedicated bilingual route page exists,Leave primary SEO fields and ranking content unchanged; add only small safe conversion support,High; protect existing winner,Protect,Leave primary SEO fields and ranking content unchanged; add only small safe conversion support,توسعة منهجية لعبارات المسار والخدمة؛ ليست حجم بحث موثق
857,P2,توصيل اغراض من عمان الى البحرين,AR,GCC country-pair expansion,Commercial,عمان,البحرين,طرود صغيرة,عمان ← البحرين,/bahrain-saudi-gcc-transport/bahrain-to-oman/,GSC avg position 7.26; mainly informational traffic,Dedicated bilingual route page exists,Leave primary SEO fields and ranking content unchanged; add only small safe conversion support,High; protect existing winner,Protect,Leave primary SEO fields and ranking content unchanged; add only small safe conversion support,قائمة بحث شاملة؛ يجب التحقق من الجدوى قبل إنشاء صفحة
858,P2,توصيل اغراض من قطر الى البحرين,AR,GCC country-pair expansion,Commercial,قطر,البحرين,طرود صغيرة,قطر ← البحرين,/bahrain-saudi-gcc-transport/bahrain-to-qatar/,GSC avg position 7.88; page-one winner,Dedicated bilingual route page exists,Leave primary SEO fields and ranking content unchanged; add only small safe conversion support,High; protect existing winner,Protect,Leave primary SEO fields and ranking content unchanged; add only small safe conversion support,قائمة بحث شاملة؛ يجب التحقق من الجدوى قبل إنشاء صفحة
859,P2,توصيل اغراض من كربلاء الى البحرين,AR,Systematic long-tail expansion,Commercial,كربلاء,البحرين,طرود صغيرة,كربلاء ← البحرين,/bahrain-saudi-gcc-transport/,No numeric ranking evidence supplied for this keyword,No exact phrase found; contextual coverage required,Cluster with an existing service page unless unique intent and enough factual content justify a new page,Medium; validate before publishing,Evaluate for genuinely useful new page,Cluster with an existing service page unless unique intent and enough factual content justify a new page,توسعة منهجية لعبارات المسار والخدمة؛ ليست حجم بحث موثق
860,P2,توصيل اغراض من مسقط الى البحرين,AR,Systematic long-tail expansion,Commercial,مسقط,البحرين,طرود صغيرة,مسقط ← البحرين,/bahrain-saudi-gcc-transport/bahrain-to-oman/,GSC avg position 7.26; mainly informational traffic,Dedicated bilingual route page exists,Leave primary SEO fields and ranking content unchanged; add only small safe conversion support,High; protect existing winner,Protect,Leave primary SEO fields and ranking content unchanged; add only small safe conversion support,توسعة منهجية لعبارات المسار والخدمة؛ ليست حجم بحث موثق
861,P2,توصيل بين دول الخليج,AR,Google Autocomplete — observed,Commercial,,,Observed wording,Route / service cluster,/bahrain-saudi-gcc-transport/,No numeric ranking evidence supplied for this keyword,No exact phrase found; contextual coverage required,Cluster with an existing service page unless unique intent and enough factual content justify a new page,Medium; validate before publishing,Evaluate for genuinely useful new page,Cluster with an existing service page unless unique intent and enough factual content justify a new page,Directly observed in Google Bahrain suggestions on 16 Sep 2026
862,P2,توصيل جميع دول الخليج,AR,Google Autocomplete — observed,Commercial,,,Observed wording,Route / service cluster,/bahrain-saudi-gcc-transport/,No numeric ranking evidence supplied for this keyword,No exact phrase found; contextual coverage required,Cluster with an existing service page unless unique intent and enough factual content justify a new page,Medium; validate before publishing,Evaluate for genuinely useful new page,Cluster with an existing service page unless unique intent and enough factual content justify a new page,Directly observed in Google Bahrain suggestions on 16 Sep 2026
863,P2,توصيل دول الخليج,AR,Google Autocomplete — observed,Commercial,,,Observed wording,Route / service cluster,/bahrain-saudi-gcc-transport/,No numeric ranking evidence supplied for this keyword,Exact keyword phrase appears in existing site content,Cluster with an existing service page unless unique intent and enough factual content justify a new page,Medium; validate before publishing,Evaluate for genuinely useful new page,Cluster with an existing service page unless unique intent and enough factual content justify a new page,Directly observed in Google Bahrain suggestions on 16 Sep 2026
864,P2,توصيل عمان البحرين,AR,Google Autocomplete — observed,Commercial,,,Observed wording,Route / service cluster,/bahrain-saudi-gcc-transport/,GSC avg position 7.26; mainly informational traffic,No exact phrase found; contextual coverage required,Leave primary SEO fields and ranking content unchanged; add only small safe conversion support,High; protect existing winner,Protect,Leave primary SEO fields and ranking content unchanged; add only small safe conversion support,Directly observed in Google Bahrain suggestions on 16 Sep 2026
865,P2,توصيل عوائل من أبوظبي الى البحرين,AR,Systematic long-tail expansion,Commercial,أبوظبي,البحرين,عوائل,أبوظبي ← البحرين,/bahrain-saudi-gcc-transport/,No numeric ranking evidence supplied for this keyword,No exact phrase found; contextual coverage required,Cluster with an existing service page unless unique intent and enough factual content justify a new page,Medium; validate before publishing,Evaluate for genuinely useful new page,Cluster with an existing service page unless unique intent and enough factual content justify a new page,توسعة منهجية لعبارات المسار والخدمة؛ ليست حجم بحث موثق
866,P2,توصيل عوائل من البحرين الى أبوظبي,AR,Systematic long-tail expansion,Commercial,البحرين,أبوظبي,عوائل,البحرين ← أبوظبي,/bahrain-saudi-gcc-transport/,No numeric ranking evidence supplied for this keyword,No exact phrase found; contextual coverage required,Cluster with an existing service page unless unique intent and enough factual content justify a new page,Medium; validate before publishing,Evaluate for genuinely useful new page,Cluster with an existing service page unless unique intent and enough factual content justify a new page,توسعة منهجية لعبارات المسار والخدمة؛ ليست حجم بحث موثق
867,P2,توصيل عوائل من البحرين الى الخفجي,AR,Systematic long-tail expansion,Commercial,البحرين,الخفجي,عوائل,البحرين ← الخفجي,/bahrain-saudi-gcc-transport/,No numeric ranking evidence supplied for this keyword,No exact phrase found; contextual coverage required,Cluster with an existing service page unless unique intent and enough factual content justify a new page,Medium; validate before publishing,Evaluate for genuinely useful new page,Cluster with an existing service page unless unique intent and enough factual content justify a new page,توسعة منهجية لعبارات المسار والخدمة؛ ليست حجم بحث موثق
868,P2,توصيل عوائل من البحرين الى النجف,AR,Systematic long-tail expansion,Commercial,البحرين,النجف,عوائل,البحرين ← النجف,/bahrain-saudi-gcc-transport/,No numeric ranking evidence supplied for this keyword,No exact phrase found; contextual coverage required,Cluster with an existing service page unless unique intent and enough factual content justify a new page,Medium; validate before publishing,Evaluate for genuinely useful new page,Cluster with an existing service page unless unique intent and enough factual content justify a new page,توسعة منهجية لعبارات المسار والخدمة؛ ليست حجم بحث موثق
869,P2,توصيل عوائل من البحرين الى دبي,AR,Systematic long-tail expansion,Commercial,البحرين,دبي,عوائل,البحرين ← دبي,/bahrain-saudi-gcc-transport/dubai-to-bahrain/,GSC avg position 7.45; mainly informational traffic,Dedicated bilingual route page exists,Leave primary SEO fields and ranking content unchanged; add only small safe conversion support,High; protect existing winner,Protect,Leave primary SEO fields and ranking content unchanged; add only small safe conversion support,توسعة منهجية لعبارات المسار والخدمة؛ ليست حجم بحث موثق
870,P2,توصيل عوائل من البحرين الى كربلاء,AR,Systematic long-tail expansion,Commercial,البحرين,كربلاء,عوائل,البحرين ← كربلاء,/bahrain-saudi-gcc-transport/,No numeric ranking evidence supplied for this keyword,No exact phrase found; contextual coverage required,Cluster with an existing service page unless unique intent and enough factual content justify a new page,Medium; validate before publishing,Evaluate for genuinely useful new page,Cluster with an existing service page unless unique intent and enough factual content justify a new page,توسعة منهجية لعبارات المسار والخدمة؛ ليست حجم بحث موثق
871,P2,توصيل عوائل من البحرين الى مسقط,AR,Systematic long-tail expansion,Commercial,البحرين,مسقط,عوائل,البحرين ← مسقط,/bahrain-saudi-gcc-transport/oman-to-bahrain/,GSC avg position 7.26; mainly informational traffic,Dedicated bilingual route page exists,Leave primary SEO fields and ranking content unchanged; add only small safe conversion support,High; protect existing winner,Protect,Leave primary SEO fields and ranking content unchanged; add only small safe conversion support,توسعة منهجية لعبارات المسار والخدمة؛ ليست حجم بحث موثق
872,P2,توصيل عوائل من الخفجي الى البحرين,AR,Systematic long-tail expansion,Commercial,الخفجي,البحرين,عوائل,الخفجي ← البحرين,/bahrain-saudi-gcc-transport/,No numeric ranking evidence supplied for this keyword,No exact phrase found; contextual coverage required,Cluster with an existing service page unless unique intent and enough factual content justify a new page,Medium; validate before publishing,Evaluate for genuinely useful new page,Cluster with an existing service page unless unique intent and enough factual content justify a new page,توسعة منهجية لعبارات المسار والخدمة؛ ليست حجم بحث موثق
873,P2,توصيل عوائل من النجف الى البحرين,AR,Systematic long-tail expansion,Commercial,النجف,البحرين,عوائل,النجف ← البحرين,/bahrain-saudi-gcc-transport/,No numeric ranking evidence supplied for this keyword,No exact phrase found; contextual coverage required,Cluster with an existing service page unless unique intent and enough factual content justify a new page,Medium; validate before publishing,Evaluate for genuinely useful new page,Cluster with an existing service page unless unique intent and enough factual content justify a new page,توسعة منهجية لعبارات المسار والخدمة؛ ليست حجم بحث موثق
874,P2,توصيل عوائل من دبي الى البحرين,AR,Systematic long-tail expansion,Commercial,دبي,البحرين,عوائل,دبي ← البحرين,/bahrain-saudi-gcc-transport/bahrain-to-dubai/,GSC avg position 7.45; mainly informational traffic,Dedicated bilingual route page exists,Leave primary SEO fields and ranking content unchanged; add only small safe conversion support,High; protect existing winner,Protect,Leave primary SEO fields and ranking content unchanged; add only small safe conversion support,توسعة منهجية لعبارات المسار والخدمة؛ ليست حجم بحث موثق
875,P2,توصيل عوائل من كربلاء الى البحرين,AR,Systematic long-tail expansion,Commercial,كربلاء,البحرين,عوائل,كربلاء ← البحرين,/bahrain-saudi-gcc-transport/,No numeric ranking evidence supplied for this keyword,No exact phrase found; contextual coverage required,Cluster with an existing service page unless unique intent and enough factual content justify a new page,Medium; validate before publishing,Evaluate for genuinely useful new page,Cluster with an existing service page unless unique intent and enough factual content justify a new page,توسعة منهجية لعبارات المسار والخدمة؛ ليست حجم بحث موثق
876,P2,توصيل عوائل من مسقط الى البحرين,AR,Systematic long-tail expansion,Commercial,مسقط,البحرين,عوائل,مسقط ← البحرين,/bahrain-saudi-gcc-transport/bahrain-to-oman/,GSC avg position 7.26; mainly informational traffic,Dedicated bilingual route page exists,Leave primary SEO fields and ranking content unchanged; add only small safe conversion support,High; protect existing winner,Protect,Leave primary SEO fields and ranking content unchanged; add only small safe conversion support,توسعة منهجية لعبارات المسار والخدمة؛ ليست حجم بحث موثق
877,P2,توصيل لجميع دول الخليج,AR,Google Autocomplete — observed,Commercial,,,Observed wording,Route / service cluster,/bahrain-saudi-gcc-transport/,No numeric ranking evidence supplied for this keyword,No exact phrase found; contextual coverage required,Cluster with an existing service page unless unique intent and enough factual content justify a new page,Medium; validate before publishing,Evaluate for genuinely useful new page,Cluster with an existing service page unless unique intent and enough factual content justify a new page,Directly observed in Google Bahrain suggestions on 16 Sep 2026
878,P2,توصيل للكويت من البحرين,AR,Google Autocomplete — observed,Commercial,,,Observed wording,Route / service cluster,/bahrain-saudi-gcc-transport/,No numeric ranking evidence supplied for this keyword,No exact phrase found; contextual coverage required,Cluster with an existing service page unless unique intent and enough factual content justify a new page,Medium; validate before publishing,Evaluate for genuinely useful new page,Cluster with an existing service page unless unique intent and enough factual content justify a new page,Directly observed in Google Bahrain suggestions on 16 Sep 2026
879,P2,توصيل من أبوظبي إلى البحرين,AR,Systematic long-tail expansion,Commercial,أبوظبي,البحرين,توصيل,أبوظبي ← البحرين,/bahrain-saudi-gcc-transport/,No numeric ranking evidence supplied for this keyword,Exact keyword phrase appears in existing site content,Cluster with an existing service page unless unique intent and enough factual content justify a new page,Medium; validate before publishing,Evaluate for genuinely useful new page,Cluster with an existing service page unless unique intent and enough factual content justify a new page,توسعة منهجية لعبارات المسار والخدمة؛ ليست حجم بحث موثق
880,P2,توصيل من أبوظبي الى البحرين,AR,Systematic long-tail expansion,Commercial,أبوظبي,البحرين,توصيل,أبوظبي ← البحرين,/bahrain-saudi-gcc-transport/,No numeric ranking evidence supplied for this keyword,No exact phrase found; contextual coverage required,Cluster with an existing service page unless unique intent and enough factual content justify a new page,Medium; validate before publishing,Evaluate for genuinely useful new page,Cluster with an existing service page unless unique intent and enough factual content justify a new page,توسعة منهجية لعبارات المسار والخدمة؛ ليست حجم بحث موثق
881,P2,توصيل من الإمارات الى البحرين,AR,GCC country-pair expansion,Commercial,الإمارات,البحرين,توصيل,الإمارات ← البحرين,/bahrain-saudi-gcc-transport/,No numeric ranking evidence supplied for this keyword,No exact phrase found; contextual coverage required,Cluster with an existing service page unless unique intent and enough factual content justify a new page,Medium; validate before publishing,Evaluate for genuinely useful new page,Cluster with an existing service page unless unique intent and enough factual content justify a new page,قائمة بحث شاملة؛ يجب التحقق من الجدوى قبل إنشاء صفحة
882,P2,توصيل من البحرين إلى أبوظبي,AR,Systematic long-tail expansion,Commercial,البحرين,أبوظبي,توصيل,البحرين ← أبوظبي,/bahrain-saudi-gcc-transport/,No numeric ranking evidence supplied for this keyword,Exact keyword phrase appears in existing site content,Cluster with an existing service page unless unique intent and enough factual content justify a new page,Medium; validate before publishing,Evaluate for genuinely useful new page,Cluster with an existing service page unless unique intent and enough factual content justify a new page,توسعة منهجية لعبارات المسار والخدمة؛ ليست حجم بحث موثق
883,P2,توصيل من البحرين إلى الخفجي,AR,Systematic long-tail expansion,Commercial,البحرين,الخفجي,توصيل,البحرين ← الخفجي,/bahrain-saudi-gcc-transport/,No numeric ranking evidence supplied for this keyword,Exact keyword phrase appears in existing site content,Cluster with an existing service page unless unique intent and enough factual content justify a new page,Medium; validate before publishing,Evaluate for genuinely useful new page,Cluster with an existing service page unless unique intent and enough factual content justify a new page,توسعة منهجية لعبارات المسار والخدمة؛ ليست حجم بحث موثق
884,P2,توصيل من البحرين إلى النجف,AR,Systematic long-tail expansion,Commercial,البحرين,النجف,توصيل,البحرين ← النجف,/bahrain-saudi-gcc-transport/,No numeric ranking evidence supplied for this keyword,Exact keyword phrase appears in existing site content,Cluster with an existing service page unless unique intent and enough factual content justify a new page,Medium; validate before publishing,Evaluate for genuinely useful new page,Cluster with an existing service page unless unique intent and enough factual content justify a new page,توسعة منهجية لعبارات المسار والخدمة؛ ليست حجم بحث موثق
885,P2,توصيل من البحرين إلى دبي,AR,Systematic long-tail expansion,Commercial,البحرين,دبي,توصيل,البحرين ← دبي,/bahrain-saudi-gcc-transport/dubai-to-bahrain/,GSC avg position 7.45; mainly informational traffic,Dedicated bilingual route page exists,Leave primary SEO fields and ranking content unchanged; add only small safe conversion support,High; protect existing winner,Protect,Leave primary SEO fields and ranking content unchanged; add only small safe conversion support,توسعة منهجية لعبارات المسار والخدمة؛ ليست حجم بحث موثق
886,P2,توصيل من البحرين إلى كربلاء,AR,Systematic long-tail expansion,Commercial,البحرين,كربلاء,توصيل,البحرين ← كربلاء,/bahrain-saudi-gcc-transport/,No numeric ranking evidence supplied for this keyword,Exact keyword phrase appears in existing site content,Cluster with an existing service page unless unique intent and enough factual content justify a new page,Medium; validate before publishing,Evaluate for genuinely useful new page,Cluster with an existing service page unless unique intent and enough factual content justify a new page,توسعة منهجية لعبارات المسار والخدمة؛ ليست حجم بحث موثق
887,P2,توصيل من البحرين إلى مسقط,AR,Systematic long-tail expansion,Commercial,البحرين,مسقط,توصيل,البحرين ← مسقط,/bahrain-saudi-gcc-transport/oman-to-bahrain/,GSC avg position 7.26; mainly informational traffic,Dedicated bilingual route page exists,Leave primary SEO fields and ranking content unchanged; add only small safe conversion support,High; protect existing winner,Protect,Leave primary SEO fields and ranking content unchanged; add only small safe conversion support,توسعة منهجية لعبارات المسار والخدمة؛ ليست حجم بحث موثق
888,P2,توصيل من البحرين الى أبوظبي,AR,Systematic long-tail expansion,Commercial,البحرين,أبوظبي,توصيل,البحرين ← أبوظبي,/bahrain-saudi-gcc-transport/,No numeric ranking evidence supplied for this keyword,No exact phrase found; contextual coverage required,Cluster with an existing service page unless unique intent and enough factual content justify a new page,Medium; validate before publishing,Evaluate for genuinely useful new page,Cluster with an existing service page unless unique intent and enough factual content justify a new page,توسعة منهجية لعبارات المسار والخدمة؛ ليست حجم بحث موثق
889,P2,توصيل من البحرين الى الإمارات,AR,GCC country-pair expansion,Commercial,البحرين,الإمارات,توصيل,البحرين ← الإمارات,/bahrain-saudi-gcc-transport/,No numeric ranking evidence supplied for this keyword,No exact phrase found; contextual coverage required,Cluster with an existing service page unless unique intent and enough factual content justify a new page,Medium; validate before publishing,Evaluate for genuinely useful new page,Cluster with an existing service page unless unique intent and enough factual content justify a new page,قائمة بحث شاملة؛ يجب التحقق من الجدوى قبل إنشاء صفحة
890,P2,توصيل من البحرين الى الامارات,AR,Google Autocomplete — observed,Commercial,,,Observed wording,Route / service cluster,/bahrain-saudi-gcc-transport/,No numeric ranking evidence supplied for this keyword,No exact phrase found; contextual coverage required,Cluster with an existing service page unless unique intent and enough factual content justify a new page,Medium; validate before publishing,Evaluate for genuinely useful new page,Cluster with an existing service page unless unique intent and enough factual content justify a new page,Directly observed in Google Bahrain suggestions on 16 Sep 2026
891,P2,توصيل من البحرين الى الخفجي,AR,Systematic long-tail expansion,Commercial,البحرين,الخفجي,توصيل,البحرين ← الخفجي,/bahrain-saudi-gcc-transport/,No numeric ranking evidence supplied for this keyword,No exact phrase found; contextual coverage required,Cluster with an existing service page unless unique intent and enough factual content justify a new page,Medium; validate before publishing,Evaluate for genuinely useful new page,Cluster with an existing service page unless unique intent and enough factual content justify a new page,توسعة منهجية لعبارات المسار والخدمة؛ ليست حجم بحث موثق
892,P2,توصيل من البحرين الى العراق,AR,GCC country-pair expansion,Commercial,البحرين,العراق,توصيل,البحرين ← العراق,/bahrain-saudi-gcc-transport/,No numeric ranking evidence supplied for this keyword,No exact phrase found; contextual coverage required,Cluster with an existing service page unless unique intent and enough factual content justify a new page,Medium; validate before publishing,Evaluate for genuinely useful new page,Cluster with an existing service page unless unique intent and enough factual content justify a new page,قائمة بحث شاملة؛ يجب التحقق من الجدوى قبل إنشاء صفحة
893,P2,توصيل من البحرين الى النجف,AR,Systematic long-tail expansion,Commercial,البحرين,النجف,توصيل,البحرين ← النجف,/bahrain-saudi-gcc-transport/,No numeric ranking evidence supplied for this keyword,No exact phrase found; contextual coverage required,Cluster with an existing service page unless unique intent and enough factual content justify a new page,Medium; validate before publishing,Evaluate for genuinely useful new page,Cluster with an existing service page unless unique intent and enough factual content justify a new page,توسعة منهجية لعبارات المسار والخدمة؛ ليست حجم بحث موثق
894,P2,توصيل من البحرين الى دبي,AR,Google Autocomplete — observed,Commercial,,,Observed wording,Route / service cluster,/bahrain-saudi-gcc-transport/,GSC avg position 7.45; mainly informational traffic,No exact phrase found; contextual coverage required,Leave primary SEO fields and ranking content unchanged; add only small safe conversion support,High; protect existing winner,Protect,Leave primary SEO fields and ranking content unchanged; add only small safe conversion support,Directly observed in Google Bahrain suggestions on 16 Sep 2026
895,P2,توصيل من البحرين الى عمان,AR,Google Autocomplete — observed,Commercial,,,Observed wording,Route / service cluster,/bahrain-saudi-gcc-transport/,GSC avg position 7.26; mainly informational traffic,No exact phrase found; contextual coverage required,Leave primary SEO fields and ranking content unchanged; add only small safe conversion support,High; protect existing winner,Protect,Leave primary SEO fields and ranking content unchanged; add only small safe conversion support,Directly observed in Google Bahrain suggestions on 16 Sep 2026
896,P2,توصيل من البحرين الى كربلاء,AR,Systematic long-tail expansion,Commercial,البحرين,كربلاء,توصيل,البحرين ← كربلاء,/bahrain-saudi-gcc-transport/,No numeric ranking evidence supplied for this keyword,No exact phrase found; contextual coverage required,Cluster with an existing service page unless unique intent and enough factual content justify a new page,Medium; validate before publishing,Evaluate for genuinely useful new page,Cluster with an existing service page unless unique intent and enough factual content justify a new page,توسعة منهجية لعبارات المسار والخدمة؛ ليست حجم بحث موثق
897,P2,توصيل من البحرين الى مسقط,AR,Systematic long-tail expansion,Commercial,البحرين,مسقط,توصيل,البحرين ← مسقط,/bahrain-saudi-gcc-transport/oman-to-bahrain/,GSC avg position 7.26; mainly informational traffic,Dedicated bilingual route page exists,Leave primary SEO fields and ranking content unchanged; add only small safe conversion support,High; protect existing winner,Protect,Leave primary SEO fields and ranking content unchanged; add only small safe conversion support,توسعة منهجية لعبارات المسار والخدمة؛ ليست حجم بحث موثق
898,P2,توصيل من البحرين للامارات,AR,Google Autocomplete — observed,Commercial,,,Observed wording,Route / service cluster,/bahrain-saudi-gcc-transport/,No numeric ranking evidence supplied for this keyword,No exact phrase found; contextual coverage required,Cluster with an existing service page unless unique intent and enough factual content justify a new page,Medium; validate before publishing,Evaluate for genuinely useful new page,Cluster with an existing service page unless unique intent and enough factual content justify a new page,Directly observed in Google Bahrain suggestions on 16 Sep 2026
899,P2,توصيل من البحرين للخبر,AR,Google Autocomplete — observed,Commercial,,,Observed wording,Route / service cluster,/bahrain-saudi-gcc-transport/,No numeric ranking evidence supplied for this keyword,No exact phrase found; contextual coverage required,Cluster with an existing service page unless unique intent and enough factual content justify a new page,Medium; validate before publishing,Evaluate for genuinely useful new page,Cluster with an existing service page unless unique intent and enough factual content justify a new page,Directly observed in Google Bahrain suggestions on 16 Sep 2026
900,P2,توصيل من البحرين للدمام,AR,Google Autocomplete — observed,Commercial,,,Observed wording,Route / service cluster,/bahrain-saudi-gcc-transport/,No numeric ranking evidence supplied for this keyword,No exact phrase found; contextual coverage required,Cluster with an existing service page unless unique intent and enough factual content justify a new page,Medium; validate before publishing,Evaluate for genuinely useful new page,Cluster with an existing service page unless unique intent and enough factual content justify a new page,Directly observed in Google Bahrain suggestions on 16 Sep 2026
901,P2,توصيل من البحرين للرياض,AR,Google Autocomplete — observed,Commercial,,,Observed wording,Route / service cluster,/bahrain-saudi-gcc-transport/,No numeric ranking evidence supplied for this keyword,No exact phrase found; contextual coverage required,Cluster with an existing service page unless unique intent and enough factual content justify a new page,Medium; validate before publishing,Evaluate for genuinely useful new page,Cluster with an existing service page unless unique intent and enough factual content justify a new page,Directly observed in Google Bahrain suggestions on 16 Sep 2026
902,P2,توصيل من البحرين للسعودية,AR,Google Autocomplete — observed,Commercial,,,Observed wording,Route / service cluster,/bahrain-saudi-gcc-transport/,No numeric ranking evidence supplied for this keyword,No exact phrase found; contextual coverage required,Cluster with an existing service page unless unique intent and enough factual content justify a new page,Medium; validate before publishing,Evaluate for genuinely useful new page,Cluster with an existing service page unless unique intent and enough factual content justify a new page,Directly observed in Google Bahrain suggestions on 16 Sep 2026
903,P2,توصيل من الخفجي إلى البحرين,AR,Systematic long-tail expansion,Commercial,الخفجي,البحرين,توصيل,الخفجي ← البحرين,/bahrain-saudi-gcc-transport/,No numeric ranking evidence supplied for this keyword,Exact keyword phrase appears in existing site content,Cluster with an existing service page unless unique intent and enough factual content justify a new page,Medium; validate before publishing,Evaluate for genuinely useful new page,Cluster with an existing service page unless unique intent and enough factual content justify a new page,توسعة منهجية لعبارات المسار والخدمة؛ ليست حجم بحث موثق
904,P2,توصيل من الخفجي الى البحرين,AR,Systematic long-tail expansion,Commercial,الخفجي,البحرين,توصيل,الخفجي ← البحرين,/bahrain-saudi-gcc-transport/,No numeric ranking evidence supplied for this keyword,No exact phrase found; contextual coverage required,Cluster with an existing service page unless unique intent and enough factual content justify a new page,Medium; validate before publishing,Evaluate for genuinely useful new page,Cluster with an existing service page unless unique intent and enough factual content justify a new page,توسعة منهجية لعبارات المسار والخدمة؛ ليست حجم بحث موثق
905,P2,توصيل من السعودية الى البحرين,AR,GCC country-pair expansion,Commercial,السعودية,البحرين,توصيل,السعودية ← البحرين,/bahrain-saudi-gcc-transport/,No numeric ranking evidence supplied for this keyword,No exact phrase found; contextual coverage required,Cluster with an existing service page unless unique intent and enough factual content justify a new page,Medium; validate before publishing,Evaluate for genuinely useful new page,Cluster with an existing service page unless unique intent and enough factual content justify a new page,قائمة بحث شاملة؛ يجب التحقق من الجدوى قبل إنشاء صفحة
906,P2,توصيل من العراق الى البحرين,AR,GCC country-pair expansion,Commercial,العراق,البحرين,توصيل,العراق ← البحرين,/bahrain-saudi-gcc-transport/,No numeric ranking evidence supplied for this keyword,No exact phrase found; contextual coverage required,Cluster with an existing service page unless unique intent and enough factual content justify a new page,Medium; validate before publishing,Evaluate for genuinely useful new page,Cluster with an existing service page unless unique intent and enough factual content justify a new page,قائمة بحث شاملة؛ يجب التحقق من الجدوى قبل إنشاء صفحة
907,P2,توصيل من الكويت الى البحرين,AR,GCC country-pair expansion,Commercial,الكويت,البحرين,توصيل,الكويت ← البحرين,/bahrain-saudi-gcc-transport/bahrain-to-kuwait/,GSC avg position 8.48; page-one winner with CTR opportunity,Dedicated bilingual route page exists,Leave primary SEO fields and ranking content unchanged; add only small safe conversion support,High; protect existing winner,Protect,Leave primary SEO fields and ranking content unchanged; add only small safe conversion support,قائمة بحث شاملة؛ يجب التحقق من الجدوى قبل إنشاء صفحة
908,P2,توصيل من النجف إلى البحرين,AR,Systematic long-tail expansion,Commercial,النجف,البحرين,توصيل,النجف ← البحرين,/bahrain-saudi-gcc-transport/,No numeric ranking evidence supplied for this keyword,No exact phrase found; contextual coverage required,Cluster with an existing service page unless unique intent and enough factual content justify a new page,Medium; validate before publishing,Evaluate for genuinely useful new page,Cluster with an existing service page unless unique intent and enough factual content justify a new page,توسعة منهجية لعبارات المسار والخدمة؛ ليست حجم بحث موثق
909,P2,توصيل من النجف الى البحرين,AR,Systematic long-tail expansion,Commercial,النجف,البحرين,توصيل,النجف ← البحرين,/bahrain-saudi-gcc-transport/,No numeric ranking evidence supplied for this keyword,No exact phrase found; contextual coverage required,Cluster with an existing service page unless unique intent and enough factual content justify a new page,Medium; validate before publishing,Evaluate for genuinely useful new page,Cluster with an existing service page unless unique intent and enough factual content justify a new page,توسعة منهجية لعبارات المسار والخدمة؛ ليست حجم بحث موثق
910,P2,توصيل من دبي إلى البحرين,AR,Systematic long-tail expansion,Commercial,دبي,البحرين,توصيل,دبي ← البحرين,/bahrain-saudi-gcc-transport/bahrain-to-dubai/,GSC avg position 7.45; mainly informational traffic,Dedicated bilingual route page exists,Leave primary SEO fields and ranking content unchanged; add only small safe conversion support,High; protect existing winner,Protect,Leave primary SEO fields and ranking content unchanged; add only small safe conversion support,توسعة منهجية لعبارات المسار والخدمة؛ ليست حجم بحث موثق
911,P2,توصيل من دبي الى البحرين,AR,Systematic long-tail expansion,Commercial,دبي,البحرين,توصيل,دبي ← البحرين,/bahrain-saudi-gcc-transport/bahrain-to-dubai/,GSC avg position 7.45; mainly informational traffic,Dedicated bilingual route page exists,Leave primary SEO fields and ranking content unchanged; add only small safe conversion support,High; protect existing winner,Protect,Leave primary SEO fields and ranking content unchanged; add only small safe conversion support,توسعة منهجية لعبارات المسار والخدمة؛ ليست حجم بحث موثق
912,P2,توصيل من عمان الى البحرين,AR,GCC country-pair expansion,Commercial,عمان,البحرين,توصيل,عمان ← البحرين,/bahrain-saudi-gcc-transport/bahrain-to-oman/,GSC avg position 7.26; mainly informational traffic,Dedicated bilingual route page exists,Leave primary SEO fields and ranking content unchanged; add only small safe conversion support,High; protect existing winner,Protect,Leave primary SEO fields and ranking content unchanged; add only small safe conversion support,قائمة بحث شاملة؛ يجب التحقق من الجدوى قبل إنشاء صفحة
913,P2,توصيل من قطر الى البحرين,AR,GCC country-pair expansion,Commercial,قطر,البحرين,توصيل,قطر ← البحرين,/bahrain-saudi-gcc-transport/bahrain-to-qatar/,GSC avg position 7.88; page-one winner,Dedicated bilingual route page exists,Leave primary SEO fields and ranking content unchanged; add only small safe conversion support,High; protect existing winner,Protect,Leave primary SEO fields and ranking content unchanged; add only small safe conversion support,قائمة بحث شاملة؛ يجب التحقق من الجدوى قبل إنشاء صفحة
914,P2,توصيل من كربلاء إلى البحرين,AR,Systematic long-tail expansion,Commercial,كربلاء,البحرين,توصيل,كربلاء ← البحرين,/bahrain-saudi-gcc-transport/,No numeric ranking evidence supplied for this keyword,No exact phrase found; contextual coverage required,Cluster with an existing service page unless unique intent and enough factual content justify a new page,Medium; validate before publishing,Evaluate for genuinely useful new page,Cluster with an existing service page unless unique intent and enough factual content justify a new page,توسعة منهجية لعبارات المسار والخدمة؛ ليست حجم بحث موثق
915,P2,توصيل من كربلاء الى البحرين,AR,Systematic long-tail expansion,Commercial,كربلاء,البحرين,توصيل,كربلاء ← البحرين,/bahrain-saudi-gcc-transport/,No numeric ranking evidence supplied for this keyword,No exact phrase found; contextual coverage required,Cluster with an existing service page unless unique intent and enough factual content justify a new page,Medium; validate before publishing,Evaluate for genuinely useful new page,Cluster with an existing service page unless unique intent and enough factual content justify a new page,توسعة منهجية لعبارات المسار والخدمة؛ ليست حجم بحث موثق
916,P2,توصيل من مسقط إلى البحرين,AR,Systematic long-tail expansion,Commercial,مسقط,البحرين,توصيل,مسقط ← البحرين,/bahrain-saudi-gcc-transport/bahrain-to-oman/,GSC avg position 7.26; mainly informational traffic,Dedicated bilingual route page exists,Leave primary SEO fields and ranking content unchanged; add only small safe conversion support,High; protect existing winner,Protect,Leave primary SEO fields and ranking content unchanged; add only small safe conversion support,توسعة منهجية لعبارات المسار والخدمة؛ ليست حجم بحث موثق
917,P2,توصيل من مسقط الى البحرين,AR,Systematic long-tail expansion,Commercial,مسقط,البحرين,توصيل,مسقط ← البحرين,/bahrain-saudi-gcc-transport/bahrain-to-oman/,GSC avg position 7.26; mainly informational traffic,Dedicated bilingual route page exists,Leave primary SEO fields and ranking content unchanged; add only small safe conversion support,High; protect existing winner,Protect,Leave primary SEO fields and ranking content unchanged; add only small safe conversion support,توسعة منهجية لعبارات المسار والخدمة؛ ليست حجم بحث موثق
918,P2,توصيل من مطار البحرين للدمام,AR,Google Autocomplete — observed,Commercial,,,Observed wording,Route / service cluster,/bahrain-saudi-gcc-transport/,No numeric ranking evidence supplied for this keyword,No exact phrase found; contextual coverage required,Cluster with an existing service page unless unique intent and enough factual content justify a new page,Medium; validate before publishing,Evaluate for genuinely useful new page,Cluster with an existing service page unless unique intent and enough factual content justify a new page,Directly observed in Google Bahrain suggestions on 16 Sep 2026
919,P2,رقم سواق في البحرين,AR,Google Autocomplete — observed,Commercial,,,Observed wording,Route / service cluster,/bahrain-saudi-gcc-transport/,No numeric ranking evidence supplied for this keyword,No exact phrase found; contextual coverage required,Cluster with an existing service page unless unique intent and enough factual content justify a new page,Medium; validate before publishing,Evaluate for genuinely useful new page,Cluster with an existing service page unless unique intent and enough factual content justify a new page,Directly observed in Google Bahrain suggestions on 16 Sep 2026
920,P2,سائق خاص في البحرين,AR,Google Autocomplete — observed,Commercial,,,Observed wording,Route / service cluster,/bahrain-saudi-gcc-transport/,No numeric ranking evidence supplied for this keyword,Exact keyword phrase appears in existing site content,Cluster with an existing service page unless unique intent and enough factual content justify a new page,Medium; validate before publishing,Evaluate for genuinely useful new page,Cluster with an existing service page unless unique intent and enough factual content justify a new page,Directly observed in Google Bahrain suggestions on 16 Sep 2026
921,P2,سائق خاص من أبوظبي الى البحرين,AR,Systematic long-tail expansion,Commercial,أبوظبي,البحرين,سائق خاص,أبوظبي ← البحرين,/bahrain-saudi-gcc-transport/,No numeric ranking evidence supplied for this keyword,No exact phrase found; contextual coverage required,Cluster with an existing service page unless unique intent and enough factual content justify a new page,Medium; validate before publishing,Evaluate for genuinely useful new page,Cluster with an existing service page unless unique intent and enough factual content justify a new page,توسعة منهجية لعبارات المسار والخدمة؛ ليست حجم بحث موثق
922,P2,سائق خاص من البحرين الى أبوظبي,AR,Systematic long-tail expansion,Commercial,البحرين,أبوظبي,سائق خاص,البحرين ← أبوظبي,/bahrain-saudi-gcc-transport/,No numeric ranking evidence supplied for this keyword,No exact phrase found; contextual coverage required,Cluster with an existing service page unless unique intent and enough factual content justify a new page,Medium; validate before publishing,Evaluate for genuinely useful new page,Cluster with an existing service page unless unique intent and enough factual content justify a new page,توسعة منهجية لعبارات المسار والخدمة؛ ليست حجم بحث موثق
923,P2,سائق خاص من البحرين الى الخفجي,AR,Systematic long-tail expansion,Commercial,البحرين,الخفجي,سائق خاص,البحرين ← الخفجي,/bahrain-saudi-gcc-transport/,No numeric ranking evidence supplied for this keyword,No exact phrase found; contextual coverage required,Cluster with an existing service page unless unique intent and enough factual content justify a new page,Medium; validate before publishing,Evaluate for genuinely useful new page,Cluster with an existing service page unless unique intent and enough factual content justify a new page,توسعة منهجية لعبارات المسار والخدمة؛ ليست حجم بحث موثق
924,P2,سائق خاص من البحرين الى النجف,AR,Systematic long-tail expansion,Commercial,البحرين,النجف,سائق خاص,البحرين ← النجف,/bahrain-saudi-gcc-transport/,No numeric ranking evidence supplied for this keyword,No exact phrase found; contextual coverage required,Cluster with an existing service page unless unique intent and enough factual content justify a new page,Medium; validate before publishing,Evaluate for genuinely useful new page,Cluster with an existing service page unless unique intent and enough factual content justify a new page,توسعة منهجية لعبارات المسار والخدمة؛ ليست حجم بحث موثق
925,P2,سائق خاص من البحرين الى دبي,AR,Systematic long-tail expansion,Commercial,البحرين,دبي,سائق خاص,البحرين ← دبي,/bahrain-saudi-gcc-transport/dubai-to-bahrain/,GSC avg position 7.45; mainly informational traffic,Dedicated bilingual route page exists,Leave primary SEO fields and ranking content unchanged; add only small safe conversion support,High; protect existing winner,Protect,Leave primary SEO fields and ranking content unchanged; add only small safe conversion support,توسعة منهجية لعبارات المسار والخدمة؛ ليست حجم بحث موثق
926,P2,سائق خاص من البحرين الى كربلاء,AR,Systematic long-tail expansion,Commercial,البحرين,كربلاء,سائق خاص,البحرين ← كربلاء,/bahrain-saudi-gcc-transport/,No numeric ranking evidence supplied for this keyword,No exact phrase found; contextual coverage required,Cluster with an existing service page unless unique intent and enough factual content justify a new page,Medium; validate before publishing,Evaluate for genuinely useful new page,Cluster with an existing service page unless unique intent and enough factual content justify a new page,توسعة منهجية لعبارات المسار والخدمة؛ ليست حجم بحث موثق
927,P2,سائق خاص من البحرين الى مسقط,AR,Systematic long-tail expansion,Commercial,البحرين,مسقط,سائق خاص,البحرين ← مسقط,/bahrain-saudi-gcc-transport/oman-to-bahrain/,GSC avg position 7.26; mainly informational traffic,Dedicated bilingual route page exists,Leave primary SEO fields and ranking content unchanged; add only small safe conversion support,High; protect existing winner,Protect,Leave primary SEO fields and ranking content unchanged; add only small safe conversion support,توسعة منهجية لعبارات المسار والخدمة؛ ليست حجم بحث موثق
928,P2,سائق خاص من الخفجي الى البحرين,AR,Systematic long-tail expansion,Commercial,الخفجي,البحرين,سائق خاص,الخفجي ← البحرين,/bahrain-saudi-gcc-transport/,No numeric ranking evidence supplied for this keyword,No exact phrase found; contextual coverage required,Cluster with an existing service page unless unique intent and enough factual content justify a new page,Medium; validate before publishing,Evaluate for genuinely useful new page,Cluster with an existing service page unless unique intent and enough factual content justify a new page,توسعة منهجية لعبارات المسار والخدمة؛ ليست حجم بحث موثق
929,P2,سائق خاص من النجف الى البحرين,AR,Systematic long-tail expansion,Commercial,النجف,البحرين,سائق خاص,النجف ← البحرين,/bahrain-saudi-gcc-transport/,No numeric ranking evidence supplied for this keyword,No exact phrase found; contextual coverage required,Cluster with an existing service page unless unique intent and enough factual content justify a new page,Medium; validate before publishing,Evaluate for genuinely useful new page,Cluster with an existing service page unless unique intent and enough factual content justify a new page,توسعة منهجية لعبارات المسار والخدمة؛ ليست حجم بحث موثق
930,P2,سائق خاص من دبي الى البحرين,AR,Systematic long-tail expansion,Commercial,دبي,البحرين,سائق خاص,دبي ← البحرين,/bahrain-saudi-gcc-transport/bahrain-to-dubai/,GSC avg position 7.45; mainly informational traffic,Dedicated bilingual route page exists,Leave primary SEO fields and ranking content unchanged; add only small safe conversion support,High; protect existing winner,Protect,Leave primary SEO fields and ranking content unchanged; add only small safe conversion support,توسعة منهجية لعبارات المسار والخدمة؛ ليست حجم بحث موثق
931,P2,سائق خاص من كربلاء الى البحرين,AR,Systematic long-tail expansion,Commercial,كربلاء,البحرين,سائق خاص,كربلاء ← البحرين,/bahrain-saudi-gcc-transport/,No numeric ranking evidence supplied for this keyword,No exact phrase found; contextual coverage required,Cluster with an existing service page unless unique intent and enough factual content justify a new page,Medium; validate before publishing,Evaluate for genuinely useful new page,Cluster with an existing service page unless unique intent and enough factual content justify a new page,توسعة منهجية لعبارات المسار والخدمة؛ ليست حجم بحث موثق
932,P2,سائق خاص من مسقط الى البحرين,AR,Systematic long-tail expansion,Commercial,مسقط,البحرين,سائق خاص,مسقط ← البحرين,/bahrain-saudi-gcc-transport/bahrain-to-oman/,GSC avg position 7.26; mainly informational traffic,Dedicated bilingual route page exists,Leave primary SEO fields and ranking content unchanged; add only small safe conversion support,High; protect existing winner,Protect,Leave primary SEO fields and ranking content unchanged; add only small safe conversion support,توسعة منهجية لعبارات المسار والخدمة؛ ليست حجم بحث موثق
933,P2,سواق خاص باليوم البحرين,AR,Service-intent expansion,Commercial,Bahrain,,Full-day driver,Full-day driver,/bahrain-saudi-gcc-transport/,No numeric ranking evidence supplied for this keyword,No exact phrase found; contextual coverage required,Cluster with an existing service page unless unique intent and enough factual content justify a new page,Medium; validate before publishing,Evaluate for genuinely useful new page,Cluster with an existing service page unless unique intent and enough factual content justify a new page,Service-level opportunity; match only to supported services
934,P2,سواق خاص في البحرين,AR,Google Autocomplete — observed,Commercial,,,Observed wording,Route / service cluster,/bahrain-saudi-gcc-transport/,No numeric ranking evidence supplied for this keyword,No exact phrase found; contextual coverage required,Cluster with an existing service page unless unique intent and enough factual content justify a new page,Medium; validate before publishing,Evaluate for genuinely useful new page,Cluster with an existing service page unless unique intent and enough factual content justify a new page,Directly observed in Google Bahrain suggestions on 16 Sep 2026
935,P2,سواق من أبوظبي الى البحرين,AR,Systematic long-tail expansion,Commercial,أبوظبي,البحرين,سواق,أبوظبي ← البحرين,/bahrain-saudi-gcc-transport/,No numeric ranking evidence supplied for this keyword,No exact phrase found; contextual coverage required,Cluster with an existing service page unless unique intent and enough factual content justify a new page,Medium; validate before publishing,Evaluate for genuinely useful new page,Cluster with an existing service page unless unique intent and enough factual content justify a new page,توسعة منهجية لعبارات المسار والخدمة؛ ليست حجم بحث موثق
936,P2,سواق من البحرين الى أبوظبي,AR,Systematic long-tail expansion,Commercial,البحرين,أبوظبي,سواق,البحرين ← أبوظبي,/bahrain-saudi-gcc-transport/,No numeric ranking evidence supplied for this keyword,No exact phrase found; contextual coverage required,Cluster with an existing service page unless unique intent and enough factual content justify a new page,Medium; validate before publishing,Evaluate for genuinely useful new page,Cluster with an existing service page unless unique intent and enough factual content justify a new page,توسعة منهجية لعبارات المسار والخدمة؛ ليست حجم بحث موثق
937,P2,سواق من البحرين الى الخفجي,AR,Systematic long-tail expansion,Commercial,البحرين,الخفجي,سواق,البحرين ← الخفجي,/bahrain-saudi-gcc-transport/,No numeric ranking evidence supplied for this keyword,No exact phrase found; contextual coverage required,Cluster with an existing service page unless unique intent and enough factual content justify a new page,Medium; validate before publishing,Evaluate for genuinely useful new page,Cluster with an existing service page unless unique intent and enough factual content justify a new page,توسعة منهجية لعبارات المسار والخدمة؛ ليست حجم بحث موثق
938,P2,سواق من البحرين الى النجف,AR,Systematic long-tail expansion,Commercial,البحرين,النجف,سواق,البحرين ← النجف,/bahrain-saudi-gcc-transport/,No numeric ranking evidence supplied for this keyword,No exact phrase found; contextual coverage required,Cluster with an existing service page unless unique intent and enough factual content justify a new page,Medium; validate before publishing,Evaluate for genuinely useful new page,Cluster with an existing service page unless unique intent and enough factual content justify a new page,توسعة منهجية لعبارات المسار والخدمة؛ ليست حجم بحث موثق
939,P2,سواق من البحرين الى دبي,AR,Systematic long-tail expansion,Commercial,البحرين,دبي,سواق,البحرين ← دبي,/bahrain-saudi-gcc-transport/dubai-to-bahrain/,GSC avg position 7.45; mainly informational traffic,Dedicated bilingual route page exists,Leave primary SEO fields and ranking content unchanged; add only small safe conversion support,High; protect existing winner,Protect,Leave primary SEO fields and ranking content unchanged; add only small safe conversion support,توسعة منهجية لعبارات المسار والخدمة؛ ليست حجم بحث موثق
940,P2,سواق من البحرين الى كربلاء,AR,Systematic long-tail expansion,Commercial,البحرين,كربلاء,سواق,البحرين ← كربلاء,/bahrain-saudi-gcc-transport/,No numeric ranking evidence supplied for this keyword,No exact phrase found; contextual coverage required,Cluster with an existing service page unless unique intent and enough factual content justify a new page,Medium; validate before publishing,Evaluate for genuinely useful new page,Cluster with an existing service page unless unique intent and enough factual content justify a new page,توسعة منهجية لعبارات المسار والخدمة؛ ليست حجم بحث موثق
941,P2,سواق من البحرين الى مسقط,AR,Systematic long-tail expansion,Commercial,البحرين,مسقط,سواق,البحرين ← مسقط,/bahrain-saudi-gcc-transport/oman-to-bahrain/,GSC avg position 7.26; mainly informational traffic,Dedicated bilingual route page exists,Leave primary SEO fields and ranking content unchanged; add only small safe conversion support,High; protect existing winner,Protect,Leave primary SEO fields and ranking content unchanged; add only small safe conversion support,توسعة منهجية لعبارات المسار والخدمة؛ ليست حجم بحث موثق
942,P2,سواق من الخفجي الى البحرين,AR,Systematic long-tail expansion,Commercial,الخفجي,البحرين,سواق,الخفجي ← البحرين,/bahrain-saudi-gcc-transport/,No numeric ranking evidence supplied for this keyword,No exact phrase found; contextual coverage required,Cluster with an existing service page unless unique intent and enough factual content justify a new page,Medium; validate before publishing,Evaluate for genuinely useful new page,Cluster with an existing service page unless unique intent and enough factual content justify a new page,توسعة منهجية لعبارات المسار والخدمة؛ ليست حجم بحث موثق
943,P2,سواق من النجف الى البحرين,AR,Systematic long-tail expansion,Commercial,النجف,البحرين,سواق,النجف ← البحرين,/bahrain-saudi-gcc-transport/,No numeric ranking evidence supplied for this keyword,No exact phrase found; contextual coverage required,Cluster with an existing service page unless unique intent and enough factual content justify a new page,Medium; validate before publishing,Evaluate for genuinely useful new page,Cluster with an existing service page unless unique intent and enough factual content justify a new page,توسعة منهجية لعبارات المسار والخدمة؛ ليست حجم بحث موثق
944,P2,سواق من دبي الى البحرين,AR,Systematic long-tail expansion,Commercial,دبي,البحرين,سواق,دبي ← البحرين,/bahrain-saudi-gcc-transport/bahrain-to-dubai/,GSC avg position 7.45; mainly informational traffic,Dedicated bilingual route page exists,Leave primary SEO fields and ranking content unchanged; add only small safe conversion support,High; protect existing winner,Protect,Leave primary SEO fields and ranking content unchanged; add only small safe conversion support,توسعة منهجية لعبارات المسار والخدمة؛ ليست حجم بحث موثق
945,P2,سواق من كربلاء الى البحرين,AR,Systematic long-tail expansion,Commercial,كربلاء,البحرين,سواق,كربلاء ← البحرين,/bahrain-saudi-gcc-transport/,No numeric ranking evidence supplied for this keyword,No exact phrase found; contextual coverage required,Cluster with an existing service page unless unique intent and enough factual content justify a new page,Medium; validate before publishing,Evaluate for genuinely useful new page,Cluster with an existing service page unless unique intent and enough factual content justify a new page,توسعة منهجية لعبارات المسار والخدمة؛ ليست حجم بحث موثق
946,P2,سواق من مسقط الى البحرين,AR,Systematic long-tail expansion,Commercial,مسقط,البحرين,سواق,مسقط ← البحرين,/bahrain-saudi-gcc-transport/bahrain-to-oman/,GSC avg position 7.26; mainly informational traffic,Dedicated bilingual route page exists,Leave primary SEO fields and ranking content unchanged; add only small safe conversion support,High; protect existing winner,Protect,Leave primary SEO fields and ranking content unchanged; add only small safe conversion support,توسعة منهجية لعبارات المسار والخدمة؛ ليست حجم بحث موثق
947,P2,سواقين في البحرين,AR,Google Autocomplete — observed,Commercial,,,Observed wording,Route / service cluster,/bahrain-saudi-gcc-transport/,No numeric ranking evidence supplied for this keyword,No exact phrase found; contextual coverage required,Cluster with an existing service page unless unique intent and enough factual content justify a new page,Medium; validate before publishing,Evaluate for genuinely useful new page,Cluster with an existing service page unless unique intent and enough factual content justify a new page,Directly observed in Google Bahrain suggestions on 16 Sep 2026
948,P2,سيارة 7 ركاب من أبوظبي الى البحرين,AR,Systematic long-tail expansion,Commercial,أبوظبي,البحرين,عوائل,أبوظبي ← البحرين,/bahrain-saudi-gcc-transport/,No numeric ranking evidence supplied for this keyword,No exact phrase found; contextual coverage required,Cluster with an existing service page unless unique intent and enough factual content justify a new page,Medium; validate before publishing,Evaluate for genuinely useful new page,Cluster with an existing service page unless unique intent and enough factual content justify a new page,توسعة منهجية لعبارات المسار والخدمة؛ ليست حجم بحث موثق
949,P2,سيارة 7 ركاب من البحرين الى أبوظبي,AR,Systematic long-tail expansion,Commercial,البحرين,أبوظبي,عوائل,البحرين ← أبوظبي,/bahrain-saudi-gcc-transport/,No numeric ranking evidence supplied for this keyword,No exact phrase found; contextual coverage required,Cluster with an existing service page unless unique intent and enough factual content justify a new page,Medium; validate before publishing,Evaluate for genuinely useful new page,Cluster with an existing service page unless unique intent and enough factual content justify a new page,توسعة منهجية لعبارات المسار والخدمة؛ ليست حجم بحث موثق
950,P2,سيارة 7 ركاب من البحرين الى الخفجي,AR,Systematic long-tail expansion,Commercial,البحرين,الخفجي,عوائل,البحرين ← الخفجي,/bahrain-saudi-gcc-transport/,No numeric ranking evidence supplied for this keyword,No exact phrase found; contextual coverage required,Cluster with an existing service page unless unique intent and enough factual content justify a new page,Medium; validate before publishing,Evaluate for genuinely useful new page,Cluster with an existing service page unless unique intent and enough factual content justify a new page,توسعة منهجية لعبارات المسار والخدمة؛ ليست حجم بحث موثق
951,P2,سيارة 7 ركاب من البحرين الى النجف,AR,Systematic long-tail expansion,Commercial,البحرين,النجف,عوائل,البحرين ← النجف,/bahrain-saudi-gcc-transport/,No numeric ranking evidence supplied for this keyword,No exact phrase found; contextual coverage required,Cluster with an existing service page unless unique intent and enough factual content justify a new page,Medium; validate before publishing,Evaluate for genuinely useful new page,Cluster with an existing service page unless unique intent and enough factual content justify a new page,توسعة منهجية لعبارات المسار والخدمة؛ ليست حجم بحث موثق
952,P2,سيارة 7 ركاب من البحرين الى دبي,AR,Systematic long-tail expansion,Commercial,البحرين,دبي,عوائل,البحرين ← دبي,/bahrain-saudi-gcc-transport/dubai-to-bahrain/,GSC avg position 7.45; mainly informational traffic,Dedicated bilingual route page exists,Leave primary SEO fields and ranking content unchanged; add only small safe conversion support,High; protect existing winner,Protect,Leave primary SEO fields and ranking content unchanged; add only small safe conversion support,توسعة منهجية لعبارات المسار والخدمة؛ ليست حجم بحث موثق
953,P2,سيارة 7 ركاب من البحرين الى كربلاء,AR,Systematic long-tail expansion,Commercial,البحرين,كربلاء,عوائل,البحرين ← كربلاء,/bahrain-saudi-gcc-transport/,No numeric ranking evidence supplied for this keyword,No exact phrase found; contextual coverage required,Cluster with an existing service page unless unique intent and enough factual content justify a new page,Medium; validate before publishing,Evaluate for genuinely useful new page,Cluster with an existing service page unless unique intent and enough factual content justify a new page,توسعة منهجية لعبارات المسار والخدمة؛ ليست حجم بحث موثق
954,P2,سيارة 7 ركاب من البحرين الى مسقط,AR,Systematic long-tail expansion,Commercial,البحرين,مسقط,عوائل,البحرين ← مسقط,/bahrain-saudi-gcc-transport/oman-to-bahrain/,GSC avg position 7.26; mainly informational traffic,Dedicated bilingual route page exists,Leave primary SEO fields and ranking content unchanged; add only small safe conversion support,High; protect existing winner,Protect,Leave primary SEO fields and ranking content unchanged; add only small safe conversion support,توسعة منهجية لعبارات المسار والخدمة؛ ليست حجم بحث موثق
955,P2,سيارة 7 ركاب من الخفجي الى البحرين,AR,Systematic long-tail expansion,Commercial,الخفجي,البحرين,عوائل,الخفجي ← البحرين,/bahrain-saudi-gcc-transport/,No numeric ranking evidence supplied for this keyword,No exact phrase found; contextual coverage required,Cluster with an existing service page unless unique intent and enough factual content justify a new page,Medium; validate before publishing,Evaluate for genuinely useful new page,Cluster with an existing service page unless unique intent and enough factual content justify a new page,توسعة منهجية لعبارات المسار والخدمة؛ ليست حجم بحث موثق
956,P2,سيارة 7 ركاب من النجف الى البحرين,AR,Systematic long-tail expansion,Commercial,النجف,البحرين,عوائل,النجف ← البحرين,/bahrain-saudi-gcc-transport/,No numeric ranking evidence supplied for this keyword,No exact phrase found; contextual coverage required,Cluster with an existing service page unless unique intent and enough factual content justify a new page,Medium; validate before publishing,Evaluate for genuinely useful new page,Cluster with an existing service page unless unique intent and enough factual content justify a new page,توسعة منهجية لعبارات المسار والخدمة؛ ليست حجم بحث موثق
957,P2,سيارة 7 ركاب من دبي الى البحرين,AR,Systematic long-tail expansion,Commercial,دبي,البحرين,عوائل,دبي ← البحرين,/bahrain-saudi-gcc-transport/bahrain-to-dubai/,GSC avg position 7.45; mainly informational traffic,Dedicated bilingual route page exists,Leave primary SEO fields and ranking content unchanged; add only small safe conversion support,High; protect existing winner,Protect,Leave primary SEO fields and ranking content unchanged; add only small safe conversion support,توسعة منهجية لعبارات المسار والخدمة؛ ليست حجم بحث موثق
958,P2,سيارة 7 ركاب من كربلاء الى البحرين,AR,Systematic long-tail expansion,Commercial,كربلاء,البحرين,عوائل,كربلاء ← البحرين,/bahrain-saudi-gcc-transport/,No numeric ranking evidence supplied for this keyword,No exact phrase found; contextual coverage required,Cluster with an existing service page unless unique intent and enough factual content justify a new page,Medium; validate before publishing,Evaluate for genuinely useful new page,Cluster with an existing service page unless unique intent and enough factual content justify a new page,توسعة منهجية لعبارات المسار والخدمة؛ ليست حجم بحث موثق
959,P2,سيارة 7 ركاب من مسقط الى البحرين,AR,Systematic long-tail expansion,Commercial,مسقط,البحرين,عوائل,مسقط ← البحرين,/bahrain-saudi-gcc-transport/bahrain-to-oman/,GSC avg position 7.26; mainly informational traffic,Dedicated bilingual route page exists,Leave primary SEO fields and ranking content unchanged; add only small safe conversion support,High; protect existing winner,Protect,Leave primary SEO fields and ranking content unchanged; add only small safe conversion support,توسعة منهجية لعبارات المسار والخدمة؛ ليست حجم بحث موثق
960,P2,سيارة خاصة من أبوظبي الى البحرين,AR,Systematic long-tail expansion,Commercial,أبوظبي,البحرين,سيارة خاصة,أبوظبي ← البحرين,/bahrain-saudi-gcc-transport/,No numeric ranking evidence supplied for this keyword,No exact phrase found; contextual coverage required,Cluster with an existing service page unless unique intent and enough factual content justify a new page,Medium; validate before publishing,Evaluate for genuinely useful new page,Cluster with an existing service page unless unique intent and enough factual content justify a new page,توسعة منهجية لعبارات المسار والخدمة؛ ليست حجم بحث موثق
961,P2,سيارة خاصة من البحرين الى أبوظبي,AR,Systematic long-tail expansion,Commercial,البحرين,أبوظبي,سيارة خاصة,البحرين ← أبوظبي,/bahrain-saudi-gcc-transport/,No numeric ranking evidence supplied for this keyword,No exact phrase found; contextual coverage required,Cluster with an existing service page unless unique intent and enough factual content justify a new page,Medium; validate before publishing,Evaluate for genuinely useful new page,Cluster with an existing service page unless unique intent and enough factual content justify a new page,توسعة منهجية لعبارات المسار والخدمة؛ ليست حجم بحث موثق
962,P2,سيارة خاصة من البحرين الى الخفجي,AR,Systematic long-tail expansion,Commercial,البحرين,الخفجي,سيارة خاصة,البحرين ← الخفجي,/bahrain-saudi-gcc-transport/,No numeric ranking evidence supplied for this keyword,No exact phrase found; contextual coverage required,Cluster with an existing service page unless unique intent and enough factual content justify a new page,Medium; validate before publishing,Evaluate for genuinely useful new page,Cluster with an existing service page unless unique intent and enough factual content justify a new page,توسعة منهجية لعبارات المسار والخدمة؛ ليست حجم بحث موثق
963,P2,سيارة خاصة من البحرين الى النجف,AR,Systematic long-tail expansion,Commercial,البحرين,النجف,سيارة خاصة,البحرين ← النجف,/bahrain-saudi-gcc-transport/,No numeric ranking evidence supplied for this keyword,No exact phrase found; contextual coverage required,Cluster with an existing service page unless unique intent and enough factual content justify a new page,Medium; validate before publishing,Evaluate for genuinely useful new page,Cluster with an existing service page unless unique intent and enough factual content justify a new page,توسعة منهجية لعبارات المسار والخدمة؛ ليست حجم بحث موثق
964,P2,سيارة خاصة من البحرين الى دبي,AR,Systematic long-tail expansion,Commercial,البحرين,دبي,سيارة خاصة,البحرين ← دبي,/bahrain-saudi-gcc-transport/dubai-to-bahrain/,GSC avg position 7.45; mainly informational traffic,Dedicated bilingual route page exists,Leave primary SEO fields and ranking content unchanged; add only small safe conversion support,High; protect existing winner,Protect,Leave primary SEO fields and ranking content unchanged; add only small safe conversion support,توسعة منهجية لعبارات المسار والخدمة؛ ليست حجم بحث موثق
965,P2,سيارة خاصة من البحرين الى كربلاء,AR,Systematic long-tail expansion,Commercial,البحرين,كربلاء,سيارة خاصة,البحرين ← كربلاء,/bahrain-saudi-gcc-transport/,No numeric ranking evidence supplied for this keyword,No exact phrase found; contextual coverage required,Cluster with an existing service page unless unique intent and enough factual content justify a new page,Medium; validate before publishing,Evaluate for genuinely useful new page,Cluster with an existing service page unless unique intent and enough factual content justify a new page,توسعة منهجية لعبارات المسار والخدمة؛ ليست حجم بحث موثق
966,P2,سيارة خاصة من البحرين الى مسقط,AR,Systematic long-tail expansion,Commercial,البحرين,مسقط,سيارة خاصة,البحرين ← مسقط,/bahrain-saudi-gcc-transport/oman-to-bahrain/,GSC avg position 7.26; mainly informational traffic,Dedicated bilingual route page exists,Leave primary SEO fields and ranking content unchanged; add only small safe conversion support,High; protect existing winner,Protect,Leave primary SEO fields and ranking content unchanged; add only small safe conversion support,توسعة منهجية لعبارات المسار والخدمة؛ ليست حجم بحث موثق
967,P2,سيارة خاصة من الخفجي الى البحرين,AR,Systematic long-tail expansion,Commercial,الخفجي,البحرين,سيارة خاصة,الخفجي ← البحرين,/bahrain-saudi-gcc-transport/,No numeric ranking evidence supplied for this keyword,No exact phrase found; contextual coverage required,Cluster with an existing service page unless unique intent and enough factual content justify a new page,Medium; validate before publishing,Evaluate for genuinely useful new page,Cluster with an existing service page unless unique intent and enough factual content justify a new page,توسعة منهجية لعبارات المسار والخدمة؛ ليست حجم بحث موثق
968,P2,سيارة خاصة من النجف الى البحرين,AR,Systematic long-tail expansion,Commercial,النجف,البحرين,سيارة خاصة,النجف ← البحرين,/bahrain-saudi-gcc-transport/,No numeric ranking evidence supplied for this keyword,No exact phrase found; contextual coverage required,Cluster with an existing service page unless unique intent and enough factual content justify a new page,Medium; validate before publishing,Evaluate for genuinely useful new page,Cluster with an existing service page unless unique intent and enough factual content justify a new page,توسعة منهجية لعبارات المسار والخدمة؛ ليست حجم بحث موثق
969,P2,سيارة خاصة من دبي الى البحرين,AR,Systematic long-tail expansion,Commercial,دبي,البحرين,سيارة خاصة,دبي ← البحرين,/bahrain-saudi-gcc-transport/bahrain-to-dubai/,GSC avg position 7.45; mainly informational traffic,Dedicated bilingual route page exists,Leave primary SEO fields and ranking content unchanged; add only small safe conversion support,High; protect existing winner,Protect,Leave primary SEO fields and ranking content unchanged; add only small safe conversion support,توسعة منهجية لعبارات المسار والخدمة؛ ليست حجم بحث موثق
970,P2,سيارة خاصة من كربلاء الى البحرين,AR,Systematic long-tail expansion,Commercial,كربلاء,البحرين,سيارة خاصة,كربلاء ← البحرين,/bahrain-saudi-gcc-transport/,No numeric ranking evidence supplied for this keyword,No exact phrase found; contextual coverage required,Cluster with an existing service page unless unique intent and enough factual content justify a new page,Medium; validate before publishing,Evaluate for genuinely useful new page,Cluster with an existing service page unless unique intent and enough factual content justify a new page,توسعة منهجية لعبارات المسار والخدمة؛ ليست حجم بحث موثق
971,P2,سيارة خاصة من مسقط الى البحرين,AR,Systematic long-tail expansion,Commercial,مسقط,البحرين,سيارة خاصة,مسقط ← البحرين,/bahrain-saudi-gcc-transport/bahrain-to-oman/,GSC avg position 7.26; mainly informational traffic,Dedicated bilingual route page exists,Leave primary SEO fields and ranking content unchanged; add only small safe conversion support,High; protect existing winner,Protect,Leave primary SEO fields and ranking content unchanged; add only small safe conversion support,توسعة منهجية لعبارات المسار والخدمة؛ ليست حجم بحث موثق
972,P2,سيارة مع سائق البحرين,AR,Google Autocomplete — observed,Commercial,,,Observed wording,Route / service cluster,/bahrain-saudi-gcc-transport/,No numeric ranking evidence supplied for this keyword,No exact phrase found; contextual coverage required,Cluster with an existing service page unless unique intent and enough factual content justify a new page,Medium; validate before publishing,Evaluate for genuinely useful new page,Cluster with an existing service page unless unique intent and enough factual content justify a new page,Directly observed in Google Bahrain suggestions on 16 Sep 2026
973,P2,سيارة مع سائق في البحرين,AR,Google Autocomplete — observed,Commercial,,,Observed wording,Route / service cluster,/bahrain-saudi-gcc-transport/,No numeric ranking evidence supplied for this keyword,Exact keyword phrase appears in existing site content,Cluster with an existing service page unless unique intent and enough factual content justify a new page,Medium; validate before publishing,Evaluate for genuinely useful new page,Cluster with an existing service page unless unique intent and enough factual content justify a new page,Directly observed in Google Bahrain suggestions on 16 Sep 2026
974,P2,سيارة مع سائق من الإمارات الى البحرين,AR,GCC country-pair expansion,Commercial,الإمارات,البحرين,سائق خاص,الإمارات ← البحرين,/bahrain-saudi-gcc-transport/,No numeric ranking evidence supplied for this keyword,No exact phrase found; contextual coverage required,Cluster with an existing service page unless unique intent and enough factual content justify a new page,Medium; validate before publishing,Evaluate for genuinely useful new page,Cluster with an existing service page unless unique intent and enough factual content justify a new page,قائمة بحث شاملة؛ يجب التحقق من الجدوى قبل إنشاء صفحة
975,P2,سيارة مع سائق من البحرين الى الإمارات,AR,GCC country-pair expansion,Commercial,البحرين,الإمارات,سائق خاص,البحرين ← الإمارات,/bahrain-saudi-gcc-transport/,No numeric ranking evidence supplied for this keyword,No exact phrase found; contextual coverage required,Cluster with an existing service page unless unique intent and enough factual content justify a new page,Medium; validate before publishing,Evaluate for genuinely useful new page,Cluster with an existing service page unless unique intent and enough factual content justify a new page,قائمة بحث شاملة؛ يجب التحقق من الجدوى قبل إنشاء صفحة
976,P2,سيارة مع سائق من البحرين الى السعودية,AR,GCC country-pair expansion,Commercial,البحرين,السعودية,سائق خاص,البحرين ← السعودية,/bahrain-saudi-gcc-transport/,No numeric ranking evidence supplied for this keyword,No exact phrase found; contextual coverage required,Cluster with an existing service page unless unique intent and enough factual content justify a new page,Medium; validate before publishing,Evaluate for genuinely useful new page,Cluster with an existing service page unless unique intent and enough factual content justify a new page,قائمة بحث شاملة؛ يجب التحقق من الجدوى قبل إنشاء صفحة
977,P2,سيارة مع سائق من البحرين الى العراق,AR,GCC country-pair expansion,Commercial,البحرين,العراق,سائق خاص,البحرين ← العراق,/bahrain-saudi-gcc-transport/,No numeric ranking evidence supplied for this keyword,No exact phrase found; contextual coverage required,Cluster with an existing service page unless unique intent and enough factual content justify a new page,Medium; validate before publishing,Evaluate for genuinely useful new page,Cluster with an existing service page unless unique intent and enough factual content justify a new page,قائمة بحث شاملة؛ يجب التحقق من الجدوى قبل إنشاء صفحة
978,P2,سيارة مع سائق من البحرين الى الكويت,AR,GCC country-pair expansion,Commercial,البحرين,الكويت,سائق خاص,البحرين ← الكويت,/bahrain-saudi-gcc-transport/kuwait-to-bahrain/,GSC avg position 8.48; page-one winner with CTR opportunity,Dedicated bilingual route page exists,Leave primary SEO fields and ranking content unchanged; add only small safe conversion support,High; protect existing winner,Protect,Leave primary SEO fields and ranking content unchanged; add only small safe conversion support,قائمة بحث شاملة؛ يجب التحقق من الجدوى قبل إنشاء صفحة
979,P2,سيارة مع سائق من البحرين الى عمان,AR,GCC country-pair expansion,Commercial,البحرين,عمان,سائق خاص,البحرين ← عمان,/bahrain-saudi-gcc-transport/oman-to-bahrain/,GSC avg position 7.26; mainly informational traffic,Dedicated bilingual route page exists,Leave primary SEO fields and ranking content unchanged; add only small safe conversion support,High; protect existing winner,Protect,Leave primary SEO fields and ranking content unchanged; add only small safe conversion support,قائمة بحث شاملة؛ يجب التحقق من الجدوى قبل إنشاء صفحة
980,P2,سيارة مع سائق من البحرين الى قطر,AR,GCC country-pair expansion,Commercial,البحرين,قطر,سائق خاص,البحرين ← قطر,/bahrain-saudi-gcc-transport/qatar-to-bahrain/,GSC avg position 7.88; page-one winner,Dedicated bilingual route page exists,Leave primary SEO fields and ranking content unchanged; add only small safe conversion support,High; protect existing winner,Protect,Leave primary SEO fields and ranking content unchanged; add only small safe conversion support,قائمة بحث شاملة؛ يجب التحقق من الجدوى قبل إنشاء صفحة
981,P2,سيارة مع سائق من السعودية الى البحرين,AR,GCC country-pair expansion,Commercial,السعودية,البحرين,سائق خاص,السعودية ← البحرين,/bahrain-saudi-gcc-transport/,No numeric ranking evidence supplied for this keyword,No exact phrase found; contextual coverage required,Cluster with an existing service page unless unique intent and enough factual content justify a new page,Medium; validate before publishing,Evaluate for genuinely useful new page,Cluster with an existing service page unless unique intent and enough factual content justify a new page,قائمة بحث شاملة؛ يجب التحقق من الجدوى قبل إنشاء صفحة
982,P2,سيارة مع سائق من العراق الى البحرين,AR,GCC country-pair expansion,Commercial,العراق,البحرين,سائق خاص,العراق ← البحرين,/bahrain-saudi-gcc-transport/,No numeric ranking evidence supplied for this keyword,No exact phrase found; contextual coverage required,Cluster with an existing service page unless unique intent and enough factual content justify a new page,Medium; validate before publishing,Evaluate for genuinely useful new page,Cluster with an existing service page unless unique intent and enough factual content justify a new page,قائمة بحث شاملة؛ يجب التحقق من الجدوى قبل إنشاء صفحة
983,P2,سيارة مع سائق من الكويت الى البحرين,AR,GCC country-pair expansion,Commercial,الكويت,البحرين,سائق خاص,الكويت ← البحرين,/bahrain-saudi-gcc-transport/bahrain-to-kuwait/,GSC avg position 8.48; page-one winner with CTR opportunity,Dedicated bilingual route page exists,Leave primary SEO fields and ranking content unchanged; add only small safe conversion support,High; protect existing winner,Protect,Leave primary SEO fields and ranking content unchanged; add only small safe conversion support,قائمة بحث شاملة؛ يجب التحقق من الجدوى قبل إنشاء صفحة
984,P2,سيارة مع سائق من عمان الى البحرين,AR,GCC country-pair expansion,Commercial,عمان,البحرين,سائق خاص,عمان ← البحرين,/bahrain-saudi-gcc-transport/bahrain-to-oman/,GSC avg position 7.26; mainly informational traffic,Dedicated bilingual route page exists,Leave primary SEO fields and ranking content unchanged; add only small safe conversion support,High; protect existing winner,Protect,Leave primary SEO fields and ranking content unchanged; add only small safe conversion support,قائمة بحث شاملة؛ يجب التحقق من الجدوى قبل إنشاء صفحة
985,P2,سيارة مع سائق من قطر الى البحرين,AR,GCC country-pair expansion,Commercial,قطر,البحرين,سائق خاص,قطر ← البحرين,/bahrain-saudi-gcc-transport/bahrain-to-qatar/,GSC avg position 7.88; page-one winner,Dedicated bilingual route page exists,Leave primary SEO fields and ranking content unchanged; add only small safe conversion support,High; protect existing winner,Protect,Leave primary SEO fields and ranking content unchanged; add only small safe conversion support,قائمة بحث شاملة؛ يجب التحقق من الجدوى قبل إنشاء صفحة
986,P2,سيارة مع سائق يوم كامل البحرين,AR,Service-intent expansion,Commercial,Bahrain,,Full-day driver,Full-day driver,/bahrain-saudi-gcc-transport/,No numeric ranking evidence supplied for this keyword,No exact phrase found; contextual coverage required,Cluster with an existing service page unless unique intent and enough factual content justify a new page,Medium; validate before publishing,Evaluate for genuinely useful new page,Cluster with an existing service page unless unique intent and enough factual content justify a new page,Service-level opportunity; match only to supported services
987,P2,شركات توصيل دول الخليج,AR,Google Autocomplete — observed,Commercial,,,Observed wording,Route / service cluster,/bahrain-saudi-gcc-transport/,No numeric ranking evidence supplied for this keyword,No exact phrase found; contextual coverage required,Cluster with an existing service page unless unique intent and enough factual content justify a new page,Medium; validate before publishing,Evaluate for genuinely useful new page,Cluster with an existing service page unless unique intent and enough factual content justify a new page,Directly observed in Google Bahrain suggestions on 16 Sep 2026
988,P2,شركة توصيل دول الخليج,AR,Google Autocomplete — observed,Commercial,,,Observed wording,Route / service cluster,/bahrain-saudi-gcc-transport/,No numeric ranking evidence supplied for this keyword,No exact phrase found; contextual coverage required,Cluster with an existing service page unless unique intent and enough factual content justify a new page,Medium; validate before publishing,Evaluate for genuinely useful new page,Cluster with an existing service page unless unique intent and enough factual content justify a new page,Directly observed in Google Bahrain suggestions on 16 Sep 2026
989,P2,كم ساعة من أبوظبي الى البحرين,AR,Systematic long-tail expansion,Informational,أبوظبي,البحرين,مدة,أبوظبي ← البحرين,/bahrain-saudi-gcc-transport/,No numeric ranking evidence supplied for this keyword,No exact phrase found; contextual coverage required,Cluster with an existing service page unless unique intent and enough factual content justify a new page,Medium; validate before publishing,Evaluate for genuinely useful new page,Cluster with an existing service page unless unique intent and enough factual content justify a new page,توسعة منهجية لعبارات المسار والخدمة؛ ليست حجم بحث موثق
990,P2,كم ساعة من البحرين الى أبوظبي,AR,Systematic long-tail expansion,Informational,البحرين,أبوظبي,مدة,البحرين ← أبوظبي,/bahrain-saudi-gcc-transport/,No numeric ranking evidence supplied for this keyword,No exact phrase found; contextual coverage required,Cluster with an existing service page unless unique intent and enough factual content justify a new page,Medium; validate before publishing,Evaluate for genuinely useful new page,Cluster with an existing service page unless unique intent and enough factual content justify a new page,توسعة منهجية لعبارات المسار والخدمة؛ ليست حجم بحث موثق
991,P2,كم ساعة من البحرين الى الخفجي,AR,Systematic long-tail expansion,Informational,البحرين,الخفجي,مدة,البحرين ← الخفجي,/bahrain-saudi-gcc-transport/,No numeric ranking evidence supplied for this keyword,No exact phrase found; contextual coverage required,Cluster with an existing service page unless unique intent and enough factual content justify a new page,Medium; validate before publishing,Evaluate for genuinely useful new page,Cluster with an existing service page unless unique intent and enough factual content justify a new page,توسعة منهجية لعبارات المسار والخدمة؛ ليست حجم بحث موثق
992,P2,كم ساعة من البحرين الى النجف,AR,Systematic long-tail expansion,Informational,البحرين,النجف,مدة,البحرين ← النجف,/bahrain-saudi-gcc-transport/,No numeric ranking evidence supplied for this keyword,No exact phrase found; contextual coverage required,Cluster with an existing service page unless unique intent and enough factual content justify a new page,Medium; validate before publishing,Evaluate for genuinely useful new page,Cluster with an existing service page unless unique intent and enough factual content justify a new page,توسعة منهجية لعبارات المسار والخدمة؛ ليست حجم بحث موثق
993,P2,كم ساعة من البحرين الى دبي,AR,Systematic long-tail expansion,Informational,البحرين,دبي,مدة,البحرين ← دبي,/bahrain-saudi-gcc-transport/dubai-to-bahrain/,GSC avg position 7.45; mainly informational traffic,Dedicated bilingual route page exists,Leave primary SEO fields and ranking content unchanged; add only small safe conversion support,High; protect existing winner,Protect,Leave primary SEO fields and ranking content unchanged; add only small safe conversion support,توسعة منهجية لعبارات المسار والخدمة؛ ليست حجم بحث موثق
994,P2,كم ساعة من البحرين الى كربلاء,AR,Systematic long-tail expansion,Informational,البحرين,كربلاء,مدة,البحرين ← كربلاء,/bahrain-saudi-gcc-transport/,No numeric ranking evidence supplied for this keyword,No exact phrase found; contextual coverage required,Cluster with an existing service page unless unique intent and enough factual content justify a new page,Medium; validate before publishing,Evaluate for genuinely useful new page,Cluster with an existing service page unless unique intent and enough factual content justify a new page,توسعة منهجية لعبارات المسار والخدمة؛ ليست حجم بحث موثق
995,P2,كم ساعة من البحرين الى مسقط,AR,Systematic long-tail expansion,Informational,البحرين,مسقط,مدة,البحرين ← مسقط,/bahrain-saudi-gcc-transport/oman-to-bahrain/,GSC avg position 7.26; mainly informational traffic,Dedicated bilingual route page exists,Leave primary SEO fields and ranking content unchanged; add only small safe conversion support,High; protect existing winner,Protect,Leave primary SEO fields and ranking content unchanged; add only small safe conversion support,توسعة منهجية لعبارات المسار والخدمة؛ ليست حجم بحث موثق
996,P2,كم ساعة من الخفجي الى البحرين,AR,Systematic long-tail expansion,Informational,الخفجي,البحرين,مدة,الخفجي ← البحرين,/bahrain-saudi-gcc-transport/,No numeric ranking evidence supplied for this keyword,No exact phrase found; contextual coverage required,Cluster with an existing service page unless unique intent and enough factual content justify a new page,Medium; validate before publishing,Evaluate for genuinely useful new page,Cluster with an existing service page unless unique intent and enough factual content justify a new page,توسعة منهجية لعبارات المسار والخدمة؛ ليست حجم بحث موثق
997,P2,كم ساعة من النجف الى البحرين,AR,Systematic long-tail expansion,Informational,النجف,البحرين,مدة,النجف ← البحرين,/bahrain-saudi-gcc-transport/,No numeric ranking evidence supplied for this keyword,No exact phrase found; contextual coverage required,Cluster with an existing service page unless unique intent and enough factual content justify a new page,Medium; validate before publishing,Evaluate for genuinely useful new page,Cluster with an existing service page unless unique intent and enough factual content justify a new page,توسعة منهجية لعبارات المسار والخدمة؛ ليست حجم بحث موثق
998,P2,كم ساعة من دبي الى البحرين,AR,Systematic long-tail expansion,Informational,دبي,البحرين,مدة,دبي ← البحرين,/bahrain-saudi-gcc-transport/bahrain-to-dubai/,GSC avg position 7.45; mainly informational traffic,Dedicated bilingual route page exists,Leave primary SEO fields and ranking content unchanged; add only small safe conversion support,High; protect existing winner,Protect,Leave primary SEO fields and ranking content unchanged; add only small safe conversion support,توسعة منهجية لعبارات المسار والخدمة؛ ليست حجم بحث موثق
999,P2,كم ساعة من كربلاء الى البحرين,AR,Systematic long-tail expansion,Informational,كربلاء,البحرين,مدة,كربلاء ← البحرين,/bahrain-saudi-gcc-transport/,No numeric ranking evidence supplied for this keyword,No exact phrase found; contextual coverage required,Cluster with an existing service page unless unique intent and enough factual content justify a new page,Medium; validate before publishing,Evaluate for genuinely useful new page,Cluster with an existing service page unless unique intent and enough factual content justify a new page,توسعة منهجية لعبارات المسار والخدمة؛ ليست حجم بحث موثق
1000,P2,كم ساعة من مسقط الى البحرين,AR,Systematic long-tail expansion,Informational,مسقط,البحرين,مدة,مسقط ← البحرين,/bahrain-saudi-gcc-transport/bahrain-to-oman/,GSC avg position 7.26; mainly informational traffic,Dedicated bilingual route page exists,Leave primary SEO fields and ranking content unchanged; add only small safe conversion support,High; protect existing winner,Protect,Leave primary SEO fields and ranking content unchanged; add only small safe conversion support,توسعة منهجية لعبارات المسار والخدمة؛ ليست حجم بحث موثق
1001,P2,مشوار من أبوظبي الى البحرين,AR,Systematic long-tail expansion,Commercial,أبوظبي,البحرين,مشوار,أبوظبي ← البحرين,/bahrain-saudi-gcc-transport/,No numeric ranking evidence supplied for this keyword,No exact phrase found; contextual coverage required,Cluster with an existing service page unless unique intent and enough factual content justify a new page,Medium; validate before publishing,Evaluate for genuinely useful new page,Cluster with an existing service page unless unique intent and enough factual content justify a new page,توسعة منهجية لعبارات المسار والخدمة؛ ليست حجم بحث موثق
1002,P2,مشوار من البحرين الى أبوظبي,AR,Systematic long-tail expansion,Commercial,البحرين,أبوظبي,مشوار,البحرين ← أبوظبي,/bahrain-saudi-gcc-transport/,No numeric ranking evidence supplied for this keyword,No exact phrase found; contextual coverage required,Cluster with an existing service page unless unique intent and enough factual content justify a new page,Medium; validate before publishing,Evaluate for genuinely useful new page,Cluster with an existing service page unless unique intent and enough factual content justify a new page,توسعة منهجية لعبارات المسار والخدمة؛ ليست حجم بحث موثق
1003,P2,مشوار من البحرين الى الخفجي,AR,Systematic long-tail expansion,Commercial,البحرين,الخفجي,مشوار,البحرين ← الخفجي,/bahrain-saudi-gcc-transport/,No numeric ranking evidence supplied for this keyword,No exact phrase found; contextual coverage required,Cluster with an existing service page unless unique intent and enough factual content justify a new page,Medium; validate before publishing,Evaluate for genuinely useful new page,Cluster with an existing service page unless unique intent and enough factual content justify a new page,توسعة منهجية لعبارات المسار والخدمة؛ ليست حجم بحث موثق
1004,P2,مشوار من البحرين الى النجف,AR,Systematic long-tail expansion,Commercial,البحرين,النجف,مشوار,البحرين ← النجف,/bahrain-saudi-gcc-transport/,No numeric ranking evidence supplied for this keyword,No exact phrase found; contextual coverage required,Cluster with an existing service page unless unique intent and enough factual content justify a new page,Medium; validate before publishing,Evaluate for genuinely useful new page,Cluster with an existing service page unless unique intent and enough factual content justify a new page,توسعة منهجية لعبارات المسار والخدمة؛ ليست حجم بحث موثق
1005,P2,مشوار من البحرين الى دبي,AR,Systematic long-tail expansion,Commercial,البحرين,دبي,مشوار,البحرين ← دبي,/bahrain-saudi-gcc-transport/dubai-to-bahrain/,GSC avg position 7.45; mainly informational traffic,Dedicated bilingual route page exists,Leave primary SEO fields and ranking content unchanged; add only small safe conversion support,High; protect existing winner,Protect,Leave primary SEO fields and ranking content unchanged; add only small safe conversion support,توسعة منهجية لعبارات المسار والخدمة؛ ليست حجم بحث موثق
1006,P2,مشوار من البحرين الى كربلاء,AR,Systematic long-tail expansion,Commercial,البحرين,كربلاء,مشوار,البحرين ← كربلاء,/bahrain-saudi-gcc-transport/,No numeric ranking evidence supplied for this keyword,No exact phrase found; contextual coverage required,Cluster with an existing service page unless unique intent and enough factual content justify a new page,Medium; validate before publishing,Evaluate for genuinely useful new page,Cluster with an existing service page unless unique intent and enough factual content justify a new page,توسعة منهجية لعبارات المسار والخدمة؛ ليست حجم بحث موثق
1007,P2,مشوار من البحرين الى مسقط,AR,Systematic long-tail expansion,Commercial,البحرين,مسقط,مشوار,البحرين ← مسقط,/bahrain-saudi-gcc-transport/oman-to-bahrain/,GSC avg position 7.26; mainly informational traffic,Dedicated bilingual route page exists,Leave primary SEO fields and ranking content unchanged; add only small safe conversion support,High; protect existing winner,Protect,Leave primary SEO fields and ranking content unchanged; add only small safe conversion support,توسعة منهجية لعبارات المسار والخدمة؛ ليست حجم بحث موثق
1008,P2,مشوار من الخفجي الى البحرين,AR,Systematic long-tail expansion,Commercial,الخفجي,البحرين,مشوار,الخفجي ← البحرين,/bahrain-saudi-gcc-transport/,No numeric ranking evidence supplied for this keyword,No exact phrase found; contextual coverage required,Cluster with an existing service page unless unique intent and enough factual content justify a new page,Medium; validate before publishing,Evaluate for genuinely useful new page,Cluster with an existing service page unless unique intent and enough factual content justify a new page,توسعة منهجية لعبارات المسار والخدمة؛ ليست حجم بحث موثق
1009,P2,مشوار من النجف الى البحرين,AR,Systematic long-tail expansion,Commercial,النجف,البحرين,مشوار,النجف ← البحرين,/bahrain-saudi-gcc-transport/,No numeric ranking evidence supplied for this keyword,No exact phrase found; contextual coverage required,Cluster with an existing service page unless unique intent and enough factual content justify a new page,Medium; validate before publishing,Evaluate for genuinely useful new page,Cluster with an existing service page unless unique intent and enough factual content justify a new page,توسعة منهجية لعبارات المسار والخدمة؛ ليست حجم بحث موثق
1010,P2,مشوار من دبي الى البحرين,AR,Systematic long-tail expansion,Commercial,دبي,البحرين,مشوار,دبي ← البحرين,/bahrain-saudi-gcc-transport/bahrain-to-dubai/,GSC avg position 7.45; mainly informational traffic,Dedicated bilingual route page exists,Leave primary SEO fields and ranking content unchanged; add only small safe conversion support,High; protect existing winner,Protect,Leave primary SEO fields and ranking content unchanged; add only small safe conversion support,توسعة منهجية لعبارات المسار والخدمة؛ ليست حجم بحث موثق
1011,P2,مشوار من كربلاء الى البحرين,AR,Systematic long-tail expansion,Commercial,كربلاء,البحرين,مشوار,كربلاء ← البحرين,/bahrain-saudi-gcc-transport/,No numeric ranking evidence supplied for this keyword,No exact phrase found; contextual coverage required,Cluster with an existing service page unless unique intent and enough factual content justify a new page,Medium; validate before publishing,Evaluate for genuinely useful new page,Cluster with an existing service page unless unique intent and enough factual content justify a new page,توسعة منهجية لعبارات المسار والخدمة؛ ليست حجم بحث موثق
1012,P2,مشوار من مسقط الى البحرين,AR,Systematic long-tail expansion,Commercial,مسقط,البحرين,مشوار,مسقط ← البحرين,/bahrain-saudi-gcc-transport/bahrain-to-oman/,GSC avg position 7.26; mainly informational traffic,Dedicated bilingual route page exists,Leave primary SEO fields and ranking content unchanged; add only small safe conversion support,High; protect existing winner,Protect,Leave primary SEO fields and ranking content unchanged; add only small safe conversion support,توسعة منهجية لعبارات المسار والخدمة؛ ليست حجم بحث موثق
1013,P2,مندوب توصيل من أبوظبي الى البحرين,AR,Systematic long-tail expansion,Commercial,أبوظبي,البحرين,طرود صغيرة,أبوظبي ← البحرين,/bahrain-saudi-gcc-transport/,No numeric ranking evidence supplied for this keyword,No exact phrase found; contextual coverage required,Cluster with an existing service page unless unique intent and enough factual content justify a new page,Medium; validate before publishing,Evaluate for genuinely useful new page,Cluster with an existing service page unless unique intent and enough factual content justify a new page,توسعة منهجية لعبارات المسار والخدمة؛ ليست حجم بحث موثق
1014,P2,مندوب توصيل من البحرين الى أبوظبي,AR,Systematic long-tail expansion,Commercial,البحرين,أبوظبي,طرود صغيرة,البحرين ← أبوظبي,/bahrain-saudi-gcc-transport/,No numeric ranking evidence supplied for this keyword,No exact phrase found; contextual coverage required,Cluster with an existing service page unless unique intent and enough factual content justify a new page,Medium; validate before publishing,Evaluate for genuinely useful new page,Cluster with an existing service page unless unique intent and enough factual content justify a new page,توسعة منهجية لعبارات المسار والخدمة؛ ليست حجم بحث موثق
1015,P2,مندوب توصيل من البحرين الى الخفجي,AR,Systematic long-tail expansion,Commercial,البحرين,الخفجي,طرود صغيرة,البحرين ← الخفجي,/bahrain-saudi-gcc-transport/,No numeric ranking evidence supplied for this keyword,No exact phrase found; contextual coverage required,Cluster with an existing service page unless unique intent and enough factual content justify a new page,Medium; validate before publishing,Evaluate for genuinely useful new page,Cluster with an existing service page unless unique intent and enough factual content justify a new page,توسعة منهجية لعبارات المسار والخدمة؛ ليست حجم بحث موثق
1016,P2,مندوب توصيل من البحرين الى النجف,AR,Systematic long-tail expansion,Commercial,البحرين,النجف,طرود صغيرة,البحرين ← النجف,/bahrain-saudi-gcc-transport/,No numeric ranking evidence supplied for this keyword,No exact phrase found; contextual coverage required,Cluster with an existing service page unless unique intent and enough factual content justify a new page,Medium; validate before publishing,Evaluate for genuinely useful new page,Cluster with an existing service page unless unique intent and enough factual content justify a new page,توسعة منهجية لعبارات المسار والخدمة؛ ليست حجم بحث موثق
1017,P2,مندوب توصيل من البحرين الى دبي,AR,Systematic long-tail expansion,Commercial,البحرين,دبي,طرود صغيرة,البحرين ← دبي,/bahrain-saudi-gcc-transport/dubai-to-bahrain/,GSC avg position 7.45; mainly informational traffic,Dedicated bilingual route page exists,Leave primary SEO fields and ranking content unchanged; add only small safe conversion support,High; protect existing winner,Protect,Leave primary SEO fields and ranking content unchanged; add only small safe conversion support,توسعة منهجية لعبارات المسار والخدمة؛ ليست حجم بحث موثق
1018,P2,مندوب توصيل من البحرين الى كربلاء,AR,Systematic long-tail expansion,Commercial,البحرين,كربلاء,طرود صغيرة,البحرين ← كربلاء,/bahrain-saudi-gcc-transport/,No numeric ranking evidence supplied for this keyword,No exact phrase found; contextual coverage required,Cluster with an existing service page unless unique intent and enough factual content justify a new page,Medium; validate before publishing,Evaluate for genuinely useful new page,Cluster with an existing service page unless unique intent and enough factual content justify a new page,توسعة منهجية لعبارات المسار والخدمة؛ ليست حجم بحث موثق
1019,P2,مندوب توصيل من البحرين الى مسقط,AR,Systematic long-tail expansion,Commercial,البحرين,مسقط,طرود صغيرة,البحرين ← مسقط,/bahrain-saudi-gcc-transport/oman-to-bahrain/,GSC avg position 7.26; mainly informational traffic,Dedicated bilingual route page exists,Leave primary SEO fields and ranking content unchanged; add only small safe conversion support,High; protect existing winner,Protect,Leave primary SEO fields and ranking content unchanged; add only small safe conversion support,توسعة منهجية لعبارات المسار والخدمة؛ ليست حجم بحث موثق
1020,P2,مندوب توصيل من الخفجي الى البحرين,AR,Systematic long-tail expansion,Commercial,الخفجي,البحرين,طرود صغيرة,الخفجي ← البحرين,/bahrain-saudi-gcc-transport/,No numeric ranking evidence supplied for this keyword,No exact phrase found; contextual coverage required,Cluster with an existing service page unless unique intent and enough factual content justify a new page,Medium; validate before publishing,Evaluate for genuinely useful new page,Cluster with an existing service page unless unique intent and enough factual content justify a new page,توسعة منهجية لعبارات المسار والخدمة؛ ليست حجم بحث موثق
1021,P2,مندوب توصيل من النجف الى البحرين,AR,Systematic long-tail expansion,Commercial,النجف,البحرين,طرود صغيرة,النجف ← البحرين,/bahrain-saudi-gcc-transport/,No numeric ranking evidence supplied for this keyword,No exact phrase found; contextual coverage required,Cluster with an existing service page unless unique intent and enough factual content justify a new page,Medium; validate before publishing,Evaluate for genuinely useful new page,Cluster with an existing service page unless unique intent and enough factual content justify a new page,توسعة منهجية لعبارات المسار والخدمة؛ ليست حجم بحث موثق
1022,P2,مندوب توصيل من دبي الى البحرين,AR,Systematic long-tail expansion,Commercial,دبي,البحرين,طرود صغيرة,دبي ← البحرين,/bahrain-saudi-gcc-transport/bahrain-to-dubai/,GSC avg position 7.45; mainly informational traffic,Dedicated bilingual route page exists,Leave primary SEO fields and ranking content unchanged; add only small safe conversion support,High; protect existing winner,Protect,Leave primary SEO fields and ranking content unchanged; add only small safe conversion support,توسعة منهجية لعبارات المسار والخدمة؛ ليست حجم بحث موثق
1023,P2,مندوب توصيل من كربلاء الى البحرين,AR,Systematic long-tail expansion,Commercial,كربلاء,البحرين,طرود صغيرة,كربلاء ← البحرين,/bahrain-saudi-gcc-transport/,No numeric ranking evidence supplied for this keyword,No exact phrase found; contextual coverage required,Cluster with an existing service page unless unique intent and enough factual content justify a new page,Medium; validate before publishing,Evaluate for genuinely useful new page,Cluster with an existing service page unless unique intent and enough factual content justify a new page,توسعة منهجية لعبارات المسار والخدمة؛ ليست حجم بحث موثق
1024,P2,مندوب توصيل من مسقط الى البحرين,AR,Systematic long-tail expansion,Commercial,مسقط,البحرين,طرود صغيرة,مسقط ← البحرين,/bahrain-saudi-gcc-transport/bahrain-to-oman/,GSC avg position 7.26; mainly informational traffic,Dedicated bilingual route page exists,Leave primary SEO fields and ranking content unchanged; add only small safe conversion support,High; protect existing winner,Protect,Leave primary SEO fields and ranking content unchanged; add only small safe conversion support,توسعة منهجية لعبارات المسار والخدمة؛ ليست حجم بحث موثق
1025,P2,نقل خاص من الإمارات الى البحرين,AR,GCC country-pair expansion,Commercial,الإمارات,البحرين,نقل خاص,الإمارات ← البحرين,/bahrain-saudi-gcc-transport/,No numeric ranking evidence supplied for this keyword,No exact phrase found; contextual coverage required,Cluster with an existing service page unless unique intent and enough factual content justify a new page,Medium; validate before publishing,Evaluate for genuinely useful new page,Cluster with an existing service page unless unique intent and enough factual content justify a new page,قائمة بحث شاملة؛ يجب التحقق من الجدوى قبل إنشاء صفحة
1026,P2,نقل خاص من البحرين الى الإمارات,AR,GCC country-pair expansion,Commercial,البحرين,الإمارات,نقل خاص,البحرين ← الإمارات,/bahrain-saudi-gcc-transport/,No numeric ranking evidence supplied for this keyword,No exact phrase found; contextual coverage required,Cluster with an existing service page unless unique intent and enough factual content justify a new page,Medium; validate before publishing,Evaluate for genuinely useful new page,Cluster with an existing service page unless unique intent and enough factual content justify a new page,قائمة بحث شاملة؛ يجب التحقق من الجدوى قبل إنشاء صفحة
1027,P2,نقل خاص من البحرين الى السعودية,AR,GCC country-pair expansion,Commercial,البحرين,السعودية,نقل خاص,البحرين ← السعودية,/bahrain-saudi-gcc-transport/,No numeric ranking evidence supplied for this keyword,No exact phrase found; contextual coverage required,Cluster with an existing service page unless unique intent and enough factual content justify a new page,Medium; validate before publishing,Evaluate for genuinely useful new page,Cluster with an existing service page unless unique intent and enough factual content justify a new page,قائمة بحث شاملة؛ يجب التحقق من الجدوى قبل إنشاء صفحة
1028,P2,نقل خاص من البحرين الى العراق,AR,GCC country-pair expansion,Commercial,البحرين,العراق,نقل خاص,البحرين ← العراق,/bahrain-saudi-gcc-transport/,No numeric ranking evidence supplied for this keyword,No exact phrase found; contextual coverage required,Cluster with an existing service page unless unique intent and enough factual content justify a new page,Medium; validate before publishing,Evaluate for genuinely useful new page,Cluster with an existing service page unless unique intent and enough factual content justify a new page,قائمة بحث شاملة؛ يجب التحقق من الجدوى قبل إنشاء صفحة
1029,P2,نقل خاص من البحرين الى الكويت,AR,GCC country-pair expansion,Commercial,البحرين,الكويت,نقل خاص,البحرين ← الكويت,/bahrain-saudi-gcc-transport/kuwait-to-bahrain/,GSC avg position 8.48; page-one winner with CTR opportunity,Dedicated bilingual route page exists,Leave primary SEO fields and ranking content unchanged; add only small safe conversion support,High; protect existing winner,Protect,Leave primary SEO fields and ranking content unchanged; add only small safe conversion support,قائمة بحث شاملة؛ يجب التحقق من الجدوى قبل إنشاء صفحة
1030,P2,نقل خاص من البحرين الى عمان,AR,GCC country-pair expansion,Commercial,البحرين,عمان,نقل خاص,البحرين ← عمان,/bahrain-saudi-gcc-transport/oman-to-bahrain/,GSC avg position 7.26; mainly informational traffic,Dedicated bilingual route page exists,Leave primary SEO fields and ranking content unchanged; add only small safe conversion support,High; protect existing winner,Protect,Leave primary SEO fields and ranking content unchanged; add only small safe conversion support,قائمة بحث شاملة؛ يجب التحقق من الجدوى قبل إنشاء صفحة
1031,P2,نقل خاص من البحرين الى قطر,AR,GCC country-pair expansion,Commercial,البحرين,قطر,نقل خاص,البحرين ← قطر,/bahrain-saudi-gcc-transport/qatar-to-bahrain/,GSC avg position 7.88; page-one winner,Dedicated bilingual route page exists,Leave primary SEO fields and ranking content unchanged; add only small safe conversion support,High; protect existing winner,Protect,Leave primary SEO fields and ranking content unchanged; add only small safe conversion support,قائمة بحث شاملة؛ يجب التحقق من الجدوى قبل إنشاء صفحة
1032,P2,نقل خاص من السعودية الى البحرين,AR,GCC country-pair expansion,Commercial,السعودية,البحرين,نقل خاص,السعودية ← البحرين,/bahrain-saudi-gcc-transport/,No numeric ranking evidence supplied for this keyword,No exact phrase found; contextual coverage required,Cluster with an existing service page unless unique intent and enough factual content justify a new page,Medium; validate before publishing,Evaluate for genuinely useful new page,Cluster with an existing service page unless unique intent and enough factual content justify a new page,قائمة بحث شاملة؛ يجب التحقق من الجدوى قبل إنشاء صفحة
1033,P2,نقل خاص من العراق الى البحرين,AR,GCC country-pair expansion,Commercial,العراق,البحرين,نقل خاص,العراق ← البحرين,/bahrain-saudi-gcc-transport/,No numeric ranking evidence supplied for this keyword,No exact phrase found; contextual coverage required,Cluster with an existing service page unless unique intent and enough factual content justify a new page,Medium; validate before publishing,Evaluate for genuinely useful new page,Cluster with an existing service page unless unique intent and enough factual content justify a new page,قائمة بحث شاملة؛ يجب التحقق من الجدوى قبل إنشاء صفحة
1034,P2,نقل خاص من الكويت الى البحرين,AR,GCC country-pair expansion,Commercial,الكويت,البحرين,نقل خاص,الكويت ← البحرين,/bahrain-saudi-gcc-transport/bahrain-to-kuwait/,GSC avg position 8.48; page-one winner with CTR opportunity,Dedicated bilingual route page exists,Leave primary SEO fields and ranking content unchanged; add only small safe conversion support,High; protect existing winner,Protect,Leave primary SEO fields and ranking content unchanged; add only small safe conversion support,قائمة بحث شاملة؛ يجب التحقق من الجدوى قبل إنشاء صفحة
1035,P2,نقل خاص من عمان الى البحرين,AR,GCC country-pair expansion,Commercial,عمان,البحرين,نقل خاص,عمان ← البحرين,/bahrain-saudi-gcc-transport/bahrain-to-oman/,GSC avg position 7.26; mainly informational traffic,Dedicated bilingual route page exists,Leave primary SEO fields and ranking content unchanged; add only small safe conversion support,High; protect existing winner,Protect,Leave primary SEO fields and ranking content unchanged; add only small safe conversion support,قائمة بحث شاملة؛ يجب التحقق من الجدوى قبل إنشاء صفحة
1036,P2,نقل خاص من قطر الى البحرين,AR,GCC country-pair expansion,Commercial,قطر,البحرين,نقل خاص,قطر ← البحرين,/bahrain-saudi-gcc-transport/bahrain-to-qatar/,GSC avg position 7.88; page-one winner,Dedicated bilingual route page exists,Leave primary SEO fields and ranking content unchanged; add only small safe conversion support,High; protect existing winner,Protect,Leave primary SEO fields and ranking content unchanged; add only small safe conversion support,قائمة بحث شاملة؛ يجب التحقق من الجدوى قبل إنشاء صفحة
1037,P2,7 seater from Abu Dhabi to Bahrain,EN,Systematic long-tail expansion,Commercial,Abu Dhabi,Bahrain,Family/group,Abu Dhabi → Bahrain,/bahrain-saudi-gcc-transport/,No numeric ranking evidence supplied for this keyword,No exact phrase found; contextual coverage required,Cluster with an existing service page unless unique intent and enough factual content justify a new page,Medium; validate before publishing,Evaluate for genuinely useful new page,Cluster with an existing service page unless unique intent and enough factual content justify a new page,Generated from validated route + service pattern; verify before page creation
1038,P2,7 seater from Bahrain to Abu Dhabi,EN,Systematic long-tail expansion,Commercial,Bahrain,Abu Dhabi,Family/group,Bahrain → Abu Dhabi,/bahrain-saudi-gcc-transport/,No numeric ranking evidence supplied for this keyword,No exact phrase found; contextual coverage required,Cluster with an existing service page unless unique intent and enough factual content justify a new page,Medium; validate before publishing,Evaluate for genuinely useful new page,Cluster with an existing service page unless unique intent and enough factual content justify a new page,Generated from validated route + service pattern; verify before page creation
1039,P2,7 seater from Bahrain to Dubai,EN,Systematic long-tail expansion,Commercial,Bahrain,Dubai,Family/group,Bahrain → Dubai,/bahrain-saudi-gcc-transport/en/bahrain-to-dubai/,GSC avg position 7.45; mainly informational traffic,Dedicated bilingual route page exists,Leave primary SEO fields and ranking content unchanged; add only small safe conversion support,High; protect existing winner,Protect,Leave primary SEO fields and ranking content unchanged; add only small safe conversion support,Generated from validated route + service pattern; verify before page creation
1040,P2,7 seater from Bahrain to Karbala,EN,Systematic long-tail expansion,Commercial,Bahrain,Karbala,Family/group,Bahrain → Karbala,/bahrain-saudi-gcc-transport/,No numeric ranking evidence supplied for this keyword,No exact phrase found; contextual coverage required,Cluster with an existing service page unless unique intent and enough factual content justify a new page,Medium; validate before publishing,Evaluate for genuinely useful new page,Cluster with an existing service page unless unique intent and enough factual content justify a new page,Generated from validated route + service pattern; verify before page creation
1041,P2,7 seater from Bahrain to Khafji,EN,Systematic long-tail expansion,Commercial,Bahrain,Khafji,Family/group,Bahrain → Khafji,/bahrain-saudi-gcc-transport/,No numeric ranking evidence supplied for this keyword,No exact phrase found; contextual coverage required,Cluster with an existing service page unless unique intent and enough factual content justify a new page,Medium; validate before publishing,Evaluate for genuinely useful new page,Cluster with an existing service page unless unique intent and enough factual content justify a new page,Generated from validated route + service pattern; verify before page creation
1042,P2,7 seater from Bahrain to Muscat,EN,Systematic long-tail expansion,Commercial,Bahrain,Muscat,Family/group,Bahrain → Muscat,/bahrain-saudi-gcc-transport/en/bahrain-to-oman/,GSC avg position 7.26; mainly informational traffic,Dedicated bilingual route page exists,Leave primary SEO fields and ranking content unchanged; add only small safe conversion support,High; protect existing winner,Protect,Leave primary SEO fields and ranking content unchanged; add only small safe conversion support,Generated from validated route + service pattern; verify before page creation
1043,P2,7 seater from Bahrain to Najaf,EN,Systematic long-tail expansion,Commercial,Bahrain,Najaf,Family/group,Bahrain → Najaf,/bahrain-saudi-gcc-transport/,No numeric ranking evidence supplied for this keyword,No exact phrase found; contextual coverage required,Cluster with an existing service page unless unique intent and enough factual content justify a new page,Medium; validate before publishing,Evaluate for genuinely useful new page,Cluster with an existing service page unless unique intent and enough factual content justify a new page,Generated from validated route + service pattern; verify before page creation
1044,P2,7 seater from Dubai to Bahrain,EN,Systematic long-tail expansion,Commercial,Dubai,Bahrain,Family/group,Dubai → Bahrain,/bahrain-saudi-gcc-transport/en/dubai-to-bahrain/,GSC avg position 7.45; mainly informational traffic,Dedicated bilingual route page exists,Leave primary SEO fields and ranking content unchanged; add only small safe conversion support,High; protect existing winner,Protect,Leave primary SEO fields and ranking content unchanged; add only small safe conversion support,Generated from validated route + service pattern; verify before page creation
1045,P2,7 seater from Karbala to Bahrain,EN,Systematic long-tail expansion,Commercial,Karbala,Bahrain,Family/group,Karbala → Bahrain,/bahrain-saudi-gcc-transport/,No numeric ranking evidence supplied for this keyword,No exact phrase found; contextual coverage required,Cluster with an existing service page unless unique intent and enough factual content justify a new page,Medium; validate before publishing,Evaluate for genuinely useful new page,Cluster with an existing service page unless unique intent and enough factual content justify a new page,Generated from validated route + service pattern; verify before page creation
1046,P2,7 seater from Khafji to Bahrain,EN,Systematic long-tail expansion,Commercial,Khafji,Bahrain,Family/group,Khafji → Bahrain,/bahrain-saudi-gcc-transport/,No numeric ranking evidence supplied for this keyword,No exact phrase found; contextual coverage required,Cluster with an existing service page unless unique intent and enough factual content justify a new page,Medium; validate before publishing,Evaluate for genuinely useful new page,Cluster with an existing service page unless unique intent and enough factual content justify a new page,Generated from validated route + service pattern; verify before page creation
1047,P2,7 seater from Muscat to Bahrain,EN,Systematic long-tail expansion,Commercial,Muscat,Bahrain,Family/group,Muscat → Bahrain,/bahrain-saudi-gcc-transport/en/oman-to-bahrain/,GSC avg position 7.26; mainly informational traffic,Dedicated bilingual route page exists,Leave primary SEO fields and ranking content unchanged; add only small safe conversion support,High; protect existing winner,Protect,Leave primary SEO fields and ranking content unchanged; add only small safe conversion support,Generated from validated route + service pattern; verify before page creation
1048,P2,7 seater from Najaf to Bahrain,EN,Systematic long-tail expansion,Commercial,Najaf,Bahrain,Family/group,Najaf → Bahrain,/bahrain-saudi-gcc-transport/,No numeric ranking evidence supplied for this keyword,No exact phrase found; contextual coverage required,Cluster with an existing service page unless unique intent and enough factual content justify a new page,Medium; validate before publishing,Evaluate for genuinely useful new page,Cluster with an existing service page unless unique intent and enough factual content justify a new page,Generated from validated route + service pattern; verify before page creation
1049,P2,Abu Dhabi to Bahrain by car,EN,Systematic long-tail expansion,Informational,Abu Dhabi,Bahrain,Driving,Abu Dhabi → Bahrain,/bahrain-saudi-gcc-transport/,No numeric ranking evidence supplied for this keyword,No exact phrase found; contextual coverage required,Cluster with an existing service page unless unique intent and enough factual content justify a new page,Medium; validate before publishing,Evaluate for genuinely useful new page,Cluster with an existing service page unless unique intent and enough factual content justify a new page,Generated from validated route + service pattern; verify before page creation
1050,P2,Abu Dhabi to Bahrain distance by road,EN,Systematic long-tail expansion,Informational,Abu Dhabi,Bahrain,Distance,Abu Dhabi → Bahrain,/bahrain-saudi-gcc-transport/,No numeric ranking evidence supplied for this keyword,No exact phrase found; contextual coverage required,Cluster with an existing service page unless unique intent and enough factual content justify a new page,Medium; validate before publishing,Evaluate for genuinely useful new page,Cluster with an existing service page unless unique intent and enough factual content justify a new page,Generated from validated route + service pattern; verify before page creation
1051,P2,Abu Dhabi to Bahrain taxi price,EN,Systematic long-tail expansion,Price,Abu Dhabi,Bahrain,Pricing,Abu Dhabi → Bahrain,/bahrain-saudi-gcc-transport/,No numeric ranking evidence supplied for this keyword,No exact phrase found; contextual coverage required,Cluster with an existing service page unless unique intent and enough factual content justify a new page,Medium; validate before publishing,Evaluate for genuinely useful new page,Cluster with an existing service page unless unique intent and enough factual content justify a new page,Generated from validated route + service pattern; verify before page creation
1052,P2,Abu Dhabi to Bahrain transfer,EN,Systematic long-tail expansion,Commercial,Abu Dhabi,Bahrain,Transfer,Abu Dhabi → Bahrain,/bahrain-saudi-gcc-transport/,No numeric ranking evidence supplied for this keyword,No exact phrase found; contextual coverage required,Cluster with an existing service page unless unique intent and enough factual content justify a new page,Medium; validate before publishing,Evaluate for genuinely useful new page,Cluster with an existing service page unless unique intent and enough factual content justify a new page,Generated from validated route + service pattern; verify before page creation
1053,P2,Abu Dhabi to Bahrain transport,EN,Systematic long-tail expansion,Commercial,Abu Dhabi,Bahrain,Transport,Abu Dhabi → Bahrain,/bahrain-saudi-gcc-transport/,No numeric ranking evidence supplied for this keyword,No exact phrase found; contextual coverage required,Cluster with an existing service page unless unique intent and enough factual content justify a new page,Medium; validate before publishing,Evaluate for genuinely useful new page,Cluster with an existing service page unless unique intent and enough factual content justify a new page,Generated from validated route + service pattern; verify before page creation
1054,P2,bahrain chauffeur service,EN,Google Autocomplete — observed,Commercial,,,Observed wording,Route / service cluster,/bahrain-saudi-gcc-transport/,No numeric ranking evidence supplied for this keyword,No exact phrase found; contextual coverage required,Cluster with an existing service page unless unique intent and enough factual content justify a new page,Medium; validate before publishing,Evaluate for genuinely useful new page,Cluster with an existing service page unless unique intent and enough factual content justify a new page,Directly observed in Google Bahrain suggestions on 16 Sep 2026
1055,P2,bahrain limousine service,EN,Google Autocomplete — observed,Mixed,,,Observed wording,Route / service cluster,/bahrain-saudi-gcc-transport/,No numeric ranking evidence supplied for this keyword,No exact phrase found; contextual coverage required,Cluster with an existing service page unless unique intent and enough factual content justify a new page,Medium; validate before publishing,Evaluate for genuinely useful new page,Cluster with an existing service page unless unique intent and enough factual content justify a new page,Directly observed in Google Bahrain suggestions on 16 Sep 2026
1056,P2,Bahrain to Abu Dhabi by car,EN,Systematic long-tail expansion,Informational,Bahrain,Abu Dhabi,Driving,Bahrain → Abu Dhabi,/bahrain-saudi-gcc-transport/,No numeric ranking evidence supplied for this keyword,No exact phrase found; contextual coverage required,Cluster with an existing service page unless unique intent and enough factual content justify a new page,Medium; validate before publishing,Evaluate for genuinely useful new page,Cluster with an existing service page unless unique intent and enough factual content justify a new page,Generated from validated route + service pattern; verify before page creation
1057,P2,Bahrain to Abu Dhabi distance by road,EN,Systematic long-tail expansion,Informational,Bahrain,Abu Dhabi,Distance,Bahrain → Abu Dhabi,/bahrain-saudi-gcc-transport/,No numeric ranking evidence supplied for this keyword,No exact phrase found; contextual coverage required,Cluster with an existing service page unless unique intent and enough factual content justify a new page,Medium; validate before publishing,Evaluate for genuinely useful new page,Cluster with an existing service page unless unique intent and enough factual content justify a new page,Generated from validated route + service pattern; verify before page creation
1058,P2,Bahrain to Abu Dhabi taxi price,EN,Systematic long-tail expansion,Price,Bahrain,Abu Dhabi,Pricing,Bahrain → Abu Dhabi,/bahrain-saudi-gcc-transport/,No numeric ranking evidence supplied for this keyword,No exact phrase found; contextual coverage required,Cluster with an existing service page unless unique intent and enough factual content justify a new page,Medium; validate before publishing,Evaluate for genuinely useful new page,Cluster with an existing service page unless unique intent and enough factual content justify a new page,Generated from validated route + service pattern; verify before page creation
1059,P2,Bahrain to Abu Dhabi transfer,EN,Systematic long-tail expansion,Commercial,Bahrain,Abu Dhabi,Transfer,Bahrain → Abu Dhabi,/bahrain-saudi-gcc-transport/,No numeric ranking evidence supplied for this keyword,No exact phrase found; contextual coverage required,Cluster with an existing service page unless unique intent and enough factual content justify a new page,Medium; validate before publishing,Evaluate for genuinely useful new page,Cluster with an existing service page unless unique intent and enough factual content justify a new page,Generated from validated route + service pattern; verify before page creation
1060,P2,Bahrain to Abu Dhabi transport,EN,Systematic long-tail expansion,Commercial,Bahrain,Abu Dhabi,Transport,Bahrain → Abu Dhabi,/bahrain-saudi-gcc-transport/,No numeric ranking evidence supplied for this keyword,No exact phrase found; contextual coverage required,Cluster with an existing service page unless unique intent and enough factual content justify a new page,Medium; validate before publishing,Evaluate for genuinely useful new page,Cluster with an existing service page unless unique intent and enough factual content justify a new page,Generated from validated route + service pattern; verify before page creation
1061,P2,bahrain to dubai,EN,Google Autocomplete — observed,Mixed,,,Observed wording,Route / service cluster,/bahrain-saudi-gcc-transport/,GSC avg position 7.45; mainly informational traffic,Exact keyword phrase appears in existing site content,Leave primary SEO fields and ranking content unchanged; add only small safe conversion support,High; protect existing winner,Protect,Leave primary SEO fields and ranking content unchanged; add only small safe conversion support,Directly observed in Google Bahrain suggestions on 16 Sep 2026
1062,P2,Bahrain to Dubai by car,EN,Systematic long-tail expansion,Informational,Bahrain,Dubai,Driving,Bahrain → Dubai,/bahrain-saudi-gcc-transport/en/bahrain-to-dubai/,GSC avg position 7.45; mainly informational traffic,Dedicated bilingual route page exists,Leave primary SEO fields and ranking content unchanged; add only small safe conversion support,High; protect existing winner,Protect,Leave primary SEO fields and ranking content unchanged; add only small safe conversion support,Generated from validated route + service pattern; verify before page creation
1063,P2,bahrain to dubai by road,EN,Google Autocomplete — observed,Informational,,,Observed wording,Route / service cluster,/bahrain-saudi-gcc-transport/,GSC avg position 7.45; mainly informational traffic,No exact phrase found; contextual coverage required,Leave primary SEO fields and ranking content unchanged; add only small safe conversion support,High; protect existing winner,Protect,Leave primary SEO fields and ranking content unchanged; add only small safe conversion support,Directly observed in Google Bahrain suggestions on 16 Sep 2026
1064,P2,bahrain to dubai distance,EN,Google Autocomplete — observed,Informational,,,Observed wording,Route / service cluster,/bahrain-saudi-gcc-transport/,GSC avg position 7.45; mainly informational traffic,No exact phrase found; contextual coverage required,Leave primary SEO fields and ranking content unchanged; add only small safe conversion support,High; protect existing winner,Protect,Leave primary SEO fields and ranking content unchanged; add only small safe conversion support,Directly observed in Google Bahrain suggestions on 16 Sep 2026
1065,P2,bahrain to dubai distance by road,EN,Google Autocomplete — observed,Informational,,,Observed wording,Route / service cluster,/bahrain-saudi-gcc-transport/,GSC avg position 7.45; mainly informational traffic,No exact phrase found; contextual coverage required,Leave primary SEO fields and ranking content unchanged; add only small safe conversion support,High; protect existing winner,Protect,Leave primary SEO fields and ranking content unchanged; add only small safe conversion support,Directly observed in Google Bahrain suggestions on 16 Sep 2026
1066,P2,Bahrain to Dubai taxi price,EN,Systematic long-tail expansion,Price,Bahrain,Dubai,Pricing,Bahrain → Dubai,/bahrain-saudi-gcc-transport/en/bahrain-to-dubai/,GSC avg position 7.45; mainly informational traffic,Dedicated bilingual route page exists,Leave primary SEO fields and ranking content unchanged; add only small safe conversion support,High; protect existing winner,Protect,Leave primary SEO fields and ranking content unchanged; add only small safe conversion support,Generated from validated route + service pattern; verify before page creation
1067,P2,Bahrain to Dubai transfer,EN,Systematic long-tail expansion,Commercial,Bahrain,Dubai,Transfer,Bahrain → Dubai,/bahrain-saudi-gcc-transport/en/bahrain-to-dubai/,GSC avg position 7.45; mainly informational traffic,Dedicated bilingual route page exists,Leave primary SEO fields and ranking content unchanged; add only small safe conversion support,High; protect existing winner,Protect,Leave primary SEO fields and ranking content unchanged; add only small safe conversion support,Generated from validated route + service pattern; verify before page creation
1068,P2,Bahrain to Dubai transport,EN,Systematic long-tail expansion,Commercial,Bahrain,Dubai,Transport,Bahrain → Dubai,/bahrain-saudi-gcc-transport/en/bahrain-to-dubai/,GSC avg position 7.45; mainly informational traffic,Dedicated bilingual route page exists,Leave primary SEO fields and ranking content unchanged; add only small safe conversion support,High; protect existing winner,Protect,Leave primary SEO fields and ranking content unchanged; add only small safe conversion support,Generated from validated route + service pattern; verify before page creation
1069,P2,Bahrain to Iraq by road,EN,GCC country-pair expansion,Informational,Bahrain,Iraq,Driving,Bahrain → Iraq,/bahrain-saudi-gcc-transport/,No numeric ranking evidence supplied for this keyword,No exact phrase found; contextual coverage required,Cluster with an existing service page unless unique intent and enough factual content justify a new page,Medium; validate before publishing,Evaluate for genuinely useful new page,Cluster with an existing service page unless unique intent and enough factual content justify a new page,Research universe; validate commercial feasibility before publishing
1070,P2,Bahrain to Iraq transport,EN,GCC country-pair expansion,Commercial,Bahrain,Iraq,Transport,Bahrain → Iraq,/bahrain-saudi-gcc-transport/,No numeric ranking evidence supplied for this keyword,Exact keyword phrase appears in existing site content,Cluster with an existing service page unless unique intent and enough factual content justify a new page,Medium; validate before publishing,Evaluate for genuinely useful new page,Cluster with an existing service page unless unique intent and enough factual content justify a new page,Research universe; validate commercial feasibility before publishing
1071,P2,Bahrain to Karbala by car,EN,Systematic long-tail expansion,Informational,Bahrain,Karbala,Driving,Bahrain → Karbala,/bahrain-saudi-gcc-transport/,No numeric ranking evidence supplied for this keyword,No exact phrase found; contextual coverage required,Cluster with an existing service page unless unique intent and enough factual content justify a new page,Medium; validate before publishing,Evaluate for genuinely useful new page,Cluster with an existing service page unless unique intent and enough factual content justify a new page,Generated from validated route + service pattern; verify before page creation
1072,P2,Bahrain to Karbala distance by road,EN,Systematic long-tail expansion,Informational,Bahrain,Karbala,Distance,Bahrain → Karbala,/bahrain-saudi-gcc-transport/,No numeric ranking evidence supplied for this keyword,No exact phrase found; contextual coverage required,Cluster with an existing service page unless unique intent and enough factual content justify a new page,Medium; validate before publishing,Evaluate for genuinely useful new page,Cluster with an existing service page unless unique intent and enough factual content justify a new page,Generated from validated route + service pattern; verify before page creation
1073,P2,Bahrain to Karbala taxi price,EN,Systematic long-tail expansion,Price,Bahrain,Karbala,Pricing,Bahrain → Karbala,/bahrain-saudi-gcc-transport/,No numeric ranking evidence supplied for this keyword,No exact phrase found; contextual coverage required,Cluster with an existing service page unless unique intent and enough factual content justify a new page,Medium; validate before publishing,Evaluate for genuinely useful new page,Cluster with an existing service page unless unique intent and enough factual content justify a new page,Generated from validated route + service pattern; verify before page creation
1074,P2,Bahrain to Karbala transfer,EN,Systematic long-tail expansion,Commercial,Bahrain,Karbala,Transfer,Bahrain → Karbala,/bahrain-saudi-gcc-transport/,No numeric ranking evidence supplied for this keyword,No exact phrase found; contextual coverage required,Cluster with an existing service page unless unique intent and enough factual content justify a new page,Medium; validate before publishing,Evaluate for genuinely useful new page,Cluster with an existing service page unless unique intent and enough factual content justify a new page,Generated from validated route + service pattern; verify before page creation
1075,P2,Bahrain to Karbala transport,EN,Systematic long-tail expansion,Commercial,Bahrain,Karbala,Transport,Bahrain → Karbala,/bahrain-saudi-gcc-transport/,No numeric ranking evidence supplied for this keyword,Exact keyword phrase appears in existing site content,Cluster with an existing service page unless unique intent and enough factual content justify a new page,Medium; validate before publishing,Evaluate for genuinely useful new page,Cluster with an existing service page unless unique intent and enough factual content justify a new page,Generated from validated route + service pattern; verify before page creation
1076,P2,Bahrain to Khafji by car,EN,Systematic long-tail expansion,Informational,Bahrain,Khafji,Driving,Bahrain → Khafji,/bahrain-saudi-gcc-transport/,No numeric ranking evidence supplied for this keyword,No exact phrase found; contextual coverage required,Cluster with an existing service page unless unique intent and enough factual content justify a new page,Medium; validate before publishing,Evaluate for genuinely useful new page,Cluster with an existing service page unless unique intent and enough factual content justify a new page,Generated from validated route + service pattern; verify before page creation
1077,P2,Bahrain to Khafji distance by road,EN,Systematic long-tail expansion,Informational,Bahrain,Khafji,Distance,Bahrain → Khafji,/bahrain-saudi-gcc-transport/,No numeric ranking evidence supplied for this keyword,No exact phrase found; contextual coverage required,Cluster with an existing service page unless unique intent and enough factual content justify a new page,Medium; validate before publishing,Evaluate for genuinely useful new page,Cluster with an existing service page unless unique intent and enough factual content justify a new page,Generated from validated route + service pattern; verify before page creation
1078,P2,Bahrain to Khafji taxi price,EN,Systematic long-tail expansion,Price,Bahrain,Khafji,Pricing,Bahrain → Khafji,/bahrain-saudi-gcc-transport/,No numeric ranking evidence supplied for this keyword,No exact phrase found; contextual coverage required,Cluster with an existing service page unless unique intent and enough factual content justify a new page,Medium; validate before publishing,Evaluate for genuinely useful new page,Cluster with an existing service page unless unique intent and enough factual content justify a new page,Generated from validated route + service pattern; verify before page creation
1079,P2,Bahrain to Khafji transfer,EN,Systematic long-tail expansion,Commercial,Bahrain,Khafji,Transfer,Bahrain → Khafji,/bahrain-saudi-gcc-transport/,No numeric ranking evidence supplied for this keyword,No exact phrase found; contextual coverage required,Cluster with an existing service page unless unique intent and enough factual content justify a new page,Medium; validate before publishing,Evaluate for genuinely useful new page,Cluster with an existing service page unless unique intent and enough factual content justify a new page,Generated from validated route + service pattern; verify before page creation
1080,P2,Bahrain to Khafji transport,EN,Systematic long-tail expansion,Commercial,Bahrain,Khafji,Transport,Bahrain → Khafji,/bahrain-saudi-gcc-transport/,No numeric ranking evidence supplied for this keyword,No exact phrase found; contextual coverage required,Cluster with an existing service page unless unique intent and enough factual content justify a new page,Medium; validate before publishing,Evaluate for genuinely useful new page,Cluster with an existing service page unless unique intent and enough factual content justify a new page,Generated from validated route + service pattern; verify before page creation
1081,P2,bahrain to ksa taxi,EN,Google Autocomplete — observed,Commercial,,,Observed wording,Route / service cluster,/bahrain-saudi-gcc-transport/,No numeric ranking evidence supplied for this keyword,No exact phrase found; contextual coverage required,Cluster with an existing service page unless unique intent and enough factual content justify a new page,Medium; validate before publishing,Evaluate for genuinely useful new page,Cluster with an existing service page unless unique intent and enough factual content justify a new page,Directly observed in Google Bahrain suggestions on 16 Sep 2026
1082,P2,Bahrain to Kuwait transport,EN,GCC country-pair expansion,Commercial,Bahrain,Kuwait,Transport,Bahrain → Kuwait,/bahrain-saudi-gcc-transport/en/bahrain-to-kuwait/,GSC avg position 8.48; page-one winner with CTR opportunity,Dedicated bilingual route page exists,Leave primary SEO fields and ranking content unchanged; add only small safe conversion support,High; protect existing winner,Protect,Leave primary SEO fields and ranking content unchanged; add only small safe conversion support,Research universe; validate commercial feasibility before publishing
1083,P2,Bahrain to Muscat by car,EN,Systematic long-tail expansion,Informational,Bahrain,Muscat,Driving,Bahrain → Muscat,/bahrain-saudi-gcc-transport/en/bahrain-to-oman/,GSC avg position 7.26; mainly informational traffic,Dedicated bilingual route page exists,Leave primary SEO fields and ranking content unchanged; add only small safe conversion support,High; protect existing winner,Protect,Leave primary SEO fields and ranking content unchanged; add only small safe conversion support,Generated from validated route + service pattern; verify before page creation
1084,P2,Bahrain to Muscat distance by road,EN,Systematic long-tail expansion,Informational,Bahrain,Muscat,Distance,Bahrain → Muscat,/bahrain-saudi-gcc-transport/en/bahrain-to-oman/,GSC avg position 7.26; mainly informational traffic,Dedicated bilingual route page exists,Leave primary SEO fields and ranking content unchanged; add only small safe conversion support,High; protect existing winner,Protect,Leave primary SEO fields and ranking content unchanged; add only small safe conversion support,Generated from validated route + service pattern; verify before page creation
1085,P2,Bahrain to Muscat taxi price,EN,Systematic long-tail expansion,Price,Bahrain,Muscat,Pricing,Bahrain → Muscat,/bahrain-saudi-gcc-transport/en/bahrain-to-oman/,GSC avg position 7.26; mainly informational traffic,Dedicated bilingual route page exists,Leave primary SEO fields and ranking content unchanged; add only small safe conversion support,High; protect existing winner,Protect,Leave primary SEO fields and ranking content unchanged; add only small safe conversion support,Generated from validated route + service pattern; verify before page creation
1086,P2,Bahrain to Muscat transfer,EN,Systematic long-tail expansion,Commercial,Bahrain,Muscat,Transfer,Bahrain → Muscat,/bahrain-saudi-gcc-transport/en/bahrain-to-oman/,GSC avg position 7.26; mainly informational traffic,Dedicated bilingual route page exists,Leave primary SEO fields and ranking content unchanged; add only small safe conversion support,High; protect existing winner,Protect,Leave primary SEO fields and ranking content unchanged; add only small safe conversion support,Generated from validated route + service pattern; verify before page creation
1087,P2,Bahrain to Muscat transport,EN,Systematic long-tail expansion,Commercial,Bahrain,Muscat,Transport,Bahrain → Muscat,/bahrain-saudi-gcc-transport/en/bahrain-to-oman/,GSC avg position 7.26; mainly informational traffic,Dedicated bilingual route page exists,Leave primary SEO fields and ranking content unchanged; add only small safe conversion support,High; protect existing winner,Protect,Leave primary SEO fields and ranking content unchanged; add only small safe conversion support,Generated from validated route + service pattern; verify before page creation
1088,P2,Bahrain to Najaf by car,EN,Systematic long-tail expansion,Informational,Bahrain,Najaf,Driving,Bahrain → Najaf,/bahrain-saudi-gcc-transport/,No numeric ranking evidence supplied for this keyword,Exact keyword phrase appears in existing site content,Cluster with an existing service page unless unique intent and enough factual content justify a new page,Medium; validate before publishing,Evaluate for genuinely useful new page,Cluster with an existing service page unless unique intent and enough factual content justify a new page,Generated from validated route + service pattern; verify before page creation
1089,P2,Bahrain to Najaf distance by road,EN,Systematic long-tail expansion,Informational,Bahrain,Najaf,Distance,Bahrain → Najaf,/bahrain-saudi-gcc-transport/,No numeric ranking evidence supplied for this keyword,No exact phrase found; contextual coverage required,Cluster with an existing service page unless unique intent and enough factual content justify a new page,Medium; validate before publishing,Evaluate for genuinely useful new page,Cluster with an existing service page unless unique intent and enough factual content justify a new page,Generated from validated route + service pattern; verify before page creation
1090,P2,Bahrain to Najaf taxi price,EN,Systematic long-tail expansion,Price,Bahrain,Najaf,Pricing,Bahrain → Najaf,/bahrain-saudi-gcc-transport/,No numeric ranking evidence supplied for this keyword,No exact phrase found; contextual coverage required,Cluster with an existing service page unless unique intent and enough factual content justify a new page,Medium; validate before publishing,Evaluate for genuinely useful new page,Cluster with an existing service page unless unique intent and enough factual content justify a new page,Generated from validated route + service pattern; verify before page creation
1091,P2,Bahrain to Najaf transfer,EN,Systematic long-tail expansion,Commercial,Bahrain,Najaf,Transfer,Bahrain → Najaf,/bahrain-saudi-gcc-transport/,No numeric ranking evidence supplied for this keyword,No exact phrase found; contextual coverage required,Cluster with an existing service page unless unique intent and enough factual content justify a new page,Medium; validate before publishing,Evaluate for genuinely useful new page,Cluster with an existing service page unless unique intent and enough factual content justify a new page,Generated from validated route + service pattern; verify before page creation
1092,P2,Bahrain to Najaf transport,EN,Systematic long-tail expansion,Commercial,Bahrain,Najaf,Transport,Bahrain → Najaf,/bahrain-saudi-gcc-transport/,No numeric ranking evidence supplied for this keyword,Exact keyword phrase appears in existing site content,Cluster with an existing service page unless unique intent and enough factual content justify a new page,Medium; validate before publishing,Evaluate for genuinely useful new page,Cluster with an existing service page unless unique intent and enough factual content justify a new page,Generated from validated route + service pattern; verify before page creation
1093,P2,bahrain to oman,EN,Google Autocomplete — observed,Mixed,,,Observed wording,Route / service cluster,/bahrain-saudi-gcc-transport/,GSC avg position 7.26; mainly informational traffic,Exact keyword phrase appears in existing site content,Leave primary SEO fields and ranking content unchanged; add only small safe conversion support,High; protect existing winner,Protect,Leave primary SEO fields and ranking content unchanged; add only small safe conversion support,Directly observed in Google Bahrain suggestions on 16 Sep 2026
1094,P2,bahrain to oman by car,EN,Google Autocomplete — observed,Informational,,,Observed wording,Route / service cluster,/bahrain-saudi-gcc-transport/,GSC avg position 7.26; mainly informational traffic,No exact phrase found; contextual coverage required,Leave primary SEO fields and ranking content unchanged; add only small safe conversion support,High; protect existing winner,Protect,Leave primary SEO fields and ranking content unchanged; add only small safe conversion support,Directly observed in Google Bahrain suggestions on 16 Sep 2026
1095,P2,bahrain to oman by road,EN,Google Autocomplete — observed,Informational,,,Observed wording,Route / service cluster,/bahrain-saudi-gcc-transport/,GSC avg position 7.26; mainly informational traffic,No exact phrase found; contextual coverage required,Leave primary SEO fields and ranking content unchanged; add only small safe conversion support,High; protect existing winner,Protect,Leave primary SEO fields and ranking content unchanged; add only small safe conversion support,Directly observed in Google Bahrain suggestions on 16 Sep 2026
1096,P2,bahrain to oman distance,EN,Google Autocomplete — observed,Informational,,,Observed wording,Route / service cluster,/bahrain-saudi-gcc-transport/,GSC avg position 7.26; mainly informational traffic,No exact phrase found; contextual coverage required,Leave primary SEO fields and ranking content unchanged; add only small safe conversion support,High; protect existing winner,Protect,Leave primary SEO fields and ranking content unchanged; add only small safe conversion support,Directly observed in Google Bahrain suggestions on 16 Sep 2026
1097,P2,bahrain to oman salalah by road,EN,Google Autocomplete — observed,Informational,,,Observed wording,Route / service cluster,/bahrain-saudi-gcc-transport/,GSC avg position 7.26; mainly informational traffic,No exact phrase found; contextual coverage required,Leave primary SEO fields and ranking content unchanged; add only small safe conversion support,High; protect existing winner,Protect,Leave primary SEO fields and ranking content unchanged; add only small safe conversion support,Directly observed in Google Bahrain suggestions on 16 Sep 2026
1098,P2,Bahrain to Oman transport,EN,GCC country-pair expansion,Commercial,Bahrain,Oman,Transport,Bahrain → Oman,/bahrain-saudi-gcc-transport/en/bahrain-to-oman/,GSC avg position 7.26; mainly informational traffic,Dedicated bilingual route page exists,Leave primary SEO fields and ranking content unchanged; add only small safe conversion support,High; protect existing winner,Protect,Leave primary SEO fields and ranking content unchanged; add only small safe conversion support,Research universe; validate commercial feasibility before publishing
1099,P2,Bahrain to Qatar transport,EN,GCC country-pair expansion,Commercial,Bahrain,Qatar,Transport,Bahrain → Qatar,/bahrain-saudi-gcc-transport/en/bahrain-to-qatar/,GSC avg position 7.88; page-one winner,Dedicated bilingual route page exists,Leave primary SEO fields and ranking content unchanged; add only small safe conversion support,High; protect existing winner,Protect,Leave primary SEO fields and ranking content unchanged; add only small safe conversion support,Research universe; validate commercial feasibility before publishing
1100,P2,Bahrain to Saudi Arabia by road,EN,GCC country-pair expansion,Informational,Bahrain,Saudi Arabia,Driving,Bahrain → Saudi Arabia,/bahrain-saudi-gcc-transport/,No numeric ranking evidence supplied for this keyword,No exact phrase found; contextual coverage required,Cluster with an existing service page unless unique intent and enough factual content justify a new page,Medium; validate before publishing,Evaluate for genuinely useful new page,Cluster with an existing service page unless unique intent and enough factual content justify a new page,Research universe; validate commercial feasibility before publishing
1101,P2,Bahrain to Saudi Arabia transport,EN,GCC country-pair expansion,Commercial,Bahrain,Saudi Arabia,Transport,Bahrain → Saudi Arabia,/bahrain-saudi-gcc-transport/,No numeric ranking evidence supplied for this keyword,Exact keyword phrase appears in existing site content,Cluster with an existing service page unless unique intent and enough factual content justify a new page,Medium; validate before publishing,Evaluate for genuinely useful new page,Cluster with an existing service page unless unique intent and enough factual content justify a new page,Research universe; validate commercial feasibility before publishing
1102,P2,Bahrain to UAE by road,EN,GCC country-pair expansion,Informational,Bahrain,UAE,Driving,Bahrain → UAE,/bahrain-saudi-gcc-transport/,No numeric ranking evidence supplied for this keyword,No exact phrase found; contextual coverage required,Cluster with an existing service page unless unique intent and enough factual content justify a new page,Medium; validate before publishing,Evaluate for genuinely useful new page,Cluster with an existing service page unless unique intent and enough factual content justify a new page,Research universe; validate commercial feasibility before publishing
1103,P2,Bahrain to UAE transport,EN,GCC country-pair expansion,Commercial,Bahrain,UAE,Transport,Bahrain → UAE,/bahrain-saudi-gcc-transport/,No numeric ranking evidence supplied for this keyword,No exact phrase found; contextual coverage required,Cluster with an existing service page unless unique intent and enough factual content justify a new page,Medium; validate before publishing,Evaluate for genuinely useful new page,Cluster with an existing service page unless unique intent and enough factual content justify a new page,Research universe; validate commercial feasibility before publishing
1104,P2,business transfer from Abu Dhabi to Bahrain,EN,Systematic long-tail expansion,Commercial,Abu Dhabi,Bahrain,Corporate,Abu Dhabi → Bahrain,/bahrain-saudi-gcc-transport/,No numeric ranking evidence supplied for this keyword,No exact phrase found; contextual coverage required,Cluster with an existing service page unless unique intent and enough factual content justify a new page,Medium; validate before publishing,Evaluate for genuinely useful new page,Cluster with an existing service page unless unique intent and enough factual content justify a new page,Generated from validated route + service pattern; verify before page creation
1105,P2,business transfer from Bahrain to Abu Dhabi,EN,Systematic long-tail expansion,Commercial,Bahrain,Abu Dhabi,Corporate,Bahrain → Abu Dhabi,/bahrain-saudi-gcc-transport/,No numeric ranking evidence supplied for this keyword,No exact phrase found; contextual coverage required,Cluster with an existing service page unless unique intent and enough factual content justify a new page,Medium; validate before publishing,Evaluate for genuinely useful new page,Cluster with an existing service page unless unique intent and enough factual content justify a new page,Generated from validated route + service pattern; verify before page creation
1106,P2,business transfer from Bahrain to Dubai,EN,Systematic long-tail expansion,Commercial,Bahrain,Dubai,Corporate,Bahrain → Dubai,/bahrain-saudi-gcc-transport/en/bahrain-to-dubai/,GSC avg position 7.45; mainly informational traffic,Dedicated bilingual route page exists,Leave primary SEO fields and ranking content unchanged; add only small safe conversion support,High; protect existing winner,Protect,Leave primary SEO fields and ranking content unchanged; add only small safe conversion support,Generated from validated route + service pattern; verify before page creation
1107,P2,business transfer from Bahrain to Karbala,EN,Systematic long-tail expansion,Commercial,Bahrain,Karbala,Corporate,Bahrain → Karbala,/bahrain-saudi-gcc-transport/,No numeric ranking evidence supplied for this keyword,No exact phrase found; contextual coverage required,Cluster with an existing service page unless unique intent and enough factual content justify a new page,Medium; validate before publishing,Evaluate for genuinely useful new page,Cluster with an existing service page unless unique intent and enough factual content justify a new page,Generated from validated route + service pattern; verify before page creation
1108,P2,business transfer from Bahrain to Khafji,EN,Systematic long-tail expansion,Commercial,Bahrain,Khafji,Corporate,Bahrain → Khafji,/bahrain-saudi-gcc-transport/,No numeric ranking evidence supplied for this keyword,No exact phrase found; contextual coverage required,Cluster with an existing service page unless unique intent and enough factual content justify a new page,Medium; validate before publishing,Evaluate for genuinely useful new page,Cluster with an existing service page unless unique intent and enough factual content justify a new page,Generated from validated route + service pattern; verify before page creation
1109,P2,business transfer from Bahrain to Muscat,EN,Systematic long-tail expansion,Commercial,Bahrain,Muscat,Corporate,Bahrain → Muscat,/bahrain-saudi-gcc-transport/en/bahrain-to-oman/,GSC avg position 7.26; mainly informational traffic,Dedicated bilingual route page exists,Leave primary SEO fields and ranking content unchanged; add only small safe conversion support,High; protect existing winner,Protect,Leave primary SEO fields and ranking content unchanged; add only small safe conversion support,Generated from validated route + service pattern; verify before page creation
1110,P2,business transfer from Bahrain to Najaf,EN,Systematic long-tail expansion,Commercial,Bahrain,Najaf,Corporate,Bahrain → Najaf,/bahrain-saudi-gcc-transport/,No numeric ranking evidence supplied for this keyword,No exact phrase found; contextual coverage required,Cluster with an existing service page unless unique intent and enough factual content justify a new page,Medium; validate before publishing,Evaluate for genuinely useful new page,Cluster with an existing service page unless unique intent and enough factual content justify a new page,Generated from validated route + service pattern; verify before page creation
1111,P2,business transfer from Dubai to Bahrain,EN,Systematic long-tail expansion,Commercial,Dubai,Bahrain,Corporate,Dubai → Bahrain,/bahrain-saudi-gcc-transport/en/dubai-to-bahrain/,GSC avg position 7.45; mainly informational traffic,Dedicated bilingual route page exists,Leave primary SEO fields and ranking content unchanged; add only small safe conversion support,High; protect existing winner,Protect,Leave primary SEO fields and ranking content unchanged; add only small safe conversion support,Generated from validated route + service pattern; verify before page creation
1112,P2,business transfer from Karbala to Bahrain,EN,Systematic long-tail expansion,Commercial,Karbala,Bahrain,Corporate,Karbala → Bahrain,/bahrain-saudi-gcc-transport/,No numeric ranking evidence supplied for this keyword,No exact phrase found; contextual coverage required,Cluster with an existing service page unless unique intent and enough factual content justify a new page,Medium; validate before publishing,Evaluate for genuinely useful new page,Cluster with an existing service page unless unique intent and enough factual content justify a new page,Generated from validated route + service pattern; verify before page creation
1113,P2,business transfer from Khafji to Bahrain,EN,Systematic long-tail expansion,Commercial,Khafji,Bahrain,Corporate,Khafji → Bahrain,/bahrain-saudi-gcc-transport/,No numeric ranking evidence supplied for this keyword,No exact phrase found; contextual coverage required,Cluster with an existing service page unless unique intent and enough factual content justify a new page,Medium; validate before publishing,Evaluate for genuinely useful new page,Cluster with an existing service page unless unique intent and enough factual content justify a new page,Generated from validated route + service pattern; verify before page creation
1114,P2,business transfer from Muscat to Bahrain,EN,Systematic long-tail expansion,Commercial,Muscat,Bahrain,Corporate,Muscat → Bahrain,/bahrain-saudi-gcc-transport/en/oman-to-bahrain/,GSC avg position 7.26; mainly informational traffic,Dedicated bilingual route page exists,Leave primary SEO fields and ranking content unchanged; add only small safe conversion support,High; protect existing winner,Protect,Leave primary SEO fields and ranking content unchanged; add only small safe conversion support,Generated from validated route + service pattern; verify before page creation
1115,P2,business transfer from Najaf to Bahrain,EN,Systematic long-tail expansion,Commercial,Najaf,Bahrain,Corporate,Najaf → Bahrain,/bahrain-saudi-gcc-transport/,No numeric ranking evidence supplied for this keyword,No exact phrase found; contextual coverage required,Cluster with an existing service page unless unique intent and enough factual content justify a new page,Medium; validate before publishing,Evaluate for genuinely useful new page,Cluster with an existing service page unless unique intent and enough factual content justify a new page,Generated from validated route + service pattern; verify before page creation
1116,P2,chauffeur from Abu Dhabi to Bahrain,EN,Systematic long-tail expansion,Commercial,Abu Dhabi,Bahrain,Chauffeur,Abu Dhabi → Bahrain,/bahrain-saudi-gcc-transport/,No numeric ranking evidence supplied for this keyword,No exact phrase found; contextual coverage required,Cluster with an existing service page unless unique intent and enough factual content justify a new page,Medium; validate before publishing,Evaluate for genuinely useful new page,Cluster with an existing service page unless unique intent and enough factual content justify a new page,Generated from validated route + service pattern; verify before page creation
1117,P2,chauffeur from Bahrain to Abu Dhabi,EN,Systematic long-tail expansion,Commercial,Bahrain,Abu Dhabi,Chauffeur,Bahrain → Abu Dhabi,/bahrain-saudi-gcc-transport/,No numeric ranking evidence supplied for this keyword,Exact keyword phrase appears in existing site content,Cluster with an existing service page unless unique intent and enough factual content justify a new page,Medium; validate before publishing,Evaluate for genuinely useful new page,Cluster with an existing service page unless unique intent and enough factual content justify a new page,Generated from validated route + service pattern; verify before page creation
1118,P2,chauffeur from Bahrain to Dubai,EN,Systematic long-tail expansion,Commercial,Bahrain,Dubai,Chauffeur,Bahrain → Dubai,/bahrain-saudi-gcc-transport/en/bahrain-to-dubai/,GSC avg position 7.45; mainly informational traffic,Dedicated bilingual route page exists,Leave primary SEO fields and ranking content unchanged; add only small safe conversion support,High; protect existing winner,Protect,Leave primary SEO fields and ranking content unchanged; add only small safe conversion support,Generated from validated route + service pattern; verify before page creation
1119,P2,chauffeur from Bahrain to Karbala,EN,Systematic long-tail expansion,Commercial,Bahrain,Karbala,Chauffeur,Bahrain → Karbala,/bahrain-saudi-gcc-transport/,No numeric ranking evidence supplied for this keyword,No exact phrase found; contextual coverage required,Cluster with an existing service page unless unique intent and enough factual content justify a new page,Medium; validate before publishing,Evaluate for genuinely useful new page,Cluster with an existing service page unless unique intent and enough factual content justify a new page,Generated from validated route + service pattern; verify before page creation
1120,P2,chauffeur from Bahrain to Khafji,EN,Systematic long-tail expansion,Commercial,Bahrain,Khafji,Chauffeur,Bahrain → Khafji,/bahrain-saudi-gcc-transport/,No numeric ranking evidence supplied for this keyword,Exact keyword phrase appears in existing site content,Cluster with an existing service page unless unique intent and enough factual content justify a new page,Medium; validate before publishing,Evaluate for genuinely useful new page,Cluster with an existing service page unless unique intent and enough factual content justify a new page,Generated from validated route + service pattern; verify before page creation
1121,P2,chauffeur from Bahrain to Muscat,EN,Systematic long-tail expansion,Commercial,Bahrain,Muscat,Chauffeur,Bahrain → Muscat,/bahrain-saudi-gcc-transport/en/bahrain-to-oman/,GSC avg position 7.26; mainly informational traffic,Dedicated bilingual route page exists,Leave primary SEO fields and ranking content unchanged; add only small safe conversion support,High; protect existing winner,Protect,Leave primary SEO fields and ranking content unchanged; add only small safe conversion support,Generated from validated route + service pattern; verify before page creation
1122,P2,chauffeur from Bahrain to Najaf,EN,Systematic long-tail expansion,Commercial,Bahrain,Najaf,Chauffeur,Bahrain → Najaf,/bahrain-saudi-gcc-transport/,No numeric ranking evidence supplied for this keyword,No exact phrase found; contextual coverage required,Cluster with an existing service page unless unique intent and enough factual content justify a new page,Medium; validate before publishing,Evaluate for genuinely useful new page,Cluster with an existing service page unless unique intent and enough factual content justify a new page,Generated from validated route + service pattern; verify before page creation
1123,P2,chauffeur from Dubai to Bahrain,EN,Systematic long-tail expansion,Commercial,Dubai,Bahrain,Chauffeur,Dubai → Bahrain,/bahrain-saudi-gcc-transport/en/dubai-to-bahrain/,GSC avg position 7.45; mainly informational traffic,Dedicated bilingual route page exists,Leave primary SEO fields and ranking content unchanged; add only small safe conversion support,High; protect existing winner,Protect,Leave primary SEO fields and ranking content unchanged; add only small safe conversion support,Generated from validated route + service pattern; verify before page creation
1124,P2,chauffeur from Karbala to Bahrain,EN,Systematic long-tail expansion,Commercial,Karbala,Bahrain,Chauffeur,Karbala → Bahrain,/bahrain-saudi-gcc-transport/,No numeric ranking evidence supplied for this keyword,No exact phrase found; contextual coverage required,Cluster with an existing service page unless unique intent and enough factual content justify a new page,Medium; validate before publishing,Evaluate for genuinely useful new page,Cluster with an existing service page unless unique intent and enough factual content justify a new page,Generated from validated route + service pattern; verify before page creation
1125,P2,chauffeur from Khafji to Bahrain,EN,Systematic long-tail expansion,Commercial,Khafji,Bahrain,Chauffeur,Khafji → Bahrain,/bahrain-saudi-gcc-transport/,No numeric ranking evidence supplied for this keyword,No exact phrase found; contextual coverage required,Cluster with an existing service page unless unique intent and enough factual content justify a new page,Medium; validate before publishing,Evaluate for genuinely useful new page,Cluster with an existing service page unless unique intent and enough factual content justify a new page,Generated from validated route + service pattern; verify before page creation
1126,P2,chauffeur from Muscat to Bahrain,EN,Systematic long-tail expansion,Commercial,Muscat,Bahrain,Chauffeur,Muscat → Bahrain,/bahrain-saudi-gcc-transport/en/oman-to-bahrain/,GSC avg position 7.26; mainly informational traffic,Dedicated bilingual route page exists,Leave primary SEO fields and ranking content unchanged; add only small safe conversion support,High; protect existing winner,Protect,Leave primary SEO fields and ranking content unchanged; add only small safe conversion support,Generated from validated route + service pattern; verify before page creation
1127,P2,chauffeur from Najaf to Bahrain,EN,Systematic long-tail expansion,Commercial,Najaf,Bahrain,Chauffeur,Najaf → Bahrain,/bahrain-saudi-gcc-transport/,No numeric ranking evidence supplied for this keyword,No exact phrase found; contextual coverage required,Cluster with an existing service page unless unique intent and enough factual content justify a new page,Medium; validate before publishing,Evaluate for genuinely useful new page,Cluster with an existing service page unless unique intent and enough factual content justify a new page,Generated from validated route + service pattern; verify before page creation
1128,P2,driver from Abu Dhabi to Bahrain,EN,Systematic long-tail expansion,Commercial,Abu Dhabi,Bahrain,Private driver,Abu Dhabi → Bahrain,/bahrain-saudi-gcc-transport/,No numeric ranking evidence supplied for this keyword,No exact phrase found; contextual coverage required,Cluster with an existing service page unless unique intent and enough factual content justify a new page,Medium; validate before publishing,Evaluate for genuinely useful new page,Cluster with an existing service page unless unique intent and enough factual content justify a new page,Generated from validated route + service pattern; verify before page creation
1129,P2,driver from Bahrain to Abu Dhabi,EN,Systematic long-tail expansion,Commercial,Bahrain,Abu Dhabi,Private driver,Bahrain → Abu Dhabi,/bahrain-saudi-gcc-transport/,No numeric ranking evidence supplied for this keyword,No exact phrase found; contextual coverage required,Cluster with an existing service page unless unique intent and enough factual content justify a new page,Medium; validate before publishing,Evaluate for genuinely useful new page,Cluster with an existing service page unless unique intent and enough factual content justify a new page,Generated from validated route + service pattern; verify before page creation
1130,P2,driver from Bahrain to Dubai,EN,Systematic long-tail expansion,Commercial,Bahrain,Dubai,Private driver,Bahrain → Dubai,/bahrain-saudi-gcc-transport/en/bahrain-to-dubai/,GSC avg position 7.45; mainly informational traffic,Dedicated bilingual route page exists,Leave primary SEO fields and ranking content unchanged; add only small safe conversion support,High; protect existing winner,Protect,Leave primary SEO fields and ranking content unchanged; add only small safe conversion support,Generated from validated route + service pattern; verify before page creation
1131,P2,driver from Bahrain to Iraq,EN,GCC country-pair expansion,Commercial,Bahrain,Iraq,Private driver,Bahrain → Iraq,/bahrain-saudi-gcc-transport/,No numeric ranking evidence supplied for this keyword,No exact phrase found; contextual coverage required,Cluster with an existing service page unless unique intent and enough factual content justify a new page,Medium; validate before publishing,Evaluate for genuinely useful new page,Cluster with an existing service page unless unique intent and enough factual content justify a new page,Research universe; validate commercial feasibility before publishing
1132,P2,driver from Bahrain to Karbala,EN,Systematic long-tail expansion,Commercial,Bahrain,Karbala,Private driver,Bahrain → Karbala,/bahrain-saudi-gcc-transport/,No numeric ranking evidence supplied for this keyword,No exact phrase found; contextual coverage required,Cluster with an existing service page unless unique intent and enough factual content justify a new page,Medium; validate before publishing,Evaluate for genuinely useful new page,Cluster with an existing service page unless unique intent and enough factual content justify a new page,Generated from validated route + service pattern; verify before page creation
1133,P2,driver from Bahrain to Khafji,EN,Systematic long-tail expansion,Commercial,Bahrain,Khafji,Private driver,Bahrain → Khafji,/bahrain-saudi-gcc-transport/,No numeric ranking evidence supplied for this keyword,No exact phrase found; contextual coverage required,Cluster with an existing service page unless unique intent and enough factual content justify a new page,Medium; validate before publishing,Evaluate for genuinely useful new page,Cluster with an existing service page unless unique intent and enough factual content justify a new page,Generated from validated route + service pattern; verify before page creation
1134,P2,driver from Bahrain to Kuwait,EN,GCC country-pair expansion,Commercial,Bahrain,Kuwait,Private driver,Bahrain → Kuwait,/bahrain-saudi-gcc-transport/en/bahrain-to-kuwait/,GSC avg position 8.48; page-one winner with CTR opportunity,Dedicated bilingual route page exists,Leave primary SEO fields and ranking content unchanged; add only small safe conversion support,High; protect existing winner,Protect,Leave primary SEO fields and ranking content unchanged; add only small safe conversion support,Research universe; validate commercial feasibility before publishing
1135,P2,driver from Bahrain to Muscat,EN,Systematic long-tail expansion,Commercial,Bahrain,Muscat,Private driver,Bahrain → Muscat,/bahrain-saudi-gcc-transport/en/bahrain-to-oman/,GSC avg position 7.26; mainly informational traffic,Dedicated bilingual route page exists,Leave primary SEO fields and ranking content unchanged; add only small safe conversion support,High; protect existing winner,Protect,Leave primary SEO fields and ranking content unchanged; add only small safe conversion support,Generated from validated route + service pattern; verify before page creation
1136,P2,driver from Bahrain to Najaf,EN,Systematic long-tail expansion,Commercial,Bahrain,Najaf,Private driver,Bahrain → Najaf,/bahrain-saudi-gcc-transport/,No numeric ranking evidence supplied for this keyword,No exact phrase found; contextual coverage required,Cluster with an existing service page unless unique intent and enough factual content justify a new page,Medium; validate before publishing,Evaluate for genuinely useful new page,Cluster with an existing service page unless unique intent and enough factual content justify a new page,Generated from validated route + service pattern; verify before page creation
1137,P2,driver from Bahrain to Oman,EN,GCC country-pair expansion,Commercial,Bahrain,Oman,Private driver,Bahrain → Oman,/bahrain-saudi-gcc-transport/en/bahrain-to-oman/,GSC avg position 7.26; mainly informational traffic,Dedicated bilingual route page exists,Leave primary SEO fields and ranking content unchanged; add only small safe conversion support,High; protect existing winner,Protect,Leave primary SEO fields and ranking content unchanged; add only small safe conversion support,Research universe; validate commercial feasibility before publishing
1138,P2,driver from Bahrain to Qatar,EN,GCC country-pair expansion,Commercial,Bahrain,Qatar,Private driver,Bahrain → Qatar,/bahrain-saudi-gcc-transport/en/bahrain-to-qatar/,GSC avg position 7.88; page-one winner,Dedicated bilingual route page exists,Leave primary SEO fields and ranking content unchanged; add only small safe conversion support,High; protect existing winner,Protect,Leave primary SEO fields and ranking content unchanged; add only small safe conversion support,Research universe; validate commercial feasibility before publishing
1139,P2,driver from Bahrain to Saudi Arabia,EN,GCC country-pair expansion,Commercial,Bahrain,Saudi Arabia,Private driver,Bahrain → Saudi Arabia,/bahrain-saudi-gcc-transport/,No numeric ranking evidence supplied for this keyword,Exact keyword phrase appears in existing site content,Cluster with an existing service page unless unique intent and enough factual content justify a new page,Medium; validate before publishing,Evaluate for genuinely useful new page,Cluster with an existing service page unless unique intent and enough factual content justify a new page,Research universe; validate commercial feasibility before publishing
1140,P2,driver from Bahrain to UAE,EN,GCC country-pair expansion,Commercial,Bahrain,UAE,Private driver,Bahrain → UAE,/bahrain-saudi-gcc-transport/,No numeric ranking evidence supplied for this keyword,No exact phrase found; contextual coverage required,Cluster with an existing service page unless unique intent and enough factual content justify a new page,Medium; validate before publishing,Evaluate for genuinely useful new page,Cluster with an existing service page unless unique intent and enough factual content justify a new page,Research universe; validate commercial feasibility before publishing
1141,P2,driver from Dubai to Bahrain,EN,Systematic long-tail expansion,Commercial,Dubai,Bahrain,Private driver,Dubai → Bahrain,/bahrain-saudi-gcc-transport/en/dubai-to-bahrain/,GSC avg position 7.45; mainly informational traffic,Dedicated bilingual route page exists,Leave primary SEO fields and ranking content unchanged; add only small safe conversion support,High; protect existing winner,Protect,Leave primary SEO fields and ranking content unchanged; add only small safe conversion support,Generated from validated route + service pattern; verify before page creation
1142,P2,driver from Iraq to Bahrain,EN,GCC country-pair expansion,Commercial,Iraq,Bahrain,Private driver,Iraq → Bahrain,/bahrain-saudi-gcc-transport/,No numeric ranking evidence supplied for this keyword,No exact phrase found; contextual coverage required,Cluster with an existing service page unless unique intent and enough factual content justify a new page,Medium; validate before publishing,Evaluate for genuinely useful new page,Cluster with an existing service page unless unique intent and enough factual content justify a new page,Research universe; validate commercial feasibility before publishing
1143,P2,driver from Karbala to Bahrain,EN,Systematic long-tail expansion,Commercial,Karbala,Bahrain,Private driver,Karbala → Bahrain,/bahrain-saudi-gcc-transport/,No numeric ranking evidence supplied for this keyword,No exact phrase found; contextual coverage required,Cluster with an existing service page unless unique intent and enough factual content justify a new page,Medium; validate before publishing,Evaluate for genuinely useful new page,Cluster with an existing service page unless unique intent and enough factual content justify a new page,Generated from validated route + service pattern; verify before page creation
1144,P2,driver from Khafji to Bahrain,EN,Systematic long-tail expansion,Commercial,Khafji,Bahrain,Private driver,Khafji → Bahrain,/bahrain-saudi-gcc-transport/,No numeric ranking evidence supplied for this keyword,No exact phrase found; contextual coverage required,Cluster with an existing service page unless unique intent and enough factual content justify a new page,Medium; validate before publishing,Evaluate for genuinely useful new page,Cluster with an existing service page unless unique intent and enough factual content justify a new page,Generated from validated route + service pattern; verify before page creation
1145,P2,driver from Kuwait to Bahrain,EN,GCC country-pair expansion,Commercial,Kuwait,Bahrain,Private driver,Kuwait → Bahrain,/bahrain-saudi-gcc-transport/en/kuwait-to-bahrain/,GSC avg position 8.48; page-one winner with CTR opportunity,Dedicated bilingual route page exists,Leave primary SEO fields and ranking content unchanged; add only small safe conversion support,High; protect existing winner,Protect,Leave primary SEO fields and ranking content unchanged; add only small safe conversion support,Research universe; validate commercial feasibility before publishing
1146,P2,driver from Muscat to Bahrain,EN,Systematic long-tail expansion,Commercial,Muscat,Bahrain,Private driver,Muscat → Bahrain,/bahrain-saudi-gcc-transport/en/oman-to-bahrain/,GSC avg position 7.26; mainly informational traffic,Dedicated bilingual route page exists,Leave primary SEO fields and ranking content unchanged; add only small safe conversion support,High; protect existing winner,Protect,Leave primary SEO fields and ranking content unchanged; add only small safe conversion support,Generated from validated route + service pattern; verify before page creation
1147,P2,driver from Najaf to Bahrain,EN,Systematic long-tail expansion,Commercial,Najaf,Bahrain,Private driver,Najaf → Bahrain,/bahrain-saudi-gcc-transport/,No numeric ranking evidence supplied for this keyword,No exact phrase found; contextual coverage required,Cluster with an existing service page unless unique intent and enough factual content justify a new page,Medium; validate before publishing,Evaluate for genuinely useful new page,Cluster with an existing service page unless unique intent and enough factual content justify a new page,Generated from validated route + service pattern; verify before page creation
1148,P2,driver from Oman to Bahrain,EN,GCC country-pair expansion,Commercial,Oman,Bahrain,Private driver,Oman → Bahrain,/bahrain-saudi-gcc-transport/en/oman-to-bahrain/,GSC avg position 7.26; mainly informational traffic,Dedicated bilingual route page exists,Leave primary SEO fields and ranking content unchanged; add only small safe conversion support,High; protect existing winner,Protect,Leave primary SEO fields and ranking content unchanged; add only small safe conversion support,Research universe; validate commercial feasibility before publishing
1149,P2,driver from Qatar to Bahrain,EN,GCC country-pair expansion,Commercial,Qatar,Bahrain,Private driver,Qatar → Bahrain,/bahrain-saudi-gcc-transport/en/qatar-to-bahrain/,GSC avg position 7.88; page-one winner,Dedicated bilingual route page exists,Leave primary SEO fields and ranking content unchanged; add only small safe conversion support,High; protect existing winner,Protect,Leave primary SEO fields and ranking content unchanged; add only small safe conversion support,Research universe; validate commercial feasibility before publishing
1150,P2,driver from Saudi Arabia to Bahrain,EN,GCC country-pair expansion,Commercial,Saudi Arabia,Bahrain,Private driver,Saudi Arabia → Bahrain,/bahrain-saudi-gcc-transport/,No numeric ranking evidence supplied for this keyword,No exact phrase found; contextual coverage required,Cluster with an existing service page unless unique intent and enough factual content justify a new page,Medium; validate before publishing,Evaluate for genuinely useful new page,Cluster with an existing service page unless unique intent and enough factual content justify a new page,Research universe; validate commercial feasibility before publishing
1151,P2,driver from UAE to Bahrain,EN,GCC country-pair expansion,Commercial,UAE,Bahrain,Private driver,UAE → Bahrain,/bahrain-saudi-gcc-transport/,No numeric ranking evidence supplied for this keyword,No exact phrase found; contextual coverage required,Cluster with an existing service page unless unique intent and enough factual content justify a new page,Medium; validate before publishing,Evaluate for genuinely useful new page,Cluster with an existing service page unless unique intent and enough factual content justify a new page,Research universe; validate commercial feasibility before publishing
1152,P2,Dubai to Bahrain by car,EN,Systematic long-tail expansion,Informational,Dubai,Bahrain,Driving,Dubai → Bahrain,/bahrain-saudi-gcc-transport/en/dubai-to-bahrain/,GSC avg position 7.45; mainly informational traffic,Dedicated bilingual route page exists,Leave primary SEO fields and ranking content unchanged; add only small safe conversion support,High; protect existing winner,Protect,Leave primary SEO fields and ranking content unchanged; add only small safe conversion support,Generated from validated route + service pattern; verify before page creation
1153,P2,Dubai to Bahrain distance by road,EN,Systematic long-tail expansion,Informational,Dubai,Bahrain,Distance,Dubai → Bahrain,/bahrain-saudi-gcc-transport/en/dubai-to-bahrain/,GSC avg position 7.45; mainly informational traffic,Dedicated bilingual route page exists,Leave primary SEO fields and ranking content unchanged; add only small safe conversion support,High; protect existing winner,Protect,Leave primary SEO fields and ranking content unchanged; add only small safe conversion support,Generated from validated route + service pattern; verify before page creation
1154,P2,Dubai to Bahrain taxi price,EN,Systematic long-tail expansion,Price,Dubai,Bahrain,Pricing,Dubai → Bahrain,/bahrain-saudi-gcc-transport/en/dubai-to-bahrain/,GSC avg position 7.45; mainly informational traffic,Dedicated bilingual route page exists,Leave primary SEO fields and ranking content unchanged; add only small safe conversion support,High; protect existing winner,Protect,Leave primary SEO fields and ranking content unchanged; add only small safe conversion support,Generated from validated route + service pattern; verify before page creation
1155,P2,Dubai to Bahrain transfer,EN,Systematic long-tail expansion,Commercial,Dubai,Bahrain,Transfer,Dubai → Bahrain,/bahrain-saudi-gcc-transport/en/dubai-to-bahrain/,GSC avg position 7.45; mainly informational traffic,Dedicated bilingual route page exists,Leave primary SEO fields and ranking content unchanged; add only small safe conversion support,High; protect existing winner,Protect,Leave primary SEO fields and ranking content unchanged; add only small safe conversion support,Generated from validated route + service pattern; verify before page creation
1156,P2,Dubai to Bahrain transport,EN,Systematic long-tail expansion,Commercial,Dubai,Bahrain,Transport,Dubai → Bahrain,/bahrain-saudi-gcc-transport/en/dubai-to-bahrain/,GSC avg position 7.45; mainly informational traffic,Dedicated bilingual route page exists,Leave primary SEO fields and ranking content unchanged; add only small safe conversion support,High; protect existing winner,Protect,Leave primary SEO fields and ranking content unchanged; add only small safe conversion support,Generated from validated route + service pattern; verify before page creation
1157,P2,family transport from Abu Dhabi to Bahrain,EN,Systematic long-tail expansion,Commercial,Abu Dhabi,Bahrain,Family/group,Abu Dhabi → Bahrain,/bahrain-saudi-gcc-transport/,No numeric ranking evidence supplied for this keyword,No exact phrase found; contextual coverage required,Cluster with an existing service page unless unique intent and enough factual content justify a new page,Medium; validate before publishing,Evaluate for genuinely useful new page,Cluster with an existing service page unless unique intent and enough factual content justify a new page,Generated from validated route + service pattern; verify before page creation
1158,P2,family transport from Bahrain to Abu Dhabi,EN,Systematic long-tail expansion,Commercial,Bahrain,Abu Dhabi,Family/group,Bahrain → Abu Dhabi,/bahrain-saudi-gcc-transport/,No numeric ranking evidence supplied for this keyword,No exact phrase found; contextual coverage required,Cluster with an existing service page unless unique intent and enough factual content justify a new page,Medium; validate before publishing,Evaluate for genuinely useful new page,Cluster with an existing service page unless unique intent and enough factual content justify a new page,Generated from validated route + service pattern; verify before page creation
1159,P2,family transport from Bahrain to Dubai,EN,Systematic long-tail expansion,Commercial,Bahrain,Dubai,Family/group,Bahrain → Dubai,/bahrain-saudi-gcc-transport/en/bahrain-to-dubai/,GSC avg position 7.45; mainly informational traffic,Dedicated bilingual route page exists,Leave primary SEO fields and ranking content unchanged; add only small safe conversion support,High; protect existing winner,Protect,Leave primary SEO fields and ranking content unchanged; add only small safe conversion support,Generated from validated route + service pattern; verify before page creation
1160,P2,family transport from Bahrain to Karbala,EN,Systematic long-tail expansion,Commercial,Bahrain,Karbala,Family/group,Bahrain → Karbala,/bahrain-saudi-gcc-transport/,No numeric ranking evidence supplied for this keyword,No exact phrase found; contextual coverage required,Cluster with an existing service page unless unique intent and enough factual content justify a new page,Medium; validate before publishing,Evaluate for genuinely useful new page,Cluster with an existing service page unless unique intent and enough factual content justify a new page,Generated from validated route + service pattern; verify before page creation
1161,P2,family transport from Bahrain to Khafji,EN,Systematic long-tail expansion,Commercial,Bahrain,Khafji,Family/group,Bahrain → Khafji,/bahrain-saudi-gcc-transport/,No numeric ranking evidence supplied for this keyword,No exact phrase found; contextual coverage required,Cluster with an existing service page unless unique intent and enough factual content justify a new page,Medium; validate before publishing,Evaluate for genuinely useful new page,Cluster with an existing service page unless unique intent and enough factual content justify a new page,Generated from validated route + service pattern; verify before page creation
1162,P2,family transport from Bahrain to Muscat,EN,Systematic long-tail expansion,Commercial,Bahrain,Muscat,Family/group,Bahrain → Muscat,/bahrain-saudi-gcc-transport/en/bahrain-to-oman/,GSC avg position 7.26; mainly informational traffic,Dedicated bilingual route page exists,Leave primary SEO fields and ranking content unchanged; add only small safe conversion support,High; protect existing winner,Protect,Leave primary SEO fields and ranking content unchanged; add only small safe conversion support,Generated from validated route + service pattern; verify before page creation
1163,P2,family transport from Bahrain to Najaf,EN,Systematic long-tail expansion,Commercial,Bahrain,Najaf,Family/group,Bahrain → Najaf,/bahrain-saudi-gcc-transport/,No numeric ranking evidence supplied for this keyword,Exact keyword phrase appears in existing site content,Cluster with an existing service page unless unique intent and enough factual content justify a new page,Medium; validate before publishing,Evaluate for genuinely useful new page,Cluster with an existing service page unless unique intent and enough factual content justify a new page,Generated from validated route + service pattern; verify before page creation
1164,P2,family transport from Dubai to Bahrain,EN,Systematic long-tail expansion,Commercial,Dubai,Bahrain,Family/group,Dubai → Bahrain,/bahrain-saudi-gcc-transport/en/dubai-to-bahrain/,GSC avg position 7.45; mainly informational traffic,Dedicated bilingual route page exists,Leave primary SEO fields and ranking content unchanged; add only small safe conversion support,High; protect existing winner,Protect,Leave primary SEO fields and ranking content unchanged; add only small safe conversion support,Generated from validated route + service pattern; verify before page creation
1165,P2,family transport from Karbala to Bahrain,EN,Systematic long-tail expansion,Commercial,Karbala,Bahrain,Family/group,Karbala → Bahrain,/bahrain-saudi-gcc-transport/,No numeric ranking evidence supplied for this keyword,No exact phrase found; contextual coverage required,Cluster with an existing service page unless unique intent and enough factual content justify a new page,Medium; validate before publishing,Evaluate for genuinely useful new page,Cluster with an existing service page unless unique intent and enough factual content justify a new page,Generated from validated route + service pattern; verify before page creation
1166,P2,family transport from Khafji to Bahrain,EN,Systematic long-tail expansion,Commercial,Khafji,Bahrain,Family/group,Khafji → Bahrain,/bahrain-saudi-gcc-transport/,No numeric ranking evidence supplied for this keyword,No exact phrase found; contextual coverage required,Cluster with an existing service page unless unique intent and enough factual content justify a new page,Medium; validate before publishing,Evaluate for genuinely useful new page,Cluster with an existing service page unless unique intent and enough factual content justify a new page,Generated from validated route + service pattern; verify before page creation
1167,P2,family transport from Muscat to Bahrain,EN,Systematic long-tail expansion,Commercial,Muscat,Bahrain,Family/group,Muscat → Bahrain,/bahrain-saudi-gcc-transport/en/oman-to-bahrain/,GSC avg position 7.26; mainly informational traffic,Dedicated bilingual route page exists,Leave primary SEO fields and ranking content unchanged; add only small safe conversion support,High; protect existing winner,Protect,Leave primary SEO fields and ranking content unchanged; add only small safe conversion support,Generated from validated route + service pattern; verify before page creation
1168,P2,family transport from Najaf to Bahrain,EN,Systematic long-tail expansion,Commercial,Najaf,Bahrain,Family/group,Najaf → Bahrain,/bahrain-saudi-gcc-transport/,No numeric ranking evidence supplied for this keyword,No exact phrase found; contextual coverage required,Cluster with an existing service page unless unique intent and enough factual content justify a new page,Medium; validate before publishing,Evaluate for genuinely useful new page,Cluster with an existing service page unless unique intent and enough factual content justify a new page,Generated from validated route + service pattern; verify before page creation
1169,P2,full day chauffeur Bahrain,EN,Service-intent expansion,Commercial,Bahrain,,Full-day driver,Full-day driver,/bahrain-saudi-gcc-transport/,No numeric ranking evidence supplied for this keyword,No exact phrase found; contextual coverage required,Cluster with an existing service page unless unique intent and enough factual content justify a new page,Medium; validate before publishing,Evaluate for genuinely useful new page,Cluster with an existing service page unless unique intent and enough factual content justify a new page,Service-level opportunity; match only to supported services
1170,P2,how many hours from Abu Dhabi to Bahrain,EN,Systematic long-tail expansion,Informational,Abu Dhabi,Bahrain,Travel time,Abu Dhabi → Bahrain,/bahrain-saudi-gcc-transport/,No numeric ranking evidence supplied for this keyword,No exact phrase found; contextual coverage required,Cluster with an existing service page unless unique intent and enough factual content justify a new page,Medium; validate before publishing,Evaluate for genuinely useful new page,Cluster with an existing service page unless unique intent and enough factual content justify a new page,Generated from validated route + service pattern; verify before page creation
1171,P2,how many hours from Bahrain to Abu Dhabi,EN,Systematic long-tail expansion,Informational,Bahrain,Abu Dhabi,Travel time,Bahrain → Abu Dhabi,/bahrain-saudi-gcc-transport/,No numeric ranking evidence supplied for this keyword,No exact phrase found; contextual coverage required,Cluster with an existing service page unless unique intent and enough factual content justify a new page,Medium; validate before publishing,Evaluate for genuinely useful new page,Cluster with an existing service page unless unique intent and enough factual content justify a new page,Generated from validated route + service pattern; verify before page creation
1172,P2,how many hours from Bahrain to Dubai,EN,Systematic long-tail expansion,Informational,Bahrain,Dubai,Travel time,Bahrain → Dubai,/bahrain-saudi-gcc-transport/en/bahrain-to-dubai/,GSC avg position 7.45; mainly informational traffic,Dedicated bilingual route page exists,Leave primary SEO fields and ranking content unchanged; add only small safe conversion support,High; protect existing winner,Protect,Leave primary SEO fields and ranking content unchanged; add only small safe conversion support,Generated from validated route + service pattern; verify before page creation
1173,P2,how many hours from Bahrain to Karbala,EN,Systematic long-tail expansion,Informational,Bahrain,Karbala,Travel time,Bahrain → Karbala,/bahrain-saudi-gcc-transport/,No numeric ranking evidence supplied for this keyword,No exact phrase found; contextual coverage required,Cluster with an existing service page unless unique intent and enough factual content justify a new page,Medium; validate before publishing,Evaluate for genuinely useful new page,Cluster with an existing service page unless unique intent and enough factual content justify a new page,Generated from validated route + service pattern; verify before page creation
1174,P2,how many hours from Bahrain to Khafji,EN,Systematic long-tail expansion,Informational,Bahrain,Khafji,Travel time,Bahrain → Khafji,/bahrain-saudi-gcc-transport/,No numeric ranking evidence supplied for this keyword,No exact phrase found; contextual coverage required,Cluster with an existing service page unless unique intent and enough factual content justify a new page,Medium; validate before publishing,Evaluate for genuinely useful new page,Cluster with an existing service page unless unique intent and enough factual content justify a new page,Generated from validated route + service pattern; verify before page creation
1175,P2,how many hours from Bahrain to Muscat,EN,Systematic long-tail expansion,Informational,Bahrain,Muscat,Travel time,Bahrain → Muscat,/bahrain-saudi-gcc-transport/en/bahrain-to-oman/,GSC avg position 7.26; mainly informational traffic,Dedicated bilingual route page exists,Leave primary SEO fields and ranking content unchanged; add only small safe conversion support,High; protect existing winner,Protect,Leave primary SEO fields and ranking content unchanged; add only small safe conversion support,Generated from validated route + service pattern; verify before page creation
1176,P2,how many hours from Bahrain to Najaf,EN,Systematic long-tail expansion,Informational,Bahrain,Najaf,Travel time,Bahrain → Najaf,/bahrain-saudi-gcc-transport/,No numeric ranking evidence supplied for this keyword,Exact keyword phrase appears in existing site content,Cluster with an existing service page unless unique intent and enough factual content justify a new page,Medium; validate before publishing,Evaluate for genuinely useful new page,Cluster with an existing service page unless unique intent and enough factual content justify a new page,Generated from validated route + service pattern; verify before page creation
1177,P2,how many hours from Dubai to Bahrain,EN,Systematic long-tail expansion,Informational,Dubai,Bahrain,Travel time,Dubai → Bahrain,/bahrain-saudi-gcc-transport/en/dubai-to-bahrain/,GSC avg position 7.45; mainly informational traffic,Dedicated bilingual route page exists,Leave primary SEO fields and ranking content unchanged; add only small safe conversion support,High; protect existing winner,Protect,Leave primary SEO fields and ranking content unchanged; add only small safe conversion support,Generated from validated route + service pattern; verify before page creation
1178,P2,how many hours from Karbala to Bahrain,EN,Systematic long-tail expansion,Informational,Karbala,Bahrain,Travel time,Karbala → Bahrain,/bahrain-saudi-gcc-transport/,No numeric ranking evidence supplied for this keyword,No exact phrase found; contextual coverage required,Cluster with an existing service page unless unique intent and enough factual content justify a new page,Medium; validate before publishing,Evaluate for genuinely useful new page,Cluster with an existing service page unless unique intent and enough factual content justify a new page,Generated from validated route + service pattern; verify before page creation
1179,P2,how many hours from Khafji to Bahrain,EN,Systematic long-tail expansion,Informational,Khafji,Bahrain,Travel time,Khafji → Bahrain,/bahrain-saudi-gcc-transport/,No numeric ranking evidence supplied for this keyword,No exact phrase found; contextual coverage required,Cluster with an existing service page unless unique intent and enough factual content justify a new page,Medium; validate before publishing,Evaluate for genuinely useful new page,Cluster with an existing service page unless unique intent and enough factual content justify a new page,Generated from validated route + service pattern; verify before page creation
1180,P2,how many hours from Muscat to Bahrain,EN,Systematic long-tail expansion,Informational,Muscat,Bahrain,Travel time,Muscat → Bahrain,/bahrain-saudi-gcc-transport/en/oman-to-bahrain/,GSC avg position 7.26; mainly informational traffic,Dedicated bilingual route page exists,Leave primary SEO fields and ranking content unchanged; add only small safe conversion support,High; protect existing winner,Protect,Leave primary SEO fields and ranking content unchanged; add only small safe conversion support,Generated from validated route + service pattern; verify before page creation
1181,P2,how many hours from Najaf to Bahrain,EN,Systematic long-tail expansion,Informational,Najaf,Bahrain,Travel time,Najaf → Bahrain,/bahrain-saudi-gcc-transport/,No numeric ranking evidence supplied for this keyword,No exact phrase found; contextual coverage required,Cluster with an existing service page unless unique intent and enough factual content justify a new page,Medium; validate before publishing,Evaluate for genuinely useful new page,Cluster with an existing service page unless unique intent and enough factual content justify a new page,Generated from validated route + service pattern; verify before page creation
1182,P2,Iraq to Bahrain by road,EN,GCC country-pair expansion,Informational,Iraq,Bahrain,Driving,Iraq → Bahrain,/bahrain-saudi-gcc-transport/,No numeric ranking evidence supplied for this keyword,No exact phrase found; contextual coverage required,Cluster with an existing service page unless unique intent and enough factual content justify a new page,Medium; validate before publishing,Evaluate for genuinely useful new page,Cluster with an existing service page unless unique intent and enough factual content justify a new page,Research universe; validate commercial feasibility before publishing
1183,P2,Iraq to Bahrain transport,EN,GCC country-pair expansion,Commercial,Iraq,Bahrain,Transport,Iraq → Bahrain,/bahrain-saudi-gcc-transport/,No numeric ranking evidence supplied for this keyword,No exact phrase found; contextual coverage required,Cluster with an existing service page unless unique intent and enough factual content justify a new page,Medium; validate before publishing,Evaluate for genuinely useful new page,Cluster with an existing service page unless unique intent and enough factual content justify a new page,Research universe; validate commercial feasibility before publishing
1184,P2,Karbala to Bahrain by car,EN,Systematic long-tail expansion,Informational,Karbala,Bahrain,Driving,Karbala → Bahrain,/bahrain-saudi-gcc-transport/,No numeric ranking evidence supplied for this keyword,No exact phrase found; contextual coverage required,Cluster with an existing service page unless unique intent and enough factual content justify a new page,Medium; validate before publishing,Evaluate for genuinely useful new page,Cluster with an existing service page unless unique intent and enough factual content justify a new page,Generated from validated route + service pattern; verify before page creation
1185,P2,Karbala to Bahrain distance by road,EN,Systematic long-tail expansion,Informational,Karbala,Bahrain,Distance,Karbala → Bahrain,/bahrain-saudi-gcc-transport/,No numeric ranking evidence supplied for this keyword,No exact phrase found; contextual coverage required,Cluster with an existing service page unless unique intent and enough factual content justify a new page,Medium; validate before publishing,Evaluate for genuinely useful new page,Cluster with an existing service page unless unique intent and enough factual content justify a new page,Generated from validated route + service pattern; verify before page creation
1186,P2,Karbala to Bahrain taxi price,EN,Systematic long-tail expansion,Price,Karbala,Bahrain,Pricing,Karbala → Bahrain,/bahrain-saudi-gcc-transport/,No numeric ranking evidence supplied for this keyword,No exact phrase found; contextual coverage required,Cluster with an existing service page unless unique intent and enough factual content justify a new page,Medium; validate before publishing,Evaluate for genuinely useful new page,Cluster with an existing service page unless unique intent and enough factual content justify a new page,Generated from validated route + service pattern; verify before page creation
1187,P2,Karbala to Bahrain transfer,EN,Systematic long-tail expansion,Commercial,Karbala,Bahrain,Transfer,Karbala → Bahrain,/bahrain-saudi-gcc-transport/,No numeric ranking evidence supplied for this keyword,No exact phrase found; contextual coverage required,Cluster with an existing service page unless unique intent and enough factual content justify a new page,Medium; validate before publishing,Evaluate for genuinely useful new page,Cluster with an existing service page unless unique intent and enough factual content justify a new page,Generated from validated route + service pattern; verify before page creation
1188,P2,Karbala to Bahrain transport,EN,Systematic long-tail expansion,Commercial,Karbala,Bahrain,Transport,Karbala → Bahrain,/bahrain-saudi-gcc-transport/,No numeric ranking evidence supplied for this keyword,No exact phrase found; contextual coverage required,Cluster with an existing service page unless unique intent and enough factual content justify a new page,Medium; validate before publishing,Evaluate for genuinely useful new page,Cluster with an existing service page unless unique intent and enough factual content justify a new page,Generated from validated route + service pattern; verify before page creation
1189,P2,Khafji to Bahrain by car,EN,Systematic long-tail expansion,Informational,Khafji,Bahrain,Driving,Khafji → Bahrain,/bahrain-saudi-gcc-transport/,No numeric ranking evidence supplied for this keyword,No exact phrase found; contextual coverage required,Cluster with an existing service page unless unique intent and enough factual content justify a new page,Medium; validate before publishing,Evaluate for genuinely useful new page,Cluster with an existing service page unless unique intent and enough factual content justify a new page,Generated from validated route + service pattern; verify before page creation
1190,P2,Khafji to Bahrain distance by road,EN,Systematic long-tail expansion,Informational,Khafji,Bahrain,Distance,Khafji → Bahrain,/bahrain-saudi-gcc-transport/,No numeric ranking evidence supplied for this keyword,No exact phrase found; contextual coverage required,Cluster with an existing service page unless unique intent and enough factual content justify a new page,Medium; validate before publishing,Evaluate for genuinely useful new page,Cluster with an existing service page unless unique intent and enough factual content justify a new page,Generated from validated route + service pattern; verify before page creation
1191,P2,Khafji to Bahrain taxi price,EN,Systematic long-tail expansion,Price,Khafji,Bahrain,Pricing,Khafji → Bahrain,/bahrain-saudi-gcc-transport/,No numeric ranking evidence supplied for this keyword,No exact phrase found; contextual coverage required,Cluster with an existing service page unless unique intent and enough factual content justify a new page,Medium; validate before publishing,Evaluate for genuinely useful new page,Cluster with an existing service page unless unique intent and enough factual content justify a new page,Generated from validated route + service pattern; verify before page creation
1192,P2,Khafji to Bahrain transfer,EN,Systematic long-tail expansion,Commercial,Khafji,Bahrain,Transfer,Khafji → Bahrain,/bahrain-saudi-gcc-transport/,No numeric ranking evidence supplied for this keyword,No exact phrase found; contextual coverage required,Cluster with an existing service page unless unique intent and enough factual content justify a new page,Medium; validate before publishing,Evaluate for genuinely useful new page,Cluster with an existing service page unless unique intent and enough factual content justify a new page,Generated from validated route + service pattern; verify before page creation
1193,P2,Khafji to Bahrain transport,EN,Systematic long-tail expansion,Commercial,Khafji,Bahrain,Transport,Khafji → Bahrain,/bahrain-saudi-gcc-transport/,No numeric ranking evidence supplied for this keyword,No exact phrase found; contextual coverage required,Cluster with an existing service page unless unique intent and enough factual content justify a new page,Medium; validate before publishing,Evaluate for genuinely useful new page,Cluster with an existing service page unless unique intent and enough factual content justify a new page,Generated from validated route + service pattern; verify before page creation
1194,P2,Kuwait to Bahrain by road,EN,GCC country-pair expansion,Informational,Kuwait,Bahrain,Driving,Kuwait → Bahrain,/bahrain-saudi-gcc-transport/en/kuwait-to-bahrain/,GSC avg position 8.48; page-one winner with CTR opportunity,Dedicated bilingual route page exists,Leave primary SEO fields and ranking content unchanged; add only small safe conversion support,High; protect existing winner,Protect,Leave primary SEO fields and ranking content unchanged; add only small safe conversion support,Research universe; validate commercial feasibility before publishing
1195,P2,Kuwait to Bahrain transport,EN,GCC country-pair expansion,Commercial,Kuwait,Bahrain,Transport,Kuwait → Bahrain,/bahrain-saudi-gcc-transport/en/kuwait-to-bahrain/,GSC avg position 8.48; page-one winner with CTR opportunity,Dedicated bilingual route page exists,Leave primary SEO fields and ranking content unchanged; add only small safe conversion support,High; protect existing winner,Protect,Leave primary SEO fields and ranking content unchanged; add only small safe conversion support,Research universe; validate commercial feasibility before publishing
1196,P2,Muscat to Bahrain by car,EN,Systematic long-tail expansion,Informational,Muscat,Bahrain,Driving,Muscat → Bahrain,/bahrain-saudi-gcc-transport/en/oman-to-bahrain/,GSC avg position 7.26; mainly informational traffic,Dedicated bilingual route page exists,Leave primary SEO fields and ranking content unchanged; add only small safe conversion support,High; protect existing winner,Protect,Leave primary SEO fields and ranking content unchanged; add only small safe conversion support,Generated from validated route + service pattern; verify before page creation
1197,P2,Muscat to Bahrain distance by road,EN,Systematic long-tail expansion,Informational,Muscat,Bahrain,Distance,Muscat → Bahrain,/bahrain-saudi-gcc-transport/en/oman-to-bahrain/,GSC avg position 7.26; mainly informational traffic,Dedicated bilingual route page exists,Leave primary SEO fields and ranking content unchanged; add only small safe conversion support,High; protect existing winner,Protect,Leave primary SEO fields and ranking content unchanged; add only small safe conversion support,Generated from validated route + service pattern; verify before page creation
1198,P2,Muscat to Bahrain taxi price,EN,Systematic long-tail expansion,Price,Muscat,Bahrain,Pricing,Muscat → Bahrain,/bahrain-saudi-gcc-transport/en/oman-to-bahrain/,GSC avg position 7.26; mainly informational traffic,Dedicated bilingual route page exists,Leave primary SEO fields and ranking content unchanged; add only small safe conversion support,High; protect existing winner,Protect,Leave primary SEO fields and ranking content unchanged; add only small safe conversion support,Generated from validated route + service pattern; verify before page creation
1199,P2,Muscat to Bahrain transfer,EN,Systematic long-tail expansion,Commercial,Muscat,Bahrain,Transfer,Muscat → Bahrain,/bahrain-saudi-gcc-transport/en/oman-to-bahrain/,GSC avg position 7.26; mainly informational traffic,Dedicated bilingual route page exists,Leave primary SEO fields and ranking content unchanged; add only small safe conversion support,High; protect existing winner,Protect,Leave primary SEO fields and ranking content unchanged; add only small safe conversion support,Generated from validated route + service pattern; verify before page creation
1200,P2,Muscat to Bahrain transport,EN,Systematic long-tail expansion,Commercial,Muscat,Bahrain,Transport,Muscat → Bahrain,/bahrain-saudi-gcc-transport/en/oman-to-bahrain/,GSC avg position 7.26; mainly informational traffic,Dedicated bilingual route page exists,Leave primary SEO fields and ranking content unchanged; add only small safe conversion support,High; protect existing winner,Protect,Leave primary SEO fields and ranking content unchanged; add only small safe conversion support,Generated from validated route + service pattern; verify before page creation
1201,P2,Najaf to Bahrain by car,EN,Systematic long-tail expansion,Informational,Najaf,Bahrain,Driving,Najaf → Bahrain,/bahrain-saudi-gcc-transport/,No numeric ranking evidence supplied for this keyword,No exact phrase found; contextual coverage required,Cluster with an existing service page unless unique intent and enough factual content justify a new page,Medium; validate before publishing,Evaluate for genuinely useful new page,Cluster with an existing service page unless unique intent and enough factual content justify a new page,Generated from validated route + service pattern; verify before page creation
1202,P2,Najaf to Bahrain distance by road,EN,Systematic long-tail expansion,Informational,Najaf,Bahrain,Distance,Najaf → Bahrain,/bahrain-saudi-gcc-transport/,No numeric ranking evidence supplied for this keyword,No exact phrase found; contextual coverage required,Cluster with an existing service page unless unique intent and enough factual content justify a new page,Medium; validate before publishing,Evaluate for genuinely useful new page,Cluster with an existing service page unless unique intent and enough factual content justify a new page,Generated from validated route + service pattern; verify before page creation
1203,P2,Najaf to Bahrain taxi price,EN,Systematic long-tail expansion,Price,Najaf,Bahrain,Pricing,Najaf → Bahrain,/bahrain-saudi-gcc-transport/,No numeric ranking evidence supplied for this keyword,No exact phrase found; contextual coverage required,Cluster with an existing service page unless unique intent and enough factual content justify a new page,Medium; validate before publishing,Evaluate for genuinely useful new page,Cluster with an existing service page unless unique intent and enough factual content justify a new page,Generated from validated route + service pattern; verify before page creation
1204,P2,Najaf to Bahrain transfer,EN,Systematic long-tail expansion,Commercial,Najaf,Bahrain,Transfer,Najaf → Bahrain,/bahrain-saudi-gcc-transport/,No numeric ranking evidence supplied for this keyword,No exact phrase found; contextual coverage required,Cluster with an existing service page unless unique intent and enough factual content justify a new page,Medium; validate before publishing,Evaluate for genuinely useful new page,Cluster with an existing service page unless unique intent and enough factual content justify a new page,Generated from validated route + service pattern; verify before page creation
1205,P2,Najaf to Bahrain transport,EN,Systematic long-tail expansion,Commercial,Najaf,Bahrain,Transport,Najaf → Bahrain,/bahrain-saudi-gcc-transport/,No numeric ranking evidence supplied for this keyword,No exact phrase found; contextual coverage required,Cluster with an existing service page unless unique intent and enough factual content justify a new page,Medium; validate before publishing,Evaluate for genuinely useful new page,Cluster with an existing service page unless unique intent and enough factual content justify a new page,Generated from validated route + service pattern; verify before page creation
1206,P2,Oman to Bahrain by road,EN,GCC country-pair expansion,Informational,Oman,Bahrain,Driving,Oman → Bahrain,/bahrain-saudi-gcc-transport/en/oman-to-bahrain/,GSC avg position 7.26; mainly informational traffic,Dedicated bilingual route page exists,Leave primary SEO fields and ranking content unchanged; add only small safe conversion support,High; protect existing winner,Protect,Leave primary SEO fields and ranking content unchanged; add only small safe conversion support,Research universe; validate commercial feasibility before publishing
1207,P2,Oman to Bahrain transport,EN,GCC country-pair expansion,Commercial,Oman,Bahrain,Transport,Oman → Bahrain,/bahrain-saudi-gcc-transport/en/oman-to-bahrain/,GSC avg position 7.26; mainly informational traffic,Dedicated bilingual route page exists,Leave primary SEO fields and ranking content unchanged; add only small safe conversion support,High; protect existing winner,Protect,Leave primary SEO fields and ranking content unchanged; add only small safe conversion support,Research universe; validate commercial feasibility before publishing
1208,P2,parcel delivery from Abu Dhabi to Bahrain,EN,Systematic long-tail expansion,Commercial,Abu Dhabi,Bahrain,Small parcel,Abu Dhabi → Bahrain,/bahrain-saudi-gcc-transport/,No numeric ranking evidence supplied for this keyword,No exact phrase found; contextual coverage required,Cluster with an existing service page unless unique intent and enough factual content justify a new page,Medium; validate before publishing,Evaluate for genuinely useful new page,Cluster with an existing service page unless unique intent and enough factual content justify a new page,Generated from validated route + service pattern; verify before page creation
1209,P2,parcel delivery from Bahrain to Abu Dhabi,EN,Systematic long-tail expansion,Commercial,Bahrain,Abu Dhabi,Small parcel,Bahrain → Abu Dhabi,/bahrain-saudi-gcc-transport/,No numeric ranking evidence supplied for this keyword,No exact phrase found; contextual coverage required,Cluster with an existing service page unless unique intent and enough factual content justify a new page,Medium; validate before publishing,Evaluate for genuinely useful new page,Cluster with an existing service page unless unique intent and enough factual content justify a new page,Generated from validated route + service pattern; verify before page creation
1210,P2,parcel delivery from Bahrain to Dubai,EN,Systematic long-tail expansion,Commercial,Bahrain,Dubai,Small parcel,Bahrain → Dubai,/bahrain-saudi-gcc-transport/en/bahrain-to-dubai/,GSC avg position 7.45; mainly informational traffic,Dedicated bilingual route page exists,Leave primary SEO fields and ranking content unchanged; add only small safe conversion support,High; protect existing winner,Protect,Leave primary SEO fields and ranking content unchanged; add only small safe conversion support,Generated from validated route + service pattern; verify before page creation
1211,P2,parcel delivery from Bahrain to Iraq,EN,GCC country-pair expansion,Commercial,Bahrain,Iraq,Small parcel,Bahrain → Iraq,/bahrain-saudi-gcc-transport/,No numeric ranking evidence supplied for this keyword,No exact phrase found; contextual coverage required,Cluster with an existing service page unless unique intent and enough factual content justify a new page,Medium; validate before publishing,Evaluate for genuinely useful new page,Cluster with an existing service page unless unique intent and enough factual content justify a new page,Research universe; validate commercial feasibility before publishing
1212,P2,parcel delivery from Bahrain to Karbala,EN,Systematic long-tail expansion,Commercial,Bahrain,Karbala,Small parcel,Bahrain → Karbala,/bahrain-saudi-gcc-transport/,No numeric ranking evidence supplied for this keyword,No exact phrase found; contextual coverage required,Cluster with an existing service page unless unique intent and enough factual content justify a new page,Medium; validate before publishing,Evaluate for genuinely useful new page,Cluster with an existing service page unless unique intent and enough factual content justify a new page,Generated from validated route + service pattern; verify before page creation
1213,P2,parcel delivery from Bahrain to Khafji,EN,Systematic long-tail expansion,Commercial,Bahrain,Khafji,Small parcel,Bahrain → Khafji,/bahrain-saudi-gcc-transport/,No numeric ranking evidence supplied for this keyword,No exact phrase found; contextual coverage required,Cluster with an existing service page unless unique intent and enough factual content justify a new page,Medium; validate before publishing,Evaluate for genuinely useful new page,Cluster with an existing service page unless unique intent and enough factual content justify a new page,Generated from validated route + service pattern; verify before page creation
1214,P2,parcel delivery from Bahrain to Kuwait,EN,GCC country-pair expansion,Commercial,Bahrain,Kuwait,Small parcel,Bahrain → Kuwait,/bahrain-saudi-gcc-transport/en/bahrain-to-kuwait/,GSC avg position 8.48; page-one winner with CTR opportunity,Dedicated bilingual route page exists,Leave primary SEO fields and ranking content unchanged; add only small safe conversion support,High; protect existing winner,Protect,Leave primary SEO fields and ranking content unchanged; add only small safe conversion support,Research universe; validate commercial feasibility before publishing
1215,P2,parcel delivery from Bahrain to Muscat,EN,Systematic long-tail expansion,Commercial,Bahrain,Muscat,Small parcel,Bahrain → Muscat,/bahrain-saudi-gcc-transport/en/bahrain-to-oman/,GSC avg position 7.26; mainly informational traffic,Dedicated bilingual route page exists,Leave primary SEO fields and ranking content unchanged; add only small safe conversion support,High; protect existing winner,Protect,Leave primary SEO fields and ranking content unchanged; add only small safe conversion support,Generated from validated route + service pattern; verify before page creation
1216,P2,parcel delivery from Bahrain to Najaf,EN,Systematic long-tail expansion,Commercial,Bahrain,Najaf,Small parcel,Bahrain → Najaf,/bahrain-saudi-gcc-transport/,No numeric ranking evidence supplied for this keyword,No exact phrase found; contextual coverage required,Cluster with an existing service page unless unique intent and enough factual content justify a new page,Medium; validate before publishing,Evaluate for genuinely useful new page,Cluster with an existing service page unless unique intent and enough factual content justify a new page,Generated from validated route + service pattern; verify before page creation
1217,P2,parcel delivery from Bahrain to Oman,EN,GCC country-pair expansion,Commercial,Bahrain,Oman,Small parcel,Bahrain → Oman,/bahrain-saudi-gcc-transport/en/bahrain-to-oman/,GSC avg position 7.26; mainly informational traffic,Dedicated bilingual route page exists,Leave primary SEO fields and ranking content unchanged; add only small safe conversion support,High; protect existing winner,Protect,Leave primary SEO fields and ranking content unchanged; add only small safe conversion support,Research universe; validate commercial feasibility before publishing
1218,P2,parcel delivery from Bahrain to Qatar,EN,GCC country-pair expansion,Commercial,Bahrain,Qatar,Small parcel,Bahrain → Qatar,/bahrain-saudi-gcc-transport/en/bahrain-to-qatar/,GSC avg position 7.88; page-one winner,Dedicated bilingual route page exists,Leave primary SEO fields and ranking content unchanged; add only small safe conversion support,High; protect existing winner,Protect,Leave primary SEO fields and ranking content unchanged; add only small safe conversion support,Research universe; validate commercial feasibility before publishing
1219,P2,parcel delivery from Bahrain to Saudi Arabia,EN,GCC country-pair expansion,Commercial,Bahrain,Saudi Arabia,Small parcel,Bahrain → Saudi Arabia,/bahrain-saudi-gcc-transport/,No numeric ranking evidence supplied for this keyword,Exact keyword phrase appears in existing site content,Cluster with an existing service page unless unique intent and enough factual content justify a new page,Medium; validate before publishing,Evaluate for genuinely useful new page,Cluster with an existing service page unless unique intent and enough factual content justify a new page,Research universe; validate commercial feasibility before publishing
1220,P2,parcel delivery from Bahrain to UAE,EN,GCC country-pair expansion,Commercial,Bahrain,UAE,Small parcel,Bahrain → UAE,/bahrain-saudi-gcc-transport/,No numeric ranking evidence supplied for this keyword,No exact phrase found; contextual coverage required,Cluster with an existing service page unless unique intent and enough factual content justify a new page,Medium; validate before publishing,Evaluate for genuinely useful new page,Cluster with an existing service page unless unique intent and enough factual content justify a new page,Research universe; validate commercial feasibility before publishing
1221,P2,parcel delivery from Dubai to Bahrain,EN,Systematic long-tail expansion,Commercial,Dubai,Bahrain,Small parcel,Dubai → Bahrain,/bahrain-saudi-gcc-transport/en/dubai-to-bahrain/,GSC avg position 7.45; mainly informational traffic,Dedicated bilingual route page exists,Leave primary SEO fields and ranking content unchanged; add only small safe conversion support,High; protect existing winner,Protect,Leave primary SEO fields and ranking content unchanged; add only small safe conversion support,Generated from validated route + service pattern; verify before page creation
1222,P2,parcel delivery from Iraq to Bahrain,EN,GCC country-pair expansion,Commercial,Iraq,Bahrain,Small parcel,Iraq → Bahrain,/bahrain-saudi-gcc-transport/,No numeric ranking evidence supplied for this keyword,No exact phrase found; contextual coverage required,Cluster with an existing service page unless unique intent and enough factual content justify a new page,Medium; validate before publishing,Evaluate for genuinely useful new page,Cluster with an existing service page unless unique intent and enough factual content justify a new page,Research universe; validate commercial feasibility before publishing
1223,P2,parcel delivery from Karbala to Bahrain,EN,Systematic long-tail expansion,Commercial,Karbala,Bahrain,Small parcel,Karbala → Bahrain,/bahrain-saudi-gcc-transport/,No numeric ranking evidence supplied for this keyword,No exact phrase found; contextual coverage required,Cluster with an existing service page unless unique intent and enough factual content justify a new page,Medium; validate before publishing,Evaluate for genuinely useful new page,Cluster with an existing service page unless unique intent and enough factual content justify a new page,Generated from validated route + service pattern; verify before page creation
1224,P2,parcel delivery from Khafji to Bahrain,EN,Systematic long-tail expansion,Commercial,Khafji,Bahrain,Small parcel,Khafji → Bahrain,/bahrain-saudi-gcc-transport/,No numeric ranking evidence supplied for this keyword,No exact phrase found; contextual coverage required,Cluster with an existing service page unless unique intent and enough factual content justify a new page,Medium; validate before publishing,Evaluate for genuinely useful new page,Cluster with an existing service page unless unique intent and enough factual content justify a new page,Generated from validated route + service pattern; verify before page creation
1225,P2,parcel delivery from Kuwait to Bahrain,EN,GCC country-pair expansion,Commercial,Kuwait,Bahrain,Small parcel,Kuwait → Bahrain,/bahrain-saudi-gcc-transport/en/kuwait-to-bahrain/,GSC avg position 8.48; page-one winner with CTR opportunity,Dedicated bilingual route page exists,Leave primary SEO fields and ranking content unchanged; add only small safe conversion support,High; protect existing winner,Protect,Leave primary SEO fields and ranking content unchanged; add only small safe conversion support,Research universe; validate commercial feasibility before publishing
1226,P2,parcel delivery from Muscat to Bahrain,EN,Systematic long-tail expansion,Commercial,Muscat,Bahrain,Small parcel,Muscat → Bahrain,/bahrain-saudi-gcc-transport/en/oman-to-bahrain/,GSC avg position 7.26; mainly informational traffic,Dedicated bilingual route page exists,Leave primary SEO fields and ranking content unchanged; add only small safe conversion support,High; protect existing winner,Protect,Leave primary SEO fields and ranking content unchanged; add only small safe conversion support,Generated from validated route + service pattern; verify before page creation
1227,P2,parcel delivery from Najaf to Bahrain,EN,Systematic long-tail expansion,Commercial,Najaf,Bahrain,Small parcel,Najaf → Bahrain,/bahrain-saudi-gcc-transport/,No numeric ranking evidence supplied for this keyword,No exact phrase found; contextual coverage required,Cluster with an existing service page unless unique intent and enough factual content justify a new page,Medium; validate before publishing,Evaluate for genuinely useful new page,Cluster with an existing service page unless unique intent and enough factual content justify a new page,Generated from validated route + service pattern; verify before page creation
1228,P2,parcel delivery from Oman to Bahrain,EN,GCC country-pair expansion,Commercial,Oman,Bahrain,Small parcel,Oman → Bahrain,/bahrain-saudi-gcc-transport/en/oman-to-bahrain/,GSC avg position 7.26; mainly informational traffic,Dedicated bilingual route page exists,Leave primary SEO fields and ranking content unchanged; add only small safe conversion support,High; protect existing winner,Protect,Leave primary SEO fields and ranking content unchanged; add only small safe conversion support,Research universe; validate commercial feasibility before publishing
1229,P2,parcel delivery from Qatar to Bahrain,EN,GCC country-pair expansion,Commercial,Qatar,Bahrain,Small parcel,Qatar → Bahrain,/bahrain-saudi-gcc-transport/en/qatar-to-bahrain/,GSC avg position 7.88; page-one winner,Dedicated bilingual route page exists,Leave primary SEO fields and ranking content unchanged; add only small safe conversion support,High; protect existing winner,Protect,Leave primary SEO fields and ranking content unchanged; add only small safe conversion support,Research universe; validate commercial feasibility before publishing
1230,P2,parcel delivery from Saudi Arabia to Bahrain,EN,GCC country-pair expansion,Commercial,Saudi Arabia,Bahrain,Small parcel,Saudi Arabia → Bahrain,/bahrain-saudi-gcc-transport/,No numeric ranking evidence supplied for this keyword,No exact phrase found; contextual coverage required,Cluster with an existing service page unless unique intent and enough factual content justify a new page,Medium; validate before publishing,Evaluate for genuinely useful new page,Cluster with an existing service page unless unique intent and enough factual content justify a new page,Research universe; validate commercial feasibility before publishing
1231,P2,parcel delivery from UAE to Bahrain,EN,GCC country-pair expansion,Commercial,UAE,Bahrain,Small parcel,UAE → Bahrain,/bahrain-saudi-gcc-transport/,No numeric ranking evidence supplied for this keyword,No exact phrase found; contextual coverage required,Cluster with an existing service page unless unique intent and enough factual content justify a new page,Medium; validate before publishing,Evaluate for genuinely useful new page,Cluster with an existing service page unless unique intent and enough factual content justify a new page,Research universe; validate commercial feasibility before publishing
1232,P2,personal driver bahrain,EN,Google Autocomplete — observed,Commercial,,,Observed wording,Route / service cluster,/bahrain-saudi-gcc-transport/,No numeric ranking evidence supplied for this keyword,No exact phrase found; contextual coverage required,Cluster with an existing service page unless unique intent and enough factual content justify a new page,Medium; validate before publishing,Evaluate for genuinely useful new page,Cluster with an existing service page unless unique intent and enough factual content justify a new page,Directly observed in Google Bahrain suggestions on 16 Sep 2026
1233,P2,private car from Abu Dhabi to Bahrain,EN,Systematic long-tail expansion,Commercial,Abu Dhabi,Bahrain,Private transfer,Abu Dhabi → Bahrain,/bahrain-saudi-gcc-transport/,No numeric ranking evidence supplied for this keyword,No exact phrase found; contextual coverage required,Cluster with an existing service page unless unique intent and enough factual content justify a new page,Medium; validate before publishing,Evaluate for genuinely useful new page,Cluster with an existing service page unless unique intent and enough factual content justify a new page,Generated from validated route + service pattern; verify before page creation
1234,P2,private car from Bahrain to Abu Dhabi,EN,Systematic long-tail expansion,Commercial,Bahrain,Abu Dhabi,Private transfer,Bahrain → Abu Dhabi,/bahrain-saudi-gcc-transport/,No numeric ranking evidence supplied for this keyword,No exact phrase found; contextual coverage required,Cluster with an existing service page unless unique intent and enough factual content justify a new page,Medium; validate before publishing,Evaluate for genuinely useful new page,Cluster with an existing service page unless unique intent and enough factual content justify a new page,Generated from validated route + service pattern; verify before page creation
1235,P2,private car from Bahrain to Dubai,EN,Systematic long-tail expansion,Commercial,Bahrain,Dubai,Private transfer,Bahrain → Dubai,/bahrain-saudi-gcc-transport/en/bahrain-to-dubai/,GSC avg position 7.45; mainly informational traffic,Dedicated bilingual route page exists,Leave primary SEO fields and ranking content unchanged; add only small safe conversion support,High; protect existing winner,Protect,Leave primary SEO fields and ranking content unchanged; add only small safe conversion support,Generated from validated route + service pattern; verify before page creation
1236,P2,private car from Bahrain to Iraq,EN,GCC country-pair expansion,Commercial,Bahrain,Iraq,Private transfer,Bahrain → Iraq,/bahrain-saudi-gcc-transport/,No numeric ranking evidence supplied for this keyword,No exact phrase found; contextual coverage required,Cluster with an existing service page unless unique intent and enough factual content justify a new page,Medium; validate before publishing,Evaluate for genuinely useful new page,Cluster with an existing service page unless unique intent and enough factual content justify a new page,Research universe; validate commercial feasibility before publishing
1237,P2,private car from Bahrain to Karbala,EN,Systematic long-tail expansion,Commercial,Bahrain,Karbala,Private transfer,Bahrain → Karbala,/bahrain-saudi-gcc-transport/,No numeric ranking evidence supplied for this keyword,Exact keyword phrase appears in existing site content,Cluster with an existing service page unless unique intent and enough factual content justify a new page,Medium; validate before publishing,Evaluate for genuinely useful new page,Cluster with an existing service page unless unique intent and enough factual content justify a new page,Generated from validated route + service pattern; verify before page creation
1238,P2,private car from Bahrain to Khafji,EN,Systematic long-tail expansion,Commercial,Bahrain,Khafji,Private transfer,Bahrain → Khafji,/bahrain-saudi-gcc-transport/,No numeric ranking evidence supplied for this keyword,No exact phrase found; contextual coverage required,Cluster with an existing service page unless unique intent and enough factual content justify a new page,Medium; validate before publishing,Evaluate for genuinely useful new page,Cluster with an existing service page unless unique intent and enough factual content justify a new page,Generated from validated route + service pattern; verify before page creation
1239,P2,private car from Bahrain to Kuwait,EN,GCC country-pair expansion,Commercial,Bahrain,Kuwait,Private transfer,Bahrain → Kuwait,/bahrain-saudi-gcc-transport/en/bahrain-to-kuwait/,GSC avg position 8.48; page-one winner with CTR opportunity,Dedicated bilingual route page exists,Leave primary SEO fields and ranking content unchanged; add only small safe conversion support,High; protect existing winner,Protect,Leave primary SEO fields and ranking content unchanged; add only small safe conversion support,Research universe; validate commercial feasibility before publishing
1240,P2,private car from Bahrain to Muscat,EN,Systematic long-tail expansion,Commercial,Bahrain,Muscat,Private transfer,Bahrain → Muscat,/bahrain-saudi-gcc-transport/en/bahrain-to-oman/,GSC avg position 7.26; mainly informational traffic,Dedicated bilingual route page exists,Leave primary SEO fields and ranking content unchanged; add only small safe conversion support,High; protect existing winner,Protect,Leave primary SEO fields and ranking content unchanged; add only small safe conversion support,Generated from validated route + service pattern; verify before page creation
1241,P2,private car from Bahrain to Najaf,EN,Systematic long-tail expansion,Commercial,Bahrain,Najaf,Private transfer,Bahrain → Najaf,/bahrain-saudi-gcc-transport/,No numeric ranking evidence supplied for this keyword,Exact keyword phrase appears in existing site content,Cluster with an existing service page unless unique intent and enough factual content justify a new page,Medium; validate before publishing,Evaluate for genuinely useful new page,Cluster with an existing service page unless unique intent and enough factual content justify a new page,Generated from validated route + service pattern; verify before page creation
1242,P2,private car from Bahrain to Oman,EN,GCC country-pair expansion,Commercial,Bahrain,Oman,Private transfer,Bahrain → Oman,/bahrain-saudi-gcc-transport/en/bahrain-to-oman/,GSC avg position 7.26; mainly informational traffic,Dedicated bilingual route page exists,Leave primary SEO fields and ranking content unchanged; add only small safe conversion support,High; protect existing winner,Protect,Leave primary SEO fields and ranking content unchanged; add only small safe conversion support,Research universe; validate commercial feasibility before publishing
1243,P2,private car from Bahrain to Qatar,EN,GCC country-pair expansion,Commercial,Bahrain,Qatar,Private transfer,Bahrain → Qatar,/bahrain-saudi-gcc-transport/en/bahrain-to-qatar/,GSC avg position 7.88; page-one winner,Dedicated bilingual route page exists,Leave primary SEO fields and ranking content unchanged; add only small safe conversion support,High; protect existing winner,Protect,Leave primary SEO fields and ranking content unchanged; add only small safe conversion support,Research universe; validate commercial feasibility before publishing
1244,P2,private car from Bahrain to Saudi Arabia,EN,GCC country-pair expansion,Commercial,Bahrain,Saudi Arabia,Private transfer,Bahrain → Saudi Arabia,/bahrain-saudi-gcc-transport/,No numeric ranking evidence supplied for this keyword,No exact phrase found; contextual coverage required,Cluster with an existing service page unless unique intent and enough factual content justify a new page,Medium; validate before publishing,Evaluate for genuinely useful new page,Cluster with an existing service page unless unique intent and enough factual content justify a new page,Research universe; validate commercial feasibility before publishing
1245,P2,private car from Bahrain to UAE,EN,GCC country-pair expansion,Commercial,Bahrain,UAE,Private transfer,Bahrain → UAE,/bahrain-saudi-gcc-transport/,No numeric ranking evidence supplied for this keyword,No exact phrase found; contextual coverage required,Cluster with an existing service page unless unique intent and enough factual content justify a new page,Medium; validate before publishing,Evaluate for genuinely useful new page,Cluster with an existing service page unless unique intent and enough factual content justify a new page,Research universe; validate commercial feasibility before publishing
1246,P2,private car from Dubai to Bahrain,EN,Systematic long-tail expansion,Commercial,Dubai,Bahrain,Private transfer,Dubai → Bahrain,/bahrain-saudi-gcc-transport/en/dubai-to-bahrain/,GSC avg position 7.45; mainly informational traffic,Dedicated bilingual route page exists,Leave primary SEO fields and ranking content unchanged; add only small safe conversion support,High; protect existing winner,Protect,Leave primary SEO fields and ranking content unchanged; add only small safe conversion support,Generated from validated route + service pattern; verify before page creation
1247,P2,private car from Iraq to Bahrain,EN,GCC country-pair expansion,Commercial,Iraq,Bahrain,Private transfer,Iraq → Bahrain,/bahrain-saudi-gcc-transport/,No numeric ranking evidence supplied for this keyword,No exact phrase found; contextual coverage required,Cluster with an existing service page unless unique intent and enough factual content justify a new page,Medium; validate before publishing,Evaluate for genuinely useful new page,Cluster with an existing service page unless unique intent and enough factual content justify a new page,Research universe; validate commercial feasibility before publishing
1248,P2,private car from Karbala to Bahrain,EN,Systematic long-tail expansion,Commercial,Karbala,Bahrain,Private transfer,Karbala → Bahrain,/bahrain-saudi-gcc-transport/,No numeric ranking evidence supplied for this keyword,No exact phrase found; contextual coverage required,Cluster with an existing service page unless unique intent and enough factual content justify a new page,Medium; validate before publishing,Evaluate for genuinely useful new page,Cluster with an existing service page unless unique intent and enough factual content justify a new page,Generated from validated route + service pattern; verify before page creation
1249,P2,private car from Khafji to Bahrain,EN,Systematic long-tail expansion,Commercial,Khafji,Bahrain,Private transfer,Khafji → Bahrain,/bahrain-saudi-gcc-transport/,No numeric ranking evidence supplied for this keyword,No exact phrase found; contextual coverage required,Cluster with an existing service page unless unique intent and enough factual content justify a new page,Medium; validate before publishing,Evaluate for genuinely useful new page,Cluster with an existing service page unless unique intent and enough factual content justify a new page,Generated from validated route + service pattern; verify before page creation
1250,P2,private car from Kuwait to Bahrain,EN,GCC country-pair expansion,Commercial,Kuwait,Bahrain,Private transfer,Kuwait → Bahrain,/bahrain-saudi-gcc-transport/en/kuwait-to-bahrain/,GSC avg position 8.48; page-one winner with CTR opportunity,Dedicated bilingual route page exists,Leave primary SEO fields and ranking content unchanged; add only small safe conversion support,High; protect existing winner,Protect,Leave primary SEO fields and ranking content unchanged; add only small safe conversion support,Research universe; validate commercial feasibility before publishing
1251,P2,private car from Muscat to Bahrain,EN,Systematic long-tail expansion,Commercial,Muscat,Bahrain,Private transfer,Muscat → Bahrain,/bahrain-saudi-gcc-transport/en/oman-to-bahrain/,GSC avg position 7.26; mainly informational traffic,Dedicated bilingual route page exists,Leave primary SEO fields and ranking content unchanged; add only small safe conversion support,High; protect existing winner,Protect,Leave primary SEO fields and ranking content unchanged; add only small safe conversion support,Generated from validated route + service pattern; verify before page creation
1252,P2,private car from Najaf to Bahrain,EN,Systematic long-tail expansion,Commercial,Najaf,Bahrain,Private transfer,Najaf → Bahrain,/bahrain-saudi-gcc-transport/,No numeric ranking evidence supplied for this keyword,No exact phrase found; contextual coverage required,Cluster with an existing service page unless unique intent and enough factual content justify a new page,Medium; validate before publishing,Evaluate for genuinely useful new page,Cluster with an existing service page unless unique intent and enough factual content justify a new page,Generated from validated route + service pattern; verify before page creation
1253,P2,private car from Oman to Bahrain,EN,GCC country-pair expansion,Commercial,Oman,Bahrain,Private transfer,Oman → Bahrain,/bahrain-saudi-gcc-transport/en/oman-to-bahrain/,GSC avg position 7.26; mainly informational traffic,Dedicated bilingual route page exists,Leave primary SEO fields and ranking content unchanged; add only small safe conversion support,High; protect existing winner,Protect,Leave primary SEO fields and ranking content unchanged; add only small safe conversion support,Research universe; validate commercial feasibility before publishing
1254,P2,private car from Qatar to Bahrain,EN,GCC country-pair expansion,Commercial,Qatar,Bahrain,Private transfer,Qatar → Bahrain,/bahrain-saudi-gcc-transport/en/qatar-to-bahrain/,GSC avg position 7.88; page-one winner,Dedicated bilingual route page exists,Leave primary SEO fields and ranking content unchanged; add only small safe conversion support,High; protect existing winner,Protect,Leave primary SEO fields and ranking content unchanged; add only small safe conversion support,Research universe; validate commercial feasibility before publishing
1255,P2,private car from Saudi Arabia to Bahrain,EN,GCC country-pair expansion,Commercial,Saudi Arabia,Bahrain,Private transfer,Saudi Arabia → Bahrain,/bahrain-saudi-gcc-transport/,No numeric ranking evidence supplied for this keyword,No exact phrase found; contextual coverage required,Cluster with an existing service page unless unique intent and enough factual content justify a new page,Medium; validate before publishing,Evaluate for genuinely useful new page,Cluster with an existing service page unless unique intent and enough factual content justify a new page,Research universe; validate commercial feasibility before publishing
1256,P2,private car from UAE to Bahrain,EN,GCC country-pair expansion,Commercial,UAE,Bahrain,Private transfer,UAE → Bahrain,/bahrain-saudi-gcc-transport/,No numeric ranking evidence supplied for this keyword,No exact phrase found; contextual coverage required,Cluster with an existing service page unless unique intent and enough factual content justify a new page,Medium; validate before publishing,Evaluate for genuinely useful new page,Cluster with an existing service page unless unique intent and enough factual content justify a new page,Research universe; validate commercial feasibility before publishing
1257,P2,private chauffeur bahrain,EN,Google Autocomplete — observed,Commercial,,,Observed wording,Route / service cluster,/bahrain-saudi-gcc-transport/,No numeric ranking evidence supplied for this keyword,Exact keyword phrase appears in existing site content,Cluster with an existing service page unless unique intent and enough factual content justify a new page,Medium; validate before publishing,Evaluate for genuinely useful new page,Cluster with an existing service page unless unique intent and enough factual content justify a new page,Directly observed in Google Bahrain suggestions on 16 Sep 2026
1258,P2,private driver bahrain,EN,Google Autocomplete — observed,Commercial,,,Observed wording,Route / service cluster,/bahrain-saudi-gcc-transport/,No numeric ranking evidence supplied for this keyword,Exact keyword phrase appears in existing site content,Cluster with an existing service page unless unique intent and enough factual content justify a new page,Medium; validate before publishing,Evaluate for genuinely useful new page,Cluster with an existing service page unless unique intent and enough factual content justify a new page,Directly observed in Google Bahrain suggestions on 16 Sep 2026
1259,P2,private driver Bahrain full day,EN,Service-intent expansion,Commercial,Bahrain,,Full-day driver,Full-day driver,/bahrain-saudi-gcc-transport/,No numeric ranking evidence supplied for this keyword,No exact phrase found; contextual coverage required,Cluster with an existing service page unless unique intent and enough factual content justify a new page,Medium; validate before publishing,Evaluate for genuinely useful new page,Cluster with an existing service page unless unique intent and enough factual content justify a new page,Service-level opportunity; match only to supported services
1260,P2,Qatar to Bahrain by road,EN,GCC country-pair expansion,Informational,Qatar,Bahrain,Driving,Qatar → Bahrain,/bahrain-saudi-gcc-transport/en/qatar-to-bahrain/,GSC avg position 7.88; page-one winner,Dedicated bilingual route page exists,Leave primary SEO fields and ranking content unchanged; add only small safe conversion support,High; protect existing winner,Protect,Leave primary SEO fields and ranking content unchanged; add only small safe conversion support,Research universe; validate commercial feasibility before publishing
1261,P2,Qatar to Bahrain transport,EN,GCC country-pair expansion,Commercial,Qatar,Bahrain,Transport,Qatar → Bahrain,/bahrain-saudi-gcc-transport/en/qatar-to-bahrain/,GSC avg position 7.88; page-one winner,Dedicated bilingual route page exists,Leave primary SEO fields and ranking content unchanged; add only small safe conversion support,High; protect existing winner,Protect,Leave primary SEO fields and ranking content unchanged; add only small safe conversion support,Research universe; validate commercial feasibility before publishing
1262,P2,Saudi Arabia to Bahrain by road,EN,GCC country-pair expansion,Informational,Saudi Arabia,Bahrain,Driving,Saudi Arabia → Bahrain,/bahrain-saudi-gcc-transport/,No numeric ranking evidence supplied for this keyword,No exact phrase found; contextual coverage required,Cluster with an existing service page unless unique intent and enough factual content justify a new page,Medium; validate before publishing,Evaluate for genuinely useful new page,Cluster with an existing service page unless unique intent and enough factual content justify a new page,Research universe; validate commercial feasibility before publishing
1263,P2,Saudi Arabia to Bahrain transport,EN,GCC country-pair expansion,Commercial,Saudi Arabia,Bahrain,Transport,Saudi Arabia → Bahrain,/bahrain-saudi-gcc-transport/,No numeric ranking evidence supplied for this keyword,Exact keyword phrase appears in existing site content,Cluster with an existing service page unless unique intent and enough factual content justify a new page,Medium; validate before publishing,Evaluate for genuinely useful new page,Cluster with an existing service page unless unique intent and enough factual content justify a new page,Research universe; validate commercial feasibility before publishing
1264,P2,taxi from Abu Dhabi to Bahrain,EN,Systematic long-tail expansion,Commercial,Abu Dhabi,Bahrain,Taxi intent,Abu Dhabi → Bahrain,/bahrain-saudi-gcc-transport/,No numeric ranking evidence supplied for this keyword,No exact phrase found; contextual coverage required,Cluster with an existing service page unless unique intent and enough factual content justify a new page,Medium; validate before publishing,Evaluate for genuinely useful new page,Cluster with an existing service page unless unique intent and enough factual content justify a new page,Generated from validated route + service pattern; verify before page creation
1265,P2,taxi from Bahrain to Abu Dhabi,EN,Systematic long-tail expansion,Commercial,Bahrain,Abu Dhabi,Taxi intent,Bahrain → Abu Dhabi,/bahrain-saudi-gcc-transport/,No numeric ranking evidence supplied for this keyword,No exact phrase found; contextual coverage required,Cluster with an existing service page unless unique intent and enough factual content justify a new page,Medium; validate before publishing,Evaluate for genuinely useful new page,Cluster with an existing service page unless unique intent and enough factual content justify a new page,Generated from validated route + service pattern; verify before page creation
1266,P2,taxi from Bahrain to Dubai,EN,Systematic long-tail expansion,Commercial,Bahrain,Dubai,Taxi intent,Bahrain → Dubai,/bahrain-saudi-gcc-transport/en/bahrain-to-dubai/,GSC avg position 7.45; mainly informational traffic,Dedicated bilingual route page exists,Leave primary SEO fields and ranking content unchanged; add only small safe conversion support,High; protect existing winner,Protect,Leave primary SEO fields and ranking content unchanged; add only small safe conversion support,Generated from validated route + service pattern; verify before page creation
1267,P2,taxi from Bahrain to Karbala,EN,Systematic long-tail expansion,Commercial,Bahrain,Karbala,Taxi intent,Bahrain → Karbala,/bahrain-saudi-gcc-transport/,No numeric ranking evidence supplied for this keyword,No exact phrase found; contextual coverage required,Cluster with an existing service page unless unique intent and enough factual content justify a new page,Medium; validate before publishing,Evaluate for genuinely useful new page,Cluster with an existing service page unless unique intent and enough factual content justify a new page,Generated from validated route + service pattern; verify before page creation
1268,P2,taxi from Bahrain to Khafji,EN,Systematic long-tail expansion,Commercial,Bahrain,Khafji,Taxi intent,Bahrain → Khafji,/bahrain-saudi-gcc-transport/,No numeric ranking evidence supplied for this keyword,Exact keyword phrase appears in existing site content,Cluster with an existing service page unless unique intent and enough factual content justify a new page,Medium; validate before publishing,Evaluate for genuinely useful new page,Cluster with an existing service page unless unique intent and enough factual content justify a new page,Generated from validated route + service pattern; verify before page creation
1269,P2,taxi from Bahrain to Muscat,EN,Systematic long-tail expansion,Commercial,Bahrain,Muscat,Taxi intent,Bahrain → Muscat,/bahrain-saudi-gcc-transport/en/bahrain-to-oman/,GSC avg position 7.26; mainly informational traffic,Dedicated bilingual route page exists,Leave primary SEO fields and ranking content unchanged; add only small safe conversion support,High; protect existing winner,Protect,Leave primary SEO fields and ranking content unchanged; add only small safe conversion support,Generated from validated route + service pattern; verify before page creation
1270,P2,taxi from Bahrain to Najaf,EN,Systematic long-tail expansion,Commercial,Bahrain,Najaf,Taxi intent,Bahrain → Najaf,/bahrain-saudi-gcc-transport/,No numeric ranking evidence supplied for this keyword,No exact phrase found; contextual coverage required,Cluster with an existing service page unless unique intent and enough factual content justify a new page,Medium; validate before publishing,Evaluate for genuinely useful new page,Cluster with an existing service page unless unique intent and enough factual content justify a new page,Generated from validated route + service pattern; verify before page creation
1271,P2,taxi from Dubai to Bahrain,EN,Systematic long-tail expansion,Commercial,Dubai,Bahrain,Taxi intent,Dubai → Bahrain,/bahrain-saudi-gcc-transport/en/dubai-to-bahrain/,GSC avg position 7.45; mainly informational traffic,Dedicated bilingual route page exists,Leave primary SEO fields and ranking content unchanged; add only small safe conversion support,High; protect existing winner,Protect,Leave primary SEO fields and ranking content unchanged; add only small safe conversion support,Generated from validated route + service pattern; verify before page creation
1272,P2,taxi from Karbala to Bahrain,EN,Systematic long-tail expansion,Commercial,Karbala,Bahrain,Taxi intent,Karbala → Bahrain,/bahrain-saudi-gcc-transport/,No numeric ranking evidence supplied for this keyword,No exact phrase found; contextual coverage required,Cluster with an existing service page unless unique intent and enough factual content justify a new page,Medium; validate before publishing,Evaluate for genuinely useful new page,Cluster with an existing service page unless unique intent and enough factual content justify a new page,Generated from validated route + service pattern; verify before page creation
1273,P2,taxi from Khafji to Bahrain,EN,Systematic long-tail expansion,Commercial,Khafji,Bahrain,Taxi intent,Khafji → Bahrain,/bahrain-saudi-gcc-transport/,No numeric ranking evidence supplied for this keyword,Exact keyword phrase appears in existing site content,Cluster with an existing service page unless unique intent and enough factual content justify a new page,Medium; validate before publishing,Evaluate for genuinely useful new page,Cluster with an existing service page unless unique intent and enough factual content justify a new page,Generated from validated route + service pattern; verify before page creation
1274,P2,taxi from Muscat to Bahrain,EN,Systematic long-tail expansion,Commercial,Muscat,Bahrain,Taxi intent,Muscat → Bahrain,/bahrain-saudi-gcc-transport/en/oman-to-bahrain/,GSC avg position 7.26; mainly informational traffic,Dedicated bilingual route page exists,Leave primary SEO fields and ranking content unchanged; add only small safe conversion support,High; protect existing winner,Protect,Leave primary SEO fields and ranking content unchanged; add only small safe conversion support,Generated from validated route + service pattern; verify before page creation
1275,P2,taxi from Najaf to Bahrain,EN,Systematic long-tail expansion,Commercial,Najaf,Bahrain,Taxi intent,Najaf → Bahrain,/bahrain-saudi-gcc-transport/,No numeric ranking evidence supplied for this keyword,No exact phrase found; contextual coverage required,Cluster with an existing service page unless unique intent and enough factual content justify a new page,Medium; validate before publishing,Evaluate for genuinely useful new page,Cluster with an existing service page unless unique intent and enough factual content justify a new page,Generated from validated route + service pattern; verify before page creation
1276,P2,UAE to Bahrain by road,EN,GCC country-pair expansion,Informational,UAE,Bahrain,Driving,UAE → Bahrain,/bahrain-saudi-gcc-transport/,No numeric ranking evidence supplied for this keyword,No exact phrase found; contextual coverage required,Cluster with an existing service page unless unique intent and enough factual content justify a new page,Medium; validate before publishing,Evaluate for genuinely useful new page,Cluster with an existing service page unless unique intent and enough factual content justify a new page,Research universe; validate commercial feasibility before publishing
1277,P2,UAE to Bahrain transport,EN,GCC country-pair expansion,Commercial,UAE,Bahrain,Transport,UAE → Bahrain,/bahrain-saudi-gcc-transport/,No numeric ranking evidence supplied for this keyword,Exact keyword phrase appears in existing site content,Cluster with an existing service page unless unique intent and enough factual content justify a new page,Medium; validate before publishing,Evaluate for genuinely useful new page,Cluster with an existing service page unless unique intent and enough factual content justify a new page,Research universe; validate commercial feasibility before publishing
1278,P3,السفر من الإمارات الى السعودية بالسيارة,AR,GCC country-pair expansion,Informational,الإمارات,السعودية,معلومات طريق,الإمارات ← السعودية,/bahrain-saudi-gcc-transport/,No numeric ranking evidence supplied for this keyword,No exact phrase found; contextual coverage required,Cluster with an existing service page unless unique intent and enough factual content justify a new page,Medium; validate before publishing,Evaluate for genuinely useful new page,Cluster with an existing service page unless unique intent and enough factual content justify a new page,قائمة بحث شاملة؛ يجب التحقق من الجدوى قبل إنشاء صفحة
1279,P3,السفر من الإمارات الى العراق بالسيارة,AR,GCC country-pair expansion,Informational,الإمارات,العراق,معلومات طريق,الإمارات ← العراق,/bahrain-saudi-gcc-transport/,No numeric ranking evidence supplied for this keyword,No exact phrase found; contextual coverage required,Cluster with an existing service page unless unique intent and enough factual content justify a new page,Medium; validate before publishing,Evaluate for genuinely useful new page,Cluster with an existing service page unless unique intent and enough factual content justify a new page,قائمة بحث شاملة؛ يجب التحقق من الجدوى قبل إنشاء صفحة
1280,P3,السفر من الإمارات الى الكويت بالسيارة,AR,GCC country-pair expansion,Informational,الإمارات,الكويت,معلومات طريق,الإمارات ← الكويت,/bahrain-saudi-gcc-transport/,GSC avg position 8.48; page-one winner with CTR opportunity,No exact phrase found; contextual coverage required,Leave primary SEO fields and ranking content unchanged; add only small safe conversion support,High; protect existing winner,Protect,Leave primary SEO fields and ranking content unchanged; add only small safe conversion support,قائمة بحث شاملة؛ يجب التحقق من الجدوى قبل إنشاء صفحة
1281,P3,السفر من الإمارات الى عمان بالسيارة,AR,GCC country-pair expansion,Informational,الإمارات,عمان,معلومات طريق,الإمارات ← عمان,/bahrain-saudi-gcc-transport/,GSC avg position 7.26; mainly informational traffic,No exact phrase found; contextual coverage required,Leave primary SEO fields and ranking content unchanged; add only small safe conversion support,High; protect existing winner,Protect,Leave primary SEO fields and ranking content unchanged; add only small safe conversion support,قائمة بحث شاملة؛ يجب التحقق من الجدوى قبل إنشاء صفحة
1282,P3,السفر من الإمارات الى قطر بالسيارة,AR,GCC country-pair expansion,Informational,الإمارات,قطر,معلومات طريق,الإمارات ← قطر,/bahrain-saudi-gcc-transport/,GSC avg position 7.88; page-one winner,No exact phrase found; contextual coverage required,Leave primary SEO fields and ranking content unchanged; add only small safe conversion support,High; protect existing winner,Protect,Leave primary SEO fields and ranking content unchanged; add only small safe conversion support,قائمة بحث شاملة؛ يجب التحقق من الجدوى قبل إنشاء صفحة
1283,P3,السفر من السعودية الى الإمارات بالسيارة,AR,GCC country-pair expansion,Informational,السعودية,الإمارات,معلومات طريق,السعودية ← الإمارات,/bahrain-saudi-gcc-transport/,No numeric ranking evidence supplied for this keyword,No exact phrase found; contextual coverage required,Cluster with an existing service page unless unique intent and enough factual content justify a new page,Medium; validate before publishing,Evaluate for genuinely useful new page,Cluster with an existing service page unless unique intent and enough factual content justify a new page,قائمة بحث شاملة؛ يجب التحقق من الجدوى قبل إنشاء صفحة
1284,P3,السفر من السعودية الى العراق بالسيارة,AR,GCC country-pair expansion,Informational,السعودية,العراق,معلومات طريق,السعودية ← العراق,/bahrain-saudi-gcc-transport/,No numeric ranking evidence supplied for this keyword,No exact phrase found; contextual coverage required,Cluster with an existing service page unless unique intent and enough factual content justify a new page,Medium; validate before publishing,Evaluate for genuinely useful new page,Cluster with an existing service page unless unique intent and enough factual content justify a new page,قائمة بحث شاملة؛ يجب التحقق من الجدوى قبل إنشاء صفحة
1285,P3,السفر من السعودية الى الكويت بالسيارة,AR,GCC country-pair expansion,Informational,السعودية,الكويت,معلومات طريق,السعودية ← الكويت,/bahrain-saudi-gcc-transport/,GSC avg position 8.48; page-one winner with CTR opportunity,No exact phrase found; contextual coverage required,Leave primary SEO fields and ranking content unchanged; add only small safe conversion support,High; protect existing winner,Protect,Leave primary SEO fields and ranking content unchanged; add only small safe conversion support,قائمة بحث شاملة؛ يجب التحقق من الجدوى قبل إنشاء صفحة
1286,P3,السفر من السعودية الى عمان بالسيارة,AR,GCC country-pair expansion,Informational,السعودية,عمان,معلومات طريق,السعودية ← عمان,/bahrain-saudi-gcc-transport/,GSC avg position 7.26; mainly informational traffic,No exact phrase found; contextual coverage required,Leave primary SEO fields and ranking content unchanged; add only small safe conversion support,High; protect existing winner,Protect,Leave primary SEO fields and ranking content unchanged; add only small safe conversion support,قائمة بحث شاملة؛ يجب التحقق من الجدوى قبل إنشاء صفحة
1287,P3,السفر من السعودية الى قطر بالسيارة,AR,GCC country-pair expansion,Informational,السعودية,قطر,معلومات طريق,السعودية ← قطر,/bahrain-saudi-gcc-transport/,GSC avg position 7.88; page-one winner,No exact phrase found; contextual coverage required,Leave primary SEO fields and ranking content unchanged; add only small safe conversion support,High; protect existing winner,Protect,Leave primary SEO fields and ranking content unchanged; add only small safe conversion support,قائمة بحث شاملة؛ يجب التحقق من الجدوى قبل إنشاء صفحة
1288,P3,السفر من العراق الى الإمارات بالسيارة,AR,GCC country-pair expansion,Informational,العراق,الإمارات,معلومات طريق,العراق ← الإمارات,/bahrain-saudi-gcc-transport/,No numeric ranking evidence supplied for this keyword,No exact phrase found; contextual coverage required,Cluster with an existing service page unless unique intent and enough factual content justify a new page,Medium; validate before publishing,Evaluate for genuinely useful new page,Cluster with an existing service page unless unique intent and enough factual content justify a new page,قائمة بحث شاملة؛ يجب التحقق من الجدوى قبل إنشاء صفحة
1289,P3,السفر من العراق الى السعودية بالسيارة,AR,GCC country-pair expansion,Informational,العراق,السعودية,معلومات طريق,العراق ← السعودية,/bahrain-saudi-gcc-transport/,No numeric ranking evidence supplied for this keyword,No exact phrase found; contextual coverage required,Cluster with an existing service page unless unique intent and enough factual content justify a new page,Medium; validate before publishing,Evaluate for genuinely useful new page,Cluster with an existing service page unless unique intent and enough factual content justify a new page,قائمة بحث شاملة؛ يجب التحقق من الجدوى قبل إنشاء صفحة
1290,P3,السفر من العراق الى الكويت بالسيارة,AR,GCC country-pair expansion,Informational,العراق,الكويت,معلومات طريق,العراق ← الكويت,/bahrain-saudi-gcc-transport/,GSC avg position 8.48; page-one winner with CTR opportunity,No exact phrase found; contextual coverage required,Leave primary SEO fields and ranking content unchanged; add only small safe conversion support,High; protect existing winner,Protect,Leave primary SEO fields and ranking content unchanged; add only small safe conversion support,قائمة بحث شاملة؛ يجب التحقق من الجدوى قبل إنشاء صفحة
1291,P3,السفر من العراق الى عمان بالسيارة,AR,GCC country-pair expansion,Informational,العراق,عمان,معلومات طريق,العراق ← عمان,/bahrain-saudi-gcc-transport/,GSC avg position 7.26; mainly informational traffic,No exact phrase found; contextual coverage required,Leave primary SEO fields and ranking content unchanged; add only small safe conversion support,High; protect existing winner,Protect,Leave primary SEO fields and ranking content unchanged; add only small safe conversion support,قائمة بحث شاملة؛ يجب التحقق من الجدوى قبل إنشاء صفحة
1292,P3,السفر من العراق الى قطر بالسيارة,AR,GCC country-pair expansion,Informational,العراق,قطر,معلومات طريق,العراق ← قطر,/bahrain-saudi-gcc-transport/,GSC avg position 7.88; page-one winner,No exact phrase found; contextual coverage required,Leave primary SEO fields and ranking content unchanged; add only small safe conversion support,High; protect existing winner,Protect,Leave primary SEO fields and ranking content unchanged; add only small safe conversion support,قائمة بحث شاملة؛ يجب التحقق من الجدوى قبل إنشاء صفحة
1293,P3,السفر من الكويت الى الإمارات بالسيارة,AR,GCC country-pair expansion,Informational,الكويت,الإمارات,معلومات طريق,الكويت ← الإمارات,/bahrain-saudi-gcc-transport/,GSC avg position 8.48; page-one winner with CTR opportunity,No exact phrase found; contextual coverage required,Leave primary SEO fields and ranking content unchanged; add only small safe conversion support,High; protect existing winner,Protect,Leave primary SEO fields and ranking content unchanged; add only small safe conversion support,قائمة بحث شاملة؛ يجب التحقق من الجدوى قبل إنشاء صفحة
1294,P3,السفر من الكويت الى السعودية بالسيارة,AR,GCC country-pair expansion,Informational,الكويت,السعودية,معلومات طريق,الكويت ← السعودية,/bahrain-saudi-gcc-transport/,GSC avg position 8.48; page-one winner with CTR opportunity,No exact phrase found; contextual coverage required,Leave primary SEO fields and ranking content unchanged; add only small safe conversion support,High; protect existing winner,Protect,Leave primary SEO fields and ranking content unchanged; add only small safe conversion support,قائمة بحث شاملة؛ يجب التحقق من الجدوى قبل إنشاء صفحة
1295,P3,السفر من الكويت الى العراق بالسيارة,AR,GCC country-pair expansion,Informational,الكويت,العراق,معلومات طريق,الكويت ← العراق,/bahrain-saudi-gcc-transport/,GSC avg position 8.48; page-one winner with CTR opportunity,No exact phrase found; contextual coverage required,Leave primary SEO fields and ranking content unchanged; add only small safe conversion support,High; protect existing winner,Protect,Leave primary SEO fields and ranking content unchanged; add only small safe conversion support,قائمة بحث شاملة؛ يجب التحقق من الجدوى قبل إنشاء صفحة
1296,P3,السفر من الكويت الى عمان بالسيارة,AR,GCC country-pair expansion,Informational,الكويت,عمان,معلومات طريق,الكويت ← عمان,/bahrain-saudi-gcc-transport/oman-to-kuwait/,GSC avg position 8.48; page-one winner with CTR opportunity,No exact phrase found; contextual coverage required,Leave primary SEO fields and ranking content unchanged; add only small safe conversion support,High; protect existing winner,Protect,Leave primary SEO fields and ranking content unchanged; add only small safe conversion support,قائمة بحث شاملة؛ يجب التحقق من الجدوى قبل إنشاء صفحة
1297,P3,السفر من الكويت الى قطر بالسيارة,AR,GCC country-pair expansion,Informational,الكويت,قطر,معلومات طريق,الكويت ← قطر,/bahrain-saudi-gcc-transport/qatar-to-kuwait/,GSC avg position 7.88; page-one winner,No exact phrase found; contextual coverage required,Leave primary SEO fields and ranking content unchanged; add only small safe conversion support,High; protect existing winner,Protect,Leave primary SEO fields and ranking content unchanged; add only small safe conversion support,قائمة بحث شاملة؛ يجب التحقق من الجدوى قبل إنشاء صفحة
1298,P3,السفر من عمان الى الإمارات بالسيارة,AR,GCC country-pair expansion,Informational,عمان,الإمارات,معلومات طريق,عمان ← الإمارات,/bahrain-saudi-gcc-transport/,GSC avg position 7.26; mainly informational traffic,No exact phrase found; contextual coverage required,Leave primary SEO fields and ranking content unchanged; add only small safe conversion support,High; protect existing winner,Protect,Leave primary SEO fields and ranking content unchanged; add only small safe conversion support,قائمة بحث شاملة؛ يجب التحقق من الجدوى قبل إنشاء صفحة
1299,P3,السفر من عمان الى السعودية بالسيارة,AR,GCC country-pair expansion,Informational,عمان,السعودية,معلومات طريق,عمان ← السعودية,/bahrain-saudi-gcc-transport/,GSC avg position 7.26; mainly informational traffic,No exact phrase found; contextual coverage required,Leave primary SEO fields and ranking content unchanged; add only small safe conversion support,High; protect existing winner,Protect,Leave primary SEO fields and ranking content unchanged; add only small safe conversion support,قائمة بحث شاملة؛ يجب التحقق من الجدوى قبل إنشاء صفحة
1300,P3,السفر من عمان الى العراق بالسيارة,AR,GCC country-pair expansion,Informational,عمان,العراق,معلومات طريق,عمان ← العراق,/bahrain-saudi-gcc-transport/,GSC avg position 7.26; mainly informational traffic,No exact phrase found; contextual coverage required,Leave primary SEO fields and ranking content unchanged; add only small safe conversion support,High; protect existing winner,Protect,Leave primary SEO fields and ranking content unchanged; add only small safe conversion support,قائمة بحث شاملة؛ يجب التحقق من الجدوى قبل إنشاء صفحة
1301,P3,السفر من عمان الى الكويت بالسيارة,AR,GCC country-pair expansion,Informational,عمان,الكويت,معلومات طريق,عمان ← الكويت,/bahrain-saudi-gcc-transport/kuwait-to-oman/,GSC avg position 8.48; page-one winner with CTR opportunity,No exact phrase found; contextual coverage required,Leave primary SEO fields and ranking content unchanged; add only small safe conversion support,High; protect existing winner,Protect,Leave primary SEO fields and ranking content unchanged; add only small safe conversion support,قائمة بحث شاملة؛ يجب التحقق من الجدوى قبل إنشاء صفحة
1302,P3,السفر من عمان الى قطر بالسيارة,AR,GCC country-pair expansion,Informational,عمان,قطر,معلومات طريق,عمان ← قطر,/bahrain-saudi-gcc-transport/qatar-to-oman/,GSC avg position 7.88; page-one winner,No exact phrase found; contextual coverage required,Leave primary SEO fields and ranking content unchanged; add only small safe conversion support,High; protect existing winner,Protect,Leave primary SEO fields and ranking content unchanged; add only small safe conversion support,قائمة بحث شاملة؛ يجب التحقق من الجدوى قبل إنشاء صفحة
1303,P3,السفر من قطر الى الإمارات بالسيارة,AR,GCC country-pair expansion,Informational,قطر,الإمارات,معلومات طريق,قطر ← الإمارات,/bahrain-saudi-gcc-transport/,GSC avg position 7.88; page-one winner,No exact phrase found; contextual coverage required,Leave primary SEO fields and ranking content unchanged; add only small safe conversion support,High; protect existing winner,Protect,Leave primary SEO fields and ranking content unchanged; add only small safe conversion support,قائمة بحث شاملة؛ يجب التحقق من الجدوى قبل إنشاء صفحة
1304,P3,السفر من قطر الى السعودية بالسيارة,AR,GCC country-pair expansion,Informational,قطر,السعودية,معلومات طريق,قطر ← السعودية,/bahrain-saudi-gcc-transport/,GSC avg position 7.88; page-one winner,No exact phrase found; contextual coverage required,Leave primary SEO fields and ranking content unchanged; add only small safe conversion support,High; protect existing winner,Protect,Leave primary SEO fields and ranking content unchanged; add only small safe conversion support,قائمة بحث شاملة؛ يجب التحقق من الجدوى قبل إنشاء صفحة
1305,P3,السفر من قطر الى العراق بالسيارة,AR,GCC country-pair expansion,Informational,قطر,العراق,معلومات طريق,قطر ← العراق,/bahrain-saudi-gcc-transport/,GSC avg position 7.88; page-one winner,No exact phrase found; contextual coverage required,Leave primary SEO fields and ranking content unchanged; add only small safe conversion support,High; protect existing winner,Protect,Leave primary SEO fields and ranking content unchanged; add only small safe conversion support,قائمة بحث شاملة؛ يجب التحقق من الجدوى قبل إنشاء صفحة
1306,P3,السفر من قطر الى الكويت بالسيارة,AR,GCC country-pair expansion,Informational,قطر,الكويت,معلومات طريق,قطر ← الكويت,/bahrain-saudi-gcc-transport/kuwait-to-qatar/,GSC avg position 7.88; page-one winner,No exact phrase found; contextual coverage required,Leave primary SEO fields and ranking content unchanged; add only small safe conversion support,High; protect existing winner,Protect,Leave primary SEO fields and ranking content unchanged; add only small safe conversion support,قائمة بحث شاملة؛ يجب التحقق من الجدوى قبل إنشاء صفحة
1307,P3,السفر من قطر الى عمان بالسيارة,AR,GCC country-pair expansion,Informational,قطر,عمان,معلومات طريق,قطر ← عمان,/bahrain-saudi-gcc-transport/oman-to-qatar/,GSC avg position 7.88; page-one winner,No exact phrase found; contextual coverage required,Leave primary SEO fields and ranking content unchanged; add only small safe conversion support,High; protect existing winner,Protect,Leave primary SEO fields and ranking content unchanged; add only small safe conversion support,قائمة بحث شاملة؛ يجب التحقق من الجدوى قبل إنشاء صفحة
1308,P3,المسافة من البحرين الى صفوان بالسيارة,AR,Systematic long-tail expansion,Informational,البحرين,صفوان,مسافة,البحرين ← صفوان,/bahrain-saudi-gcc-transport/,No numeric ranking evidence supplied for this keyword,No exact phrase found; contextual coverage required,Cluster with an existing service page unless unique intent and enough factual content justify a new page,Medium; validate before publishing,Evaluate for genuinely useful new page,Cluster with an existing service page unless unique intent and enough factual content justify a new page,توسعة منهجية لعبارات المسار والخدمة؛ ليست حجم بحث موثق
1309,P3,المسافة من صفوان الى البحرين بالسيارة,AR,Systematic long-tail expansion,Informational,صفوان,البحرين,مسافة,صفوان ← البحرين,/bahrain-saudi-gcc-transport/,No numeric ranking evidence supplied for this keyword,No exact phrase found; contextual coverage required,Cluster with an existing service page unless unique intent and enough factual content justify a new page,Medium; validate before publishing,Evaluate for genuinely useful new page,Cluster with an existing service page unless unique intent and enough factual content justify a new page,توسعة منهجية لعبارات المسار والخدمة؛ ليست حجم بحث موثق
1310,P3,بكم التوصيل من البحرين الى صفوان,AR,Systematic long-tail expansion,Price,البحرين,صفوان,سعر,البحرين ← صفوان,/bahrain-saudi-gcc-transport/,No numeric ranking evidence supplied for this keyword,No exact phrase found; contextual coverage required,Cluster with an existing service page unless unique intent and enough factual content justify a new page,Medium; validate before publishing,Evaluate for genuinely useful new page,Cluster with an existing service page unless unique intent and enough factual content justify a new page,توسعة منهجية لعبارات المسار والخدمة؛ ليست حجم بحث موثق
1311,P3,بكم التوصيل من صفوان الى البحرين,AR,Systematic long-tail expansion,Price,صفوان,البحرين,سعر,صفوان ← البحرين,/bahrain-saudi-gcc-transport/,No numeric ranking evidence supplied for this keyword,No exact phrase found; contextual coverage required,Cluster with an existing service page unless unique intent and enough factual content justify a new page,Medium; validate before publishing,Evaluate for genuinely useful new page,Cluster with an existing service page unless unique intent and enough factual content justify a new page,توسعة منهجية لعبارات المسار والخدمة؛ ليست حجم بحث موثق
1312,P3,تاكسي من البحرين الى صفوان,AR,Systematic long-tail expansion,Commercial,البحرين,صفوان,تاكسي,البحرين ← صفوان,/bahrain-saudi-gcc-transport/,No numeric ranking evidence supplied for this keyword,No exact phrase found; contextual coverage required,Cluster with an existing service page unless unique intent and enough factual content justify a new page,Medium; validate before publishing,Evaluate for genuinely useful new page,Cluster with an existing service page unless unique intent and enough factual content justify a new page,توسعة منهجية لعبارات المسار والخدمة؛ ليست حجم بحث موثق
1313,P3,تاكسي من صفوان الى البحرين,AR,Systematic long-tail expansion,Commercial,صفوان,البحرين,تاكسي,صفوان ← البحرين,/bahrain-saudi-gcc-transport/,No numeric ranking evidence supplied for this keyword,No exact phrase found; contextual coverage required,Cluster with an existing service page unless unique intent and enough factual content justify a new page,Medium; validate before publishing,Evaluate for genuinely useful new page,Cluster with an existing service page unless unique intent and enough factual content justify a new page,توسعة منهجية لعبارات المسار والخدمة؛ ليست حجم بحث موثق
1314,P3,توصيل اغراض من الإمارات الى السعودية,AR,GCC country-pair expansion,Commercial,الإمارات,السعودية,طرود صغيرة,الإمارات ← السعودية,/bahrain-saudi-gcc-transport/,No numeric ranking evidence supplied for this keyword,No exact phrase found; contextual coverage required,Cluster with an existing service page unless unique intent and enough factual content justify a new page,Medium; validate before publishing,Evaluate for genuinely useful new page,Cluster with an existing service page unless unique intent and enough factual content justify a new page,قائمة بحث شاملة؛ يجب التحقق من الجدوى قبل إنشاء صفحة
1315,P3,توصيل اغراض من الإمارات الى العراق,AR,GCC country-pair expansion,Commercial,الإمارات,العراق,طرود صغيرة,الإمارات ← العراق,/bahrain-saudi-gcc-transport/,No numeric ranking evidence supplied for this keyword,No exact phrase found; contextual coverage required,Cluster with an existing service page unless unique intent and enough factual content justify a new page,Medium; validate before publishing,Evaluate for genuinely useful new page,Cluster with an existing service page unless unique intent and enough factual content justify a new page,قائمة بحث شاملة؛ يجب التحقق من الجدوى قبل إنشاء صفحة
1316,P3,توصيل اغراض من الإمارات الى الكويت,AR,GCC country-pair expansion,Commercial,الإمارات,الكويت,طرود صغيرة,الإمارات ← الكويت,/bahrain-saudi-gcc-transport/,GSC avg position 8.48; page-one winner with CTR opportunity,No exact phrase found; contextual coverage required,Leave primary SEO fields and ranking content unchanged; add only small safe conversion support,High; protect existing winner,Protect,Leave primary SEO fields and ranking content unchanged; add only small safe conversion support,قائمة بحث شاملة؛ يجب التحقق من الجدوى قبل إنشاء صفحة
1317,P3,توصيل اغراض من الإمارات الى عمان,AR,GCC country-pair expansion,Commercial,الإمارات,عمان,طرود صغيرة,الإمارات ← عمان,/bahrain-saudi-gcc-transport/,GSC avg position 7.26; mainly informational traffic,No exact phrase found; contextual coverage required,Leave primary SEO fields and ranking content unchanged; add only small safe conversion support,High; protect existing winner,Protect,Leave primary SEO fields and ranking content unchanged; add only small safe conversion support,قائمة بحث شاملة؛ يجب التحقق من الجدوى قبل إنشاء صفحة
1318,P3,توصيل اغراض من الإمارات الى قطر,AR,GCC country-pair expansion,Commercial,الإمارات,قطر,طرود صغيرة,الإمارات ← قطر,/bahrain-saudi-gcc-transport/,GSC avg position 7.88; page-one winner,No exact phrase found; contextual coverage required,Leave primary SEO fields and ranking content unchanged; add only small safe conversion support,High; protect existing winner,Protect,Leave primary SEO fields and ranking content unchanged; add only small safe conversion support,قائمة بحث شاملة؛ يجب التحقق من الجدوى قبل إنشاء صفحة
1319,P3,توصيل اغراض من البحرين الى صفوان,AR,Systematic long-tail expansion,Commercial,البحرين,صفوان,طرود صغيرة,البحرين ← صفوان,/bahrain-saudi-gcc-transport/,No numeric ranking evidence supplied for this keyword,No exact phrase found; contextual coverage required,Cluster with an existing service page unless unique intent and enough factual content justify a new page,Medium; validate before publishing,Evaluate for genuinely useful new page,Cluster with an existing service page unless unique intent and enough factual content justify a new page,توسعة منهجية لعبارات المسار والخدمة؛ ليست حجم بحث موثق
1320,P3,توصيل اغراض من السعودية الى الإمارات,AR,GCC country-pair expansion,Commercial,السعودية,الإمارات,طرود صغيرة,السعودية ← الإمارات,/bahrain-saudi-gcc-transport/,No numeric ranking evidence supplied for this keyword,No exact phrase found; contextual coverage required,Cluster with an existing service page unless unique intent and enough factual content justify a new page,Medium; validate before publishing,Evaluate for genuinely useful new page,Cluster with an existing service page unless unique intent and enough factual content justify a new page,قائمة بحث شاملة؛ يجب التحقق من الجدوى قبل إنشاء صفحة
1321,P3,توصيل اغراض من السعودية الى العراق,AR,GCC country-pair expansion,Commercial,السعودية,العراق,طرود صغيرة,السعودية ← العراق,/bahrain-saudi-gcc-transport/,No numeric ranking evidence supplied for this keyword,No exact phrase found; contextual coverage required,Cluster with an existing service page unless unique intent and enough factual content justify a new page,Medium; validate before publishing,Evaluate for genuinely useful new page,Cluster with an existing service page unless unique intent and enough factual content justify a new page,قائمة بحث شاملة؛ يجب التحقق من الجدوى قبل إنشاء صفحة
1322,P3,توصيل اغراض من السعودية الى الكويت,AR,GCC country-pair expansion,Commercial,السعودية,الكويت,طرود صغيرة,السعودية ← الكويت,/bahrain-saudi-gcc-transport/,GSC avg position 8.48; page-one winner with CTR opportunity,No exact phrase found; contextual coverage required,Leave primary SEO fields and ranking content unchanged; add only small safe conversion support,High; protect existing winner,Protect,Leave primary SEO fields and ranking content unchanged; add only small safe conversion support,قائمة بحث شاملة؛ يجب التحقق من الجدوى قبل إنشاء صفحة
1323,P3,توصيل اغراض من السعودية الى عمان,AR,GCC country-pair expansion,Commercial,السعودية,عمان,طرود صغيرة,السعودية ← عمان,/bahrain-saudi-gcc-transport/,GSC avg position 7.26; mainly informational traffic,No exact phrase found; contextual coverage required,Leave primary SEO fields and ranking content unchanged; add only small safe conversion support,High; protect existing winner,Protect,Leave primary SEO fields and ranking content unchanged; add only small safe conversion support,قائمة بحث شاملة؛ يجب التحقق من الجدوى قبل إنشاء صفحة
1324,P3,توصيل اغراض من السعودية الى قطر,AR,GCC country-pair expansion,Commercial,السعودية,قطر,طرود صغيرة,السعودية ← قطر,/bahrain-saudi-gcc-transport/,GSC avg position 7.88; page-one winner,No exact phrase found; contextual coverage required,Leave primary SEO fields and ranking content unchanged; add only small safe conversion support,High; protect existing winner,Protect,Leave primary SEO fields and ranking content unchanged; add only small safe conversion support,قائمة بحث شاملة؛ يجب التحقق من الجدوى قبل إنشاء صفحة
1325,P3,توصيل اغراض من العراق الى الإمارات,AR,GCC country-pair expansion,Commercial,العراق,الإمارات,طرود صغيرة,العراق ← الإمارات,/bahrain-saudi-gcc-transport/,No numeric ranking evidence supplied for this keyword,No exact phrase found; contextual coverage required,Cluster with an existing service page unless unique intent and enough factual content justify a new page,Medium; validate before publishing,Evaluate for genuinely useful new page,Cluster with an existing service page unless unique intent and enough factual content justify a new page,قائمة بحث شاملة؛ يجب التحقق من الجدوى قبل إنشاء صفحة
1326,P3,توصيل اغراض من العراق الى السعودية,AR,GCC country-pair expansion,Commercial,العراق,السعودية,طرود صغيرة,العراق ← السعودية,/bahrain-saudi-gcc-transport/,No numeric ranking evidence supplied for this keyword,No exact phrase found; contextual coverage required,Cluster with an existing service page unless unique intent and enough factual content justify a new page,Medium; validate before publishing,Evaluate for genuinely useful new page,Cluster with an existing service page unless unique intent and enough factual content justify a new page,قائمة بحث شاملة؛ يجب التحقق من الجدوى قبل إنشاء صفحة
1327,P3,توصيل اغراض من العراق الى الكويت,AR,GCC country-pair expansion,Commercial,العراق,الكويت,طرود صغيرة,العراق ← الكويت,/bahrain-saudi-gcc-transport/,GSC avg position 8.48; page-one winner with CTR opportunity,No exact phrase found; contextual coverage required,Leave primary SEO fields and ranking content unchanged; add only small safe conversion support,High; protect existing winner,Protect,Leave primary SEO fields and ranking content unchanged; add only small safe conversion support,قائمة بحث شاملة؛ يجب التحقق من الجدوى قبل إنشاء صفحة
1328,P3,توصيل اغراض من العراق الى عمان,AR,GCC country-pair expansion,Commercial,العراق,عمان,طرود صغيرة,العراق ← عمان,/bahrain-saudi-gcc-transport/,GSC avg position 7.26; mainly informational traffic,No exact phrase found; contextual coverage required,Leave primary SEO fields and ranking content unchanged; add only small safe conversion support,High; protect existing winner,Protect,Leave primary SEO fields and ranking content unchanged; add only small safe conversion support,قائمة بحث شاملة؛ يجب التحقق من الجدوى قبل إنشاء صفحة
1329,P3,توصيل اغراض من العراق الى قطر,AR,GCC country-pair expansion,Commercial,العراق,قطر,طرود صغيرة,العراق ← قطر,/bahrain-saudi-gcc-transport/,GSC avg position 7.88; page-one winner,No exact phrase found; contextual coverage required,Leave primary SEO fields and ranking content unchanged; add only small safe conversion support,High; protect existing winner,Protect,Leave primary SEO fields and ranking content unchanged; add only small safe conversion support,قائمة بحث شاملة؛ يجب التحقق من الجدوى قبل إنشاء صفحة
1330,P3,توصيل اغراض من الكويت الى الإمارات,AR,GCC country-pair expansion,Commercial,الكويت,الإمارات,طرود صغيرة,الكويت ← الإمارات,/bahrain-saudi-gcc-transport/,GSC avg position 8.48; page-one winner with CTR opportunity,No exact phrase found; contextual coverage required,Leave primary SEO fields and ranking content unchanged; add only small safe conversion support,High; protect existing winner,Protect,Leave primary SEO fields and ranking content unchanged; add only small safe conversion support,قائمة بحث شاملة؛ يجب التحقق من الجدوى قبل إنشاء صفحة
1331,P3,توصيل اغراض من الكويت الى السعودية,AR,GCC country-pair expansion,Commercial,الكويت,السعودية,طرود صغيرة,الكويت ← السعودية,/bahrain-saudi-gcc-transport/,GSC avg position 8.48; page-one winner with CTR opportunity,No exact phrase found; contextual coverage required,Leave primary SEO fields and ranking content unchanged; add only small safe conversion support,High; protect existing winner,Protect,Leave primary SEO fields and ranking content unchanged; add only small safe conversion support,قائمة بحث شاملة؛ يجب التحقق من الجدوى قبل إنشاء صفحة
1332,P3,توصيل اغراض من الكويت الى العراق,AR,GCC country-pair expansion,Commercial,الكويت,العراق,طرود صغيرة,الكويت ← العراق,/bahrain-saudi-gcc-transport/,GSC avg position 8.48; page-one winner with CTR opportunity,No exact phrase found; contextual coverage required,Leave primary SEO fields and ranking content unchanged; add only small safe conversion support,High; protect existing winner,Protect,Leave primary SEO fields and ranking content unchanged; add only small safe conversion support,قائمة بحث شاملة؛ يجب التحقق من الجدوى قبل إنشاء صفحة
1333,P3,توصيل اغراض من الكويت الى عمان,AR,GCC country-pair expansion,Commercial,الكويت,عمان,طرود صغيرة,الكويت ← عمان,/bahrain-saudi-gcc-transport/oman-to-kuwait/,GSC avg position 8.48; page-one winner with CTR opportunity,No exact phrase found; contextual coverage required,Leave primary SEO fields and ranking content unchanged; add only small safe conversion support,High; protect existing winner,Protect,Leave primary SEO fields and ranking content unchanged; add only small safe conversion support,قائمة بحث شاملة؛ يجب التحقق من الجدوى قبل إنشاء صفحة
1334,P3,توصيل اغراض من الكويت الى قطر,AR,GCC country-pair expansion,Commercial,الكويت,قطر,طرود صغيرة,الكويت ← قطر,/bahrain-saudi-gcc-transport/qatar-to-kuwait/,GSC avg position 7.88; page-one winner,No exact phrase found; contextual coverage required,Leave primary SEO fields and ranking content unchanged; add only small safe conversion support,High; protect existing winner,Protect,Leave primary SEO fields and ranking content unchanged; add only small safe conversion support,قائمة بحث شاملة؛ يجب التحقق من الجدوى قبل إنشاء صفحة
1335,P3,توصيل اغراض من صفوان الى البحرين,AR,Systematic long-tail expansion,Commercial,صفوان,البحرين,طرود صغيرة,صفوان ← البحرين,/bahrain-saudi-gcc-transport/,No numeric ranking evidence supplied for this keyword,No exact phrase found; contextual coverage required,Cluster with an existing service page unless unique intent and enough factual content justify a new page,Medium; validate before publishing,Evaluate for genuinely useful new page,Cluster with an existing service page unless unique intent and enough factual content justify a new page,توسعة منهجية لعبارات المسار والخدمة؛ ليست حجم بحث موثق
1336,P3,توصيل اغراض من عمان الى الإمارات,AR,GCC country-pair expansion,Commercial,عمان,الإمارات,طرود صغيرة,عمان ← الإمارات,/bahrain-saudi-gcc-transport/,GSC avg position 7.26; mainly informational traffic,No exact phrase found; contextual coverage required,Leave primary SEO fields and ranking content unchanged; add only small safe conversion support,High; protect existing winner,Protect,Leave primary SEO fields and ranking content unchanged; add only small safe conversion support,قائمة بحث شاملة؛ يجب التحقق من الجدوى قبل إنشاء صفحة
1337,P3,توصيل اغراض من عمان الى السعودية,AR,GCC country-pair expansion,Commercial,عمان,السعودية,طرود صغيرة,عمان ← السعودية,/bahrain-saudi-gcc-transport/,GSC avg position 7.26; mainly informational traffic,No exact phrase found; contextual coverage required,Leave primary SEO fields and ranking content unchanged; add only small safe conversion support,High; protect existing winner,Protect,Leave primary SEO fields and ranking content unchanged; add only small safe conversion support,قائمة بحث شاملة؛ يجب التحقق من الجدوى قبل إنشاء صفحة
1338,P3,توصيل اغراض من عمان الى العراق,AR,GCC country-pair expansion,Commercial,عمان,العراق,طرود صغيرة,عمان ← العراق,/bahrain-saudi-gcc-transport/,GSC avg position 7.26; mainly informational traffic,No exact phrase found; contextual coverage required,Leave primary SEO fields and ranking content unchanged; add only small safe conversion support,High; protect existing winner,Protect,Leave primary SEO fields and ranking content unchanged; add only small safe conversion support,قائمة بحث شاملة؛ يجب التحقق من الجدوى قبل إنشاء صفحة
1339,P3,توصيل اغراض من عمان الى الكويت,AR,GCC country-pair expansion,Commercial,عمان,الكويت,طرود صغيرة,عمان ← الكويت,/bahrain-saudi-gcc-transport/kuwait-to-oman/,GSC avg position 8.48; page-one winner with CTR opportunity,No exact phrase found; contextual coverage required,Leave primary SEO fields and ranking content unchanged; add only small safe conversion support,High; protect existing winner,Protect,Leave primary SEO fields and ranking content unchanged; add only small safe conversion support,قائمة بحث شاملة؛ يجب التحقق من الجدوى قبل إنشاء صفحة
1340,P3,توصيل اغراض من عمان الى قطر,AR,GCC country-pair expansion,Commercial,عمان,قطر,طرود صغيرة,عمان ← قطر,/bahrain-saudi-gcc-transport/qatar-to-oman/,GSC avg position 7.88; page-one winner,No exact phrase found; contextual coverage required,Leave primary SEO fields and ranking content unchanged; add only small safe conversion support,High; protect existing winner,Protect,Leave primary SEO fields and ranking content unchanged; add only small safe conversion support,قائمة بحث شاملة؛ يجب التحقق من الجدوى قبل إنشاء صفحة
1341,P3,توصيل اغراض من قطر الى الإمارات,AR,GCC country-pair expansion,Commercial,قطر,الإمارات,طرود صغيرة,قطر ← الإمارات,/bahrain-saudi-gcc-transport/,GSC avg position 7.88; page-one winner,No exact phrase found; contextual coverage required,Leave primary SEO fields and ranking content unchanged; add only small safe conversion support,High; protect existing winner,Protect,Leave primary SEO fields and ranking content unchanged; add only small safe conversion support,قائمة بحث شاملة؛ يجب التحقق من الجدوى قبل إنشاء صفحة
1342,P3,توصيل اغراض من قطر الى السعودية,AR,GCC country-pair expansion,Commercial,قطر,السعودية,طرود صغيرة,قطر ← السعودية,/bahrain-saudi-gcc-transport/,GSC avg position 7.88; page-one winner,No exact phrase found; contextual coverage required,Leave primary SEO fields and ranking content unchanged; add only small safe conversion support,High; protect existing winner,Protect,Leave primary SEO fields and ranking content unchanged; add only small safe conversion support,قائمة بحث شاملة؛ يجب التحقق من الجدوى قبل إنشاء صفحة
1343,P3,توصيل اغراض من قطر الى العراق,AR,GCC country-pair expansion,Commercial,قطر,العراق,طرود صغيرة,قطر ← العراق,/bahrain-saudi-gcc-transport/,GSC avg position 7.88; page-one winner,No exact phrase found; contextual coverage required,Leave primary SEO fields and ranking content unchanged; add only small safe conversion support,High; protect existing winner,Protect,Leave primary SEO fields and ranking content unchanged; add only small safe conversion support,قائمة بحث شاملة؛ يجب التحقق من الجدوى قبل إنشاء صفحة
1344,P3,توصيل اغراض من قطر الى الكويت,AR,GCC country-pair expansion,Commercial,قطر,الكويت,طرود صغيرة,قطر ← الكويت,/bahrain-saudi-gcc-transport/kuwait-to-qatar/,GSC avg position 7.88; page-one winner,No exact phrase found; contextual coverage required,Leave primary SEO fields and ranking content unchanged; add only small safe conversion support,High; protect existing winner,Protect,Leave primary SEO fields and ranking content unchanged; add only small safe conversion support,قائمة بحث شاملة؛ يجب التحقق من الجدوى قبل إنشاء صفحة
1345,P3,توصيل اغراض من قطر الى عمان,AR,GCC country-pair expansion,Commercial,قطر,عمان,طرود صغيرة,قطر ← عمان,/bahrain-saudi-gcc-transport/oman-to-qatar/,GSC avg position 7.88; page-one winner,No exact phrase found; contextual coverage required,Leave primary SEO fields and ranking content unchanged; add only small safe conversion support,High; protect existing winner,Protect,Leave primary SEO fields and ranking content unchanged; add only small safe conversion support,قائمة بحث شاملة؛ يجب التحقق من الجدوى قبل إنشاء صفحة
1346,P3,توصيل عوائل من البحرين الى صفوان,AR,Systematic long-tail expansion,Commercial,البحرين,صفوان,عوائل,البحرين ← صفوان,/bahrain-saudi-gcc-transport/,No numeric ranking evidence supplied for this keyword,No exact phrase found; contextual coverage required,Cluster with an existing service page unless unique intent and enough factual content justify a new page,Medium; validate before publishing,Evaluate for genuinely useful new page,Cluster with an existing service page unless unique intent and enough factual content justify a new page,توسعة منهجية لعبارات المسار والخدمة؛ ليست حجم بحث موثق
1347,P3,توصيل عوائل من صفوان الى البحرين,AR,Systematic long-tail expansion,Commercial,صفوان,البحرين,عوائل,صفوان ← البحرين,/bahrain-saudi-gcc-transport/,No numeric ranking evidence supplied for this keyword,No exact phrase found; contextual coverage required,Cluster with an existing service page unless unique intent and enough factual content justify a new page,Medium; validate before publishing,Evaluate for genuinely useful new page,Cluster with an existing service page unless unique intent and enough factual content justify a new page,توسعة منهجية لعبارات المسار والخدمة؛ ليست حجم بحث موثق
1348,P3,توصيل من الإمارات الى السعودية,AR,GCC country-pair expansion,Commercial,الإمارات,السعودية,توصيل,الإمارات ← السعودية,/bahrain-saudi-gcc-transport/,No numeric ranking evidence supplied for this keyword,No exact phrase found; contextual coverage required,Cluster with an existing service page unless unique intent and enough factual content justify a new page,Medium; validate before publishing,Evaluate for genuinely useful new page,Cluster with an existing service page unless unique intent and enough factual content justify a new page,قائمة بحث شاملة؛ يجب التحقق من الجدوى قبل إنشاء صفحة
1349,P3,توصيل من الإمارات الى العراق,AR,GCC country-pair expansion,Commercial,الإمارات,العراق,توصيل,الإمارات ← العراق,/bahrain-saudi-gcc-transport/,No numeric ranking evidence supplied for this keyword,No exact phrase found; contextual coverage required,Cluster with an existing service page unless unique intent and enough factual content justify a new page,Medium; validate before publishing,Evaluate for genuinely useful new page,Cluster with an existing service page unless unique intent and enough factual content justify a new page,قائمة بحث شاملة؛ يجب التحقق من الجدوى قبل إنشاء صفحة
1350,P3,توصيل من الإمارات الى الكويت,AR,GCC country-pair expansion,Commercial,الإمارات,الكويت,توصيل,الإمارات ← الكويت,/bahrain-saudi-gcc-transport/,GSC avg position 8.48; page-one winner with CTR opportunity,No exact phrase found; contextual coverage required,Leave primary SEO fields and ranking content unchanged; add only small safe conversion support,High; protect existing winner,Protect,Leave primary SEO fields and ranking content unchanged; add only small safe conversion support,قائمة بحث شاملة؛ يجب التحقق من الجدوى قبل إنشاء صفحة
1351,P3,توصيل من الإمارات الى عمان,AR,GCC country-pair expansion,Commercial,الإمارات,عمان,توصيل,الإمارات ← عمان,/bahrain-saudi-gcc-transport/,GSC avg position 7.26; mainly informational traffic,No exact phrase found; contextual coverage required,Leave primary SEO fields and ranking content unchanged; add only small safe conversion support,High; protect existing winner,Protect,Leave primary SEO fields and ranking content unchanged; add only small safe conversion support,قائمة بحث شاملة؛ يجب التحقق من الجدوى قبل إنشاء صفحة
1352,P3,توصيل من الإمارات الى قطر,AR,GCC country-pair expansion,Commercial,الإمارات,قطر,توصيل,الإمارات ← قطر,/bahrain-saudi-gcc-transport/,GSC avg position 7.88; page-one winner,No exact phrase found; contextual coverage required,Leave primary SEO fields and ranking content unchanged; add only small safe conversion support,High; protect existing winner,Protect,Leave primary SEO fields and ranking content unchanged; add only small safe conversion support,قائمة بحث شاملة؛ يجب التحقق من الجدوى قبل إنشاء صفحة
1353,P3,توصيل من البحرين إلى صفوان,AR,Systematic long-tail expansion,Commercial,البحرين,صفوان,توصيل,البحرين ← صفوان,/bahrain-saudi-gcc-transport/,No numeric ranking evidence supplied for this keyword,No exact phrase found; contextual coverage required,Cluster with an existing service page unless unique intent and enough factual content justify a new page,Medium; validate before publishing,Evaluate for genuinely useful new page,Cluster with an existing service page unless unique intent and enough factual content justify a new page,توسعة منهجية لعبارات المسار والخدمة؛ ليست حجم بحث موثق
1354,P3,توصيل من البحرين الى صفوان,AR,Systematic long-tail expansion,Commercial,البحرين,صفوان,توصيل,البحرين ← صفوان,/bahrain-saudi-gcc-transport/,No numeric ranking evidence supplied for this keyword,No exact phrase found; contextual coverage required,Cluster with an existing service page unless unique intent and enough factual content justify a new page,Medium; validate before publishing,Evaluate for genuinely useful new page,Cluster with an existing service page unless unique intent and enough factual content justify a new page,توسعة منهجية لعبارات المسار والخدمة؛ ليست حجم بحث موثق
1355,P3,توصيل من السعودية الى الإمارات,AR,GCC country-pair expansion,Commercial,السعودية,الإمارات,توصيل,السعودية ← الإمارات,/bahrain-saudi-gcc-transport/,No numeric ranking evidence supplied for this keyword,No exact phrase found; contextual coverage required,Cluster with an existing service page unless unique intent and enough factual content justify a new page,Medium; validate before publishing,Evaluate for genuinely useful new page,Cluster with an existing service page unless unique intent and enough factual content justify a new page,قائمة بحث شاملة؛ يجب التحقق من الجدوى قبل إنشاء صفحة
1356,P3,توصيل من السعودية الى العراق,AR,GCC country-pair expansion,Commercial,السعودية,العراق,توصيل,السعودية ← العراق,/bahrain-saudi-gcc-transport/,No numeric ranking evidence supplied for this keyword,No exact phrase found; contextual coverage required,Cluster with an existing service page unless unique intent and enough factual content justify a new page,Medium; validate before publishing,Evaluate for genuinely useful new page,Cluster with an existing service page unless unique intent and enough factual content justify a new page,قائمة بحث شاملة؛ يجب التحقق من الجدوى قبل إنشاء صفحة
1357,P3,توصيل من السعودية الى الكويت,AR,GCC country-pair expansion,Commercial,السعودية,الكويت,توصيل,السعودية ← الكويت,/bahrain-saudi-gcc-transport/,GSC avg position 8.48; page-one winner with CTR opportunity,No exact phrase found; contextual coverage required,Leave primary SEO fields and ranking content unchanged; add only small safe conversion support,High; protect existing winner,Protect,Leave primary SEO fields and ranking content unchanged; add only small safe conversion support,قائمة بحث شاملة؛ يجب التحقق من الجدوى قبل إنشاء صفحة
1358,P3,توصيل من السعودية الى عمان,AR,GCC country-pair expansion,Commercial,السعودية,عمان,توصيل,السعودية ← عمان,/bahrain-saudi-gcc-transport/,GSC avg position 7.26; mainly informational traffic,No exact phrase found; contextual coverage required,Leave primary SEO fields and ranking content unchanged; add only small safe conversion support,High; protect existing winner,Protect,Leave primary SEO fields and ranking content unchanged; add only small safe conversion support,قائمة بحث شاملة؛ يجب التحقق من الجدوى قبل إنشاء صفحة
1359,P3,توصيل من السعودية الى قطر,AR,GCC country-pair expansion,Commercial,السعودية,قطر,توصيل,السعودية ← قطر,/bahrain-saudi-gcc-transport/,GSC avg position 7.88; page-one winner,No exact phrase found; contextual coverage required,Leave primary SEO fields and ranking content unchanged; add only small safe conversion support,High; protect existing winner,Protect,Leave primary SEO fields and ranking content unchanged; add only small safe conversion support,قائمة بحث شاملة؛ يجب التحقق من الجدوى قبل إنشاء صفحة
1360,P3,توصيل من العراق الى الإمارات,AR,GCC country-pair expansion,Commercial,العراق,الإمارات,توصيل,العراق ← الإمارات,/bahrain-saudi-gcc-transport/,No numeric ranking evidence supplied for this keyword,No exact phrase found; contextual coverage required,Cluster with an existing service page unless unique intent and enough factual content justify a new page,Medium; validate before publishing,Evaluate for genuinely useful new page,Cluster with an existing service page unless unique intent and enough factual content justify a new page,قائمة بحث شاملة؛ يجب التحقق من الجدوى قبل إنشاء صفحة
1361,P3,توصيل من العراق الى السعودية,AR,GCC country-pair expansion,Commercial,العراق,السعودية,توصيل,العراق ← السعودية,/bahrain-saudi-gcc-transport/,No numeric ranking evidence supplied for this keyword,No exact phrase found; contextual coverage required,Cluster with an existing service page unless unique intent and enough factual content justify a new page,Medium; validate before publishing,Evaluate for genuinely useful new page,Cluster with an existing service page unless unique intent and enough factual content justify a new page,قائمة بحث شاملة؛ يجب التحقق من الجدوى قبل إنشاء صفحة
1362,P3,توصيل من العراق الى الكويت,AR,GCC country-pair expansion,Commercial,العراق,الكويت,توصيل,العراق ← الكويت,/bahrain-saudi-gcc-transport/,GSC avg position 8.48; page-one winner with CTR opportunity,No exact phrase found; contextual coverage required,Leave primary SEO fields and ranking content unchanged; add only small safe conversion support,High; protect existing winner,Protect,Leave primary SEO fields and ranking content unchanged; add only small safe conversion support,قائمة بحث شاملة؛ يجب التحقق من الجدوى قبل إنشاء صفحة
1363,P3,توصيل من العراق الى عمان,AR,GCC country-pair expansion,Commercial,العراق,عمان,توصيل,العراق ← عمان,/bahrain-saudi-gcc-transport/,GSC avg position 7.26; mainly informational traffic,No exact phrase found; contextual coverage required,Leave primary SEO fields and ranking content unchanged; add only small safe conversion support,High; protect existing winner,Protect,Leave primary SEO fields and ranking content unchanged; add only small safe conversion support,قائمة بحث شاملة؛ يجب التحقق من الجدوى قبل إنشاء صفحة
1364,P3,توصيل من العراق الى قطر,AR,GCC country-pair expansion,Commercial,العراق,قطر,توصيل,العراق ← قطر,/bahrain-saudi-gcc-transport/,GSC avg position 7.88; page-one winner,No exact phrase found; contextual coverage required,Leave primary SEO fields and ranking content unchanged; add only small safe conversion support,High; protect existing winner,Protect,Leave primary SEO fields and ranking content unchanged; add only small safe conversion support,قائمة بحث شاملة؛ يجب التحقق من الجدوى قبل إنشاء صفحة
1365,P3,توصيل من الكويت الى الإمارات,AR,GCC country-pair expansion,Commercial,الكويت,الإمارات,توصيل,الكويت ← الإمارات,/bahrain-saudi-gcc-transport/,GSC avg position 8.48; page-one winner with CTR opportunity,No exact phrase found; contextual coverage required,Leave primary SEO fields and ranking content unchanged; add only small safe conversion support,High; protect existing winner,Protect,Leave primary SEO fields and ranking content unchanged; add only small safe conversion support,قائمة بحث شاملة؛ يجب التحقق من الجدوى قبل إنشاء صفحة
1366,P3,توصيل من الكويت الى السعودية,AR,GCC country-pair expansion,Commercial,الكويت,السعودية,توصيل,الكويت ← السعودية,/bahrain-saudi-gcc-transport/,GSC avg position 8.48; page-one winner with CTR opportunity,No exact phrase found; contextual coverage required,Leave primary SEO fields and ranking content unchanged; add only small safe conversion support,High; protect existing winner,Protect,Leave primary SEO fields and ranking content unchanged; add only small safe conversion support,قائمة بحث شاملة؛ يجب التحقق من الجدوى قبل إنشاء صفحة
1367,P3,توصيل من الكويت الى العراق,AR,GCC country-pair expansion,Commercial,الكويت,العراق,توصيل,الكويت ← العراق,/bahrain-saudi-gcc-transport/,GSC avg position 8.48; page-one winner with CTR opportunity,No exact phrase found; contextual coverage required,Leave primary SEO fields and ranking content unchanged; add only small safe conversion support,High; protect existing winner,Protect,Leave primary SEO fields and ranking content unchanged; add only small safe conversion support,قائمة بحث شاملة؛ يجب التحقق من الجدوى قبل إنشاء صفحة
1368,P3,توصيل من الكويت الى عمان,AR,GCC country-pair expansion,Commercial,الكويت,عمان,توصيل,الكويت ← عمان,/bahrain-saudi-gcc-transport/oman-to-kuwait/,GSC avg position 8.48; page-one winner with CTR opportunity,No exact phrase found; contextual coverage required,Leave primary SEO fields and ranking content unchanged; add only small safe conversion support,High; protect existing winner,Protect,Leave primary SEO fields and ranking content unchanged; add only small safe conversion support,قائمة بحث شاملة؛ يجب التحقق من الجدوى قبل إنشاء صفحة
1369,P3,توصيل من الكويت الى قطر,AR,GCC country-pair expansion,Commercial,الكويت,قطر,توصيل,الكويت ← قطر,/bahrain-saudi-gcc-transport/qatar-to-kuwait/,GSC avg position 7.88; page-one winner,No exact phrase found; contextual coverage required,Leave primary SEO fields and ranking content unchanged; add only small safe conversion support,High; protect existing winner,Protect,Leave primary SEO fields and ranking content unchanged; add only small safe conversion support,قائمة بحث شاملة؛ يجب التحقق من الجدوى قبل إنشاء صفحة
1370,P3,توصيل من صفوان إلى البحرين,AR,Systematic long-tail expansion,Commercial,صفوان,البحرين,توصيل,صفوان ← البحرين,/bahrain-saudi-gcc-transport/,No numeric ranking evidence supplied for this keyword,No exact phrase found; contextual coverage required,Cluster with an existing service page unless unique intent and enough factual content justify a new page,Medium; validate before publishing,Evaluate for genuinely useful new page,Cluster with an existing service page unless unique intent and enough factual content justify a new page,توسعة منهجية لعبارات المسار والخدمة؛ ليست حجم بحث موثق
1371,P3,توصيل من صفوان الى البحرين,AR,Systematic long-tail expansion,Commercial,صفوان,البحرين,توصيل,صفوان ← البحرين,/bahrain-saudi-gcc-transport/,No numeric ranking evidence supplied for this keyword,No exact phrase found; contextual coverage required,Cluster with an existing service page unless unique intent and enough factual content justify a new page,Medium; validate before publishing,Evaluate for genuinely useful new page,Cluster with an existing service page unless unique intent and enough factual content justify a new page,توسعة منهجية لعبارات المسار والخدمة؛ ليست حجم بحث موثق
1372,P3,توصيل من عمان الى الإمارات,AR,GCC country-pair expansion,Commercial,عمان,الإمارات,توصيل,عمان ← الإمارات,/bahrain-saudi-gcc-transport/,GSC avg position 7.26; mainly informational traffic,No exact phrase found; contextual coverage required,Leave primary SEO fields and ranking content unchanged; add only small safe conversion support,High; protect existing winner,Protect,Leave primary SEO fields and ranking content unchanged; add only small safe conversion support,قائمة بحث شاملة؛ يجب التحقق من الجدوى قبل إنشاء صفحة
1373,P3,توصيل من عمان الى السعودية,AR,GCC country-pair expansion,Commercial,عمان,السعودية,توصيل,عمان ← السعودية,/bahrain-saudi-gcc-transport/,GSC avg position 7.26; mainly informational traffic,No exact phrase found; contextual coverage required,Leave primary SEO fields and ranking content unchanged; add only small safe conversion support,High; protect existing winner,Protect,Leave primary SEO fields and ranking content unchanged; add only small safe conversion support,قائمة بحث شاملة؛ يجب التحقق من الجدوى قبل إنشاء صفحة
1374,P3,توصيل من عمان الى العراق,AR,GCC country-pair expansion,Commercial,عمان,العراق,توصيل,عمان ← العراق,/bahrain-saudi-gcc-transport/,GSC avg position 7.26; mainly informational traffic,No exact phrase found; contextual coverage required,Leave primary SEO fields and ranking content unchanged; add only small safe conversion support,High; protect existing winner,Protect,Leave primary SEO fields and ranking content unchanged; add only small safe conversion support,قائمة بحث شاملة؛ يجب التحقق من الجدوى قبل إنشاء صفحة
1375,P3,توصيل من عمان الى الكويت,AR,GCC country-pair expansion,Commercial,عمان,الكويت,توصيل,عمان ← الكويت,/bahrain-saudi-gcc-transport/kuwait-to-oman/,GSC avg position 8.48; page-one winner with CTR opportunity,No exact phrase found; contextual coverage required,Leave primary SEO fields and ranking content unchanged; add only small safe conversion support,High; protect existing winner,Protect,Leave primary SEO fields and ranking content unchanged; add only small safe conversion support,قائمة بحث شاملة؛ يجب التحقق من الجدوى قبل إنشاء صفحة
1376,P3,توصيل من عمان الى قطر,AR,GCC country-pair expansion,Commercial,عمان,قطر,توصيل,عمان ← قطر,/bahrain-saudi-gcc-transport/qatar-to-oman/,GSC avg position 7.88; page-one winner,No exact phrase found; contextual coverage required,Leave primary SEO fields and ranking content unchanged; add only small safe conversion support,High; protect existing winner,Protect,Leave primary SEO fields and ranking content unchanged; add only small safe conversion support,قائمة بحث شاملة؛ يجب التحقق من الجدوى قبل إنشاء صفحة
1377,P3,توصيل من قطر الى الإمارات,AR,GCC country-pair expansion,Commercial,قطر,الإمارات,توصيل,قطر ← الإمارات,/bahrain-saudi-gcc-transport/,GSC avg position 7.88; page-one winner,No exact phrase found; contextual coverage required,Leave primary SEO fields and ranking content unchanged; add only small safe conversion support,High; protect existing winner,Protect,Leave primary SEO fields and ranking content unchanged; add only small safe conversion support,قائمة بحث شاملة؛ يجب التحقق من الجدوى قبل إنشاء صفحة
1378,P3,توصيل من قطر الى السعودية,AR,GCC country-pair expansion,Commercial,قطر,السعودية,توصيل,قطر ← السعودية,/bahrain-saudi-gcc-transport/,GSC avg position 7.88; page-one winner,No exact phrase found; contextual coverage required,Leave primary SEO fields and ranking content unchanged; add only small safe conversion support,High; protect existing winner,Protect,Leave primary SEO fields and ranking content unchanged; add only small safe conversion support,قائمة بحث شاملة؛ يجب التحقق من الجدوى قبل إنشاء صفحة
1379,P3,توصيل من قطر الى العراق,AR,GCC country-pair expansion,Commercial,قطر,العراق,توصيل,قطر ← العراق,/bahrain-saudi-gcc-transport/,GSC avg position 7.88; page-one winner,No exact phrase found; contextual coverage required,Leave primary SEO fields and ranking content unchanged; add only small safe conversion support,High; protect existing winner,Protect,Leave primary SEO fields and ranking content unchanged; add only small safe conversion support,قائمة بحث شاملة؛ يجب التحقق من الجدوى قبل إنشاء صفحة
1380,P3,توصيل من قطر الى الكويت,AR,GCC country-pair expansion,Commercial,قطر,الكويت,توصيل,قطر ← الكويت,/bahrain-saudi-gcc-transport/kuwait-to-qatar/,GSC avg position 7.88; page-one winner,No exact phrase found; contextual coverage required,Leave primary SEO fields and ranking content unchanged; add only small safe conversion support,High; protect existing winner,Protect,Leave primary SEO fields and ranking content unchanged; add only small safe conversion support,قائمة بحث شاملة؛ يجب التحقق من الجدوى قبل إنشاء صفحة
1381,P3,توصيل من قطر الى عمان,AR,GCC country-pair expansion,Commercial,قطر,عمان,توصيل,قطر ← عمان,/bahrain-saudi-gcc-transport/oman-to-qatar/,GSC avg position 7.88; page-one winner,No exact phrase found; contextual coverage required,Leave primary SEO fields and ranking content unchanged; add only small safe conversion support,High; protect existing winner,Protect,Leave primary SEO fields and ranking content unchanged; add only small safe conversion support,قائمة بحث شاملة؛ يجب التحقق من الجدوى قبل إنشاء صفحة
1382,P3,سائق خاص من البحرين الى صفوان,AR,Systematic long-tail expansion,Commercial,البحرين,صفوان,سائق خاص,البحرين ← صفوان,/bahrain-saudi-gcc-transport/,No numeric ranking evidence supplied for this keyword,No exact phrase found; contextual coverage required,Cluster with an existing service page unless unique intent and enough factual content justify a new page,Medium; validate before publishing,Evaluate for genuinely useful new page,Cluster with an existing service page unless unique intent and enough factual content justify a new page,توسعة منهجية لعبارات المسار والخدمة؛ ليست حجم بحث موثق
1383,P3,سائق خاص من صفوان الى البحرين,AR,Systematic long-tail expansion,Commercial,صفوان,البحرين,سائق خاص,صفوان ← البحرين,/bahrain-saudi-gcc-transport/,No numeric ranking evidence supplied for this keyword,No exact phrase found; contextual coverage required,Cluster with an existing service page unless unique intent and enough factual content justify a new page,Medium; validate before publishing,Evaluate for genuinely useful new page,Cluster with an existing service page unless unique intent and enough factual content justify a new page,توسعة منهجية لعبارات المسار والخدمة؛ ليست حجم بحث موثق
1384,P3,سواق من البحرين الى صفوان,AR,Systematic long-tail expansion,Commercial,البحرين,صفوان,سواق,البحرين ← صفوان,/bahrain-saudi-gcc-transport/,No numeric ranking evidence supplied for this keyword,No exact phrase found; contextual coverage required,Cluster with an existing service page unless unique intent and enough factual content justify a new page,Medium; validate before publishing,Evaluate for genuinely useful new page,Cluster with an existing service page unless unique intent and enough factual content justify a new page,توسعة منهجية لعبارات المسار والخدمة؛ ليست حجم بحث موثق
1385,P3,سواق من صفوان الى البحرين,AR,Systematic long-tail expansion,Commercial,صفوان,البحرين,سواق,صفوان ← البحرين,/bahrain-saudi-gcc-transport/,No numeric ranking evidence supplied for this keyword,No exact phrase found; contextual coverage required,Cluster with an existing service page unless unique intent and enough factual content justify a new page,Medium; validate before publishing,Evaluate for genuinely useful new page,Cluster with an existing service page unless unique intent and enough factual content justify a new page,توسعة منهجية لعبارات المسار والخدمة؛ ليست حجم بحث موثق
1386,P3,سيارة 7 ركاب من البحرين الى صفوان,AR,Systematic long-tail expansion,Commercial,البحرين,صفوان,عوائل,البحرين ← صفوان,/bahrain-saudi-gcc-transport/,No numeric ranking evidence supplied for this keyword,No exact phrase found; contextual coverage required,Cluster with an existing service page unless unique intent and enough factual content justify a new page,Medium; validate before publishing,Evaluate for genuinely useful new page,Cluster with an existing service page unless unique intent and enough factual content justify a new page,توسعة منهجية لعبارات المسار والخدمة؛ ليست حجم بحث موثق
1387,P3,سيارة 7 ركاب من صفوان الى البحرين,AR,Systematic long-tail expansion,Commercial,صفوان,البحرين,عوائل,صفوان ← البحرين,/bahrain-saudi-gcc-transport/,No numeric ranking evidence supplied for this keyword,No exact phrase found; contextual coverage required,Cluster with an existing service page unless unique intent and enough factual content justify a new page,Medium; validate before publishing,Evaluate for genuinely useful new page,Cluster with an existing service page unless unique intent and enough factual content justify a new page,توسعة منهجية لعبارات المسار والخدمة؛ ليست حجم بحث موثق
1388,P3,سيارة خاصة من البحرين الى صفوان,AR,Systematic long-tail expansion,Commercial,البحرين,صفوان,سيارة خاصة,البحرين ← صفوان,/bahrain-saudi-gcc-transport/,No numeric ranking evidence supplied for this keyword,No exact phrase found; contextual coverage required,Cluster with an existing service page unless unique intent and enough factual content justify a new page,Medium; validate before publishing,Evaluate for genuinely useful new page,Cluster with an existing service page unless unique intent and enough factual content justify a new page,توسعة منهجية لعبارات المسار والخدمة؛ ليست حجم بحث موثق
1389,P3,سيارة خاصة من صفوان الى البحرين,AR,Systematic long-tail expansion,Commercial,صفوان,البحرين,سيارة خاصة,صفوان ← البحرين,/bahrain-saudi-gcc-transport/,No numeric ranking evidence supplied for this keyword,No exact phrase found; contextual coverage required,Cluster with an existing service page unless unique intent and enough factual content justify a new page,Medium; validate before publishing,Evaluate for genuinely useful new page,Cluster with an existing service page unless unique intent and enough factual content justify a new page,توسعة منهجية لعبارات المسار والخدمة؛ ليست حجم بحث موثق
1390,P3,سيارة مع سائق من الإمارات الى السعودية,AR,GCC country-pair expansion,Commercial,الإمارات,السعودية,سائق خاص,الإمارات ← السعودية,/bahrain-saudi-gcc-transport/,No numeric ranking evidence supplied for this keyword,No exact phrase found; contextual coverage required,Cluster with an existing service page unless unique intent and enough factual content justify a new page,Medium; validate before publishing,Evaluate for genuinely useful new page,Cluster with an existing service page unless unique intent and enough factual content justify a new page,قائمة بحث شاملة؛ يجب التحقق من الجدوى قبل إنشاء صفحة
1391,P3,سيارة مع سائق من الإمارات الى العراق,AR,GCC country-pair expansion,Commercial,الإمارات,العراق,سائق خاص,الإمارات ← العراق,/bahrain-saudi-gcc-transport/,No numeric ranking evidence supplied for this keyword,No exact phrase found; contextual coverage required,Cluster with an existing service page unless unique intent and enough factual content justify a new page,Medium; validate before publishing,Evaluate for genuinely useful new page,Cluster with an existing service page unless unique intent and enough factual content justify a new page,قائمة بحث شاملة؛ يجب التحقق من الجدوى قبل إنشاء صفحة
1392,P3,سيارة مع سائق من الإمارات الى الكويت,AR,GCC country-pair expansion,Commercial,الإمارات,الكويت,سائق خاص,الإمارات ← الكويت,/bahrain-saudi-gcc-transport/,GSC avg position 8.48; page-one winner with CTR opportunity,No exact phrase found; contextual coverage required,Leave primary SEO fields and ranking content unchanged; add only small safe conversion support,High; protect existing winner,Protect,Leave primary SEO fields and ranking content unchanged; add only small safe conversion support,قائمة بحث شاملة؛ يجب التحقق من الجدوى قبل إنشاء صفحة
1393,P3,سيارة مع سائق من الإمارات الى عمان,AR,GCC country-pair expansion,Commercial,الإمارات,عمان,سائق خاص,الإمارات ← عمان,/bahrain-saudi-gcc-transport/,GSC avg position 7.26; mainly informational traffic,No exact phrase found; contextual coverage required,Leave primary SEO fields and ranking content unchanged; add only small safe conversion support,High; protect existing winner,Protect,Leave primary SEO fields and ranking content unchanged; add only small safe conversion support,قائمة بحث شاملة؛ يجب التحقق من الجدوى قبل إنشاء صفحة
1394,P3,سيارة مع سائق من الإمارات الى قطر,AR,GCC country-pair expansion,Commercial,الإمارات,قطر,سائق خاص,الإمارات ← قطر,/bahrain-saudi-gcc-transport/,GSC avg position 7.88; page-one winner,No exact phrase found; contextual coverage required,Leave primary SEO fields and ranking content unchanged; add only small safe conversion support,High; protect existing winner,Protect,Leave primary SEO fields and ranking content unchanged; add only small safe conversion support,قائمة بحث شاملة؛ يجب التحقق من الجدوى قبل إنشاء صفحة
1395,P3,سيارة مع سائق من السعودية الى الإمارات,AR,GCC country-pair expansion,Commercial,السعودية,الإمارات,سائق خاص,السعودية ← الإمارات,/bahrain-saudi-gcc-transport/,No numeric ranking evidence supplied for this keyword,No exact phrase found; contextual coverage required,Cluster with an existing service page unless unique intent and enough factual content justify a new page,Medium; validate before publishing,Evaluate for genuinely useful new page,Cluster with an existing service page unless unique intent and enough factual content justify a new page,قائمة بحث شاملة؛ يجب التحقق من الجدوى قبل إنشاء صفحة
1396,P3,سيارة مع سائق من السعودية الى العراق,AR,GCC country-pair expansion,Commercial,السعودية,العراق,سائق خاص,السعودية ← العراق,/bahrain-saudi-gcc-transport/,No numeric ranking evidence supplied for this keyword,No exact phrase found; contextual coverage required,Cluster with an existing service page unless unique intent and enough factual content justify a new page,Medium; validate before publishing,Evaluate for genuinely useful new page,Cluster with an existing service page unless unique intent and enough factual content justify a new page,قائمة بحث شاملة؛ يجب التحقق من الجدوى قبل إنشاء صفحة
1397,P3,سيارة مع سائق من السعودية الى الكويت,AR,GCC country-pair expansion,Commercial,السعودية,الكويت,سائق خاص,السعودية ← الكويت,/bahrain-saudi-gcc-transport/,GSC avg position 8.48; page-one winner with CTR opportunity,No exact phrase found; contextual coverage required,Leave primary SEO fields and ranking content unchanged; add only small safe conversion support,High; protect existing winner,Protect,Leave primary SEO fields and ranking content unchanged; add only small safe conversion support,قائمة بحث شاملة؛ يجب التحقق من الجدوى قبل إنشاء صفحة
1398,P3,سيارة مع سائق من السعودية الى عمان,AR,GCC country-pair expansion,Commercial,السعودية,عمان,سائق خاص,السعودية ← عمان,/bahrain-saudi-gcc-transport/,GSC avg position 7.26; mainly informational traffic,No exact phrase found; contextual coverage required,Leave primary SEO fields and ranking content unchanged; add only small safe conversion support,High; protect existing winner,Protect,Leave primary SEO fields and ranking content unchanged; add only small safe conversion support,قائمة بحث شاملة؛ يجب التحقق من الجدوى قبل إنشاء صفحة
1399,P3,سيارة مع سائق من السعودية الى قطر,AR,GCC country-pair expansion,Commercial,السعودية,قطر,سائق خاص,السعودية ← قطر,/bahrain-saudi-gcc-transport/,GSC avg position 7.88; page-one winner,No exact phrase found; contextual coverage required,Leave primary SEO fields and ranking content unchanged; add only small safe conversion support,High; protect existing winner,Protect,Leave primary SEO fields and ranking content unchanged; add only small safe conversion support,قائمة بحث شاملة؛ يجب التحقق من الجدوى قبل إنشاء صفحة
1400,P3,سيارة مع سائق من العراق الى الإمارات,AR,GCC country-pair expansion,Commercial,العراق,الإمارات,سائق خاص,العراق ← الإمارات,/bahrain-saudi-gcc-transport/,No numeric ranking evidence supplied for this keyword,No exact phrase found; contextual coverage required,Cluster with an existing service page unless unique intent and enough factual content justify a new page,Medium; validate before publishing,Evaluate for genuinely useful new page,Cluster with an existing service page unless unique intent and enough factual content justify a new page,قائمة بحث شاملة؛ يجب التحقق من الجدوى قبل إنشاء صفحة
1401,P3,سيارة مع سائق من العراق الى السعودية,AR,GCC country-pair expansion,Commercial,العراق,السعودية,سائق خاص,العراق ← السعودية,/bahrain-saudi-gcc-transport/,No numeric ranking evidence supplied for this keyword,No exact phrase found; contextual coverage required,Cluster with an existing service page unless unique intent and enough factual content justify a new page,Medium; validate before publishing,Evaluate for genuinely useful new page,Cluster with an existing service page unless unique intent and enough factual content justify a new page,قائمة بحث شاملة؛ يجب التحقق من الجدوى قبل إنشاء صفحة
1402,P3,سيارة مع سائق من العراق الى الكويت,AR,GCC country-pair expansion,Commercial,العراق,الكويت,سائق خاص,العراق ← الكويت,/bahrain-saudi-gcc-transport/,GSC avg position 8.48; page-one winner with CTR opportunity,No exact phrase found; contextual coverage required,Leave primary SEO fields and ranking content unchanged; add only small safe conversion support,High; protect existing winner,Protect,Leave primary SEO fields and ranking content unchanged; add only small safe conversion support,قائمة بحث شاملة؛ يجب التحقق من الجدوى قبل إنشاء صفحة
1403,P3,سيارة مع سائق من العراق الى عمان,AR,GCC country-pair expansion,Commercial,العراق,عمان,سائق خاص,العراق ← عمان,/bahrain-saudi-gcc-transport/,GSC avg position 7.26; mainly informational traffic,No exact phrase found; contextual coverage required,Leave primary SEO fields and ranking content unchanged; add only small safe conversion support,High; protect existing winner,Protect,Leave primary SEO fields and ranking content unchanged; add only small safe conversion support,قائمة بحث شاملة؛ يجب التحقق من الجدوى قبل إنشاء صفحة
1404,P3,سيارة مع سائق من العراق الى قطر,AR,GCC country-pair expansion,Commercial,العراق,قطر,سائق خاص,العراق ← قطر,/bahrain-saudi-gcc-transport/,GSC avg position 7.88; page-one winner,No exact phrase found; contextual coverage required,Leave primary SEO fields and ranking content unchanged; add only small safe conversion support,High; protect existing winner,Protect,Leave primary SEO fields and ranking content unchanged; add only small safe conversion support,قائمة بحث شاملة؛ يجب التحقق من الجدوى قبل إنشاء صفحة
1405,P3,سيارة مع سائق من الكويت الى الإمارات,AR,GCC country-pair expansion,Commercial,الكويت,الإمارات,سائق خاص,الكويت ← الإمارات,/bahrain-saudi-gcc-transport/,GSC avg position 8.48; page-one winner with CTR opportunity,No exact phrase found; contextual coverage required,Leave primary SEO fields and ranking content unchanged; add only small safe conversion support,High; protect existing winner,Protect,Leave primary SEO fields and ranking content unchanged; add only small safe conversion support,قائمة بحث شاملة؛ يجب التحقق من الجدوى قبل إنشاء صفحة
1406,P3,سيارة مع سائق من الكويت الى السعودية,AR,GCC country-pair expansion,Commercial,الكويت,السعودية,سائق خاص,الكويت ← السعودية,/bahrain-saudi-gcc-transport/,GSC avg position 8.48; page-one winner with CTR opportunity,No exact phrase found; contextual coverage required,Leave primary SEO fields and ranking content unchanged; add only small safe conversion support,High; protect existing winner,Protect,Leave primary SEO fields and ranking content unchanged; add only small safe conversion support,قائمة بحث شاملة؛ يجب التحقق من الجدوى قبل إنشاء صفحة
1407,P3,سيارة مع سائق من الكويت الى العراق,AR,GCC country-pair expansion,Commercial,الكويت,العراق,سائق خاص,الكويت ← العراق,/bahrain-saudi-gcc-transport/,GSC avg position 8.48; page-one winner with CTR opportunity,No exact phrase found; contextual coverage required,Leave primary SEO fields and ranking content unchanged; add only small safe conversion support,High; protect existing winner,Protect,Leave primary SEO fields and ranking content unchanged; add only small safe conversion support,قائمة بحث شاملة؛ يجب التحقق من الجدوى قبل إنشاء صفحة
1408,P3,سيارة مع سائق من الكويت الى عمان,AR,GCC country-pair expansion,Commercial,الكويت,عمان,سائق خاص,الكويت ← عمان,/bahrain-saudi-gcc-transport/oman-to-kuwait/,GSC avg position 8.48; page-one winner with CTR opportunity,No exact phrase found; contextual coverage required,Leave primary SEO fields and ranking content unchanged; add only small safe conversion support,High; protect existing winner,Protect,Leave primary SEO fields and ranking content unchanged; add only small safe conversion support,قائمة بحث شاملة؛ يجب التحقق من الجدوى قبل إنشاء صفحة
1409,P3,سيارة مع سائق من الكويت الى قطر,AR,GCC country-pair expansion,Commercial,الكويت,قطر,سائق خاص,الكويت ← قطر,/bahrain-saudi-gcc-transport/qatar-to-kuwait/,GSC avg position 7.88; page-one winner,No exact phrase found; contextual coverage required,Leave primary SEO fields and ranking content unchanged; add only small safe conversion support,High; protect existing winner,Protect,Leave primary SEO fields and ranking content unchanged; add only small safe conversion support,قائمة بحث شاملة؛ يجب التحقق من الجدوى قبل إنشاء صفحة
1410,P3,سيارة مع سائق من عمان الى الإمارات,AR,GCC country-pair expansion,Commercial,عمان,الإمارات,سائق خاص,عمان ← الإمارات,/bahrain-saudi-gcc-transport/,GSC avg position 7.26; mainly informational traffic,No exact phrase found; contextual coverage required,Leave primary SEO fields and ranking content unchanged; add only small safe conversion support,High; protect existing winner,Protect,Leave primary SEO fields and ranking content unchanged; add only small safe conversion support,قائمة بحث شاملة؛ يجب التحقق من الجدوى قبل إنشاء صفحة
1411,P3,سيارة مع سائق من عمان الى السعودية,AR,GCC country-pair expansion,Commercial,عمان,السعودية,سائق خاص,عمان ← السعودية,/bahrain-saudi-gcc-transport/,GSC avg position 7.26; mainly informational traffic,No exact phrase found; contextual coverage required,Leave primary SEO fields and ranking content unchanged; add only small safe conversion support,High; protect existing winner,Protect,Leave primary SEO fields and ranking content unchanged; add only small safe conversion support,قائمة بحث شاملة؛ يجب التحقق من الجدوى قبل إنشاء صفحة
1412,P3,سيارة مع سائق من عمان الى العراق,AR,GCC country-pair expansion,Commercial,عمان,العراق,سائق خاص,عمان ← العراق,/bahrain-saudi-gcc-transport/,GSC avg position 7.26; mainly informational traffic,No exact phrase found; contextual coverage required,Leave primary SEO fields and ranking content unchanged; add only small safe conversion support,High; protect existing winner,Protect,Leave primary SEO fields and ranking content unchanged; add only small safe conversion support,قائمة بحث شاملة؛ يجب التحقق من الجدوى قبل إنشاء صفحة
1413,P3,سيارة مع سائق من عمان الى الكويت,AR,GCC country-pair expansion,Commercial,عمان,الكويت,سائق خاص,عمان ← الكويت,/bahrain-saudi-gcc-transport/kuwait-to-oman/,GSC avg position 8.48; page-one winner with CTR opportunity,No exact phrase found; contextual coverage required,Leave primary SEO fields and ranking content unchanged; add only small safe conversion support,High; protect existing winner,Protect,Leave primary SEO fields and ranking content unchanged; add only small safe conversion support,قائمة بحث شاملة؛ يجب التحقق من الجدوى قبل إنشاء صفحة
1414,P3,سيارة مع سائق من عمان الى قطر,AR,GCC country-pair expansion,Commercial,عمان,قطر,سائق خاص,عمان ← قطر,/bahrain-saudi-gcc-transport/qatar-to-oman/,GSC avg position 7.88; page-one winner,No exact phrase found; contextual coverage required,Leave primary SEO fields and ranking content unchanged; add only small safe conversion support,High; protect existing winner,Protect,Leave primary SEO fields and ranking content unchanged; add only small safe conversion support,قائمة بحث شاملة؛ يجب التحقق من الجدوى قبل إنشاء صفحة
1415,P3,سيارة مع سائق من قطر الى الإمارات,AR,GCC country-pair expansion,Commercial,قطر,الإمارات,سائق خاص,قطر ← الإمارات,/bahrain-saudi-gcc-transport/,GSC avg position 7.88; page-one winner,No exact phrase found; contextual coverage required,Leave primary SEO fields and ranking content unchanged; add only small safe conversion support,High; protect existing winner,Protect,Leave primary SEO fields and ranking content unchanged; add only small safe conversion support,قائمة بحث شاملة؛ يجب التحقق من الجدوى قبل إنشاء صفحة
1416,P3,سيارة مع سائق من قطر الى السعودية,AR,GCC country-pair expansion,Commercial,قطر,السعودية,سائق خاص,قطر ← السعودية,/bahrain-saudi-gcc-transport/,GSC avg position 7.88; page-one winner,No exact phrase found; contextual coverage required,Leave primary SEO fields and ranking content unchanged; add only small safe conversion support,High; protect existing winner,Protect,Leave primary SEO fields and ranking content unchanged; add only small safe conversion support,قائمة بحث شاملة؛ يجب التحقق من الجدوى قبل إنشاء صفحة
1417,P3,سيارة مع سائق من قطر الى العراق,AR,GCC country-pair expansion,Commercial,قطر,العراق,سائق خاص,قطر ← العراق,/bahrain-saudi-gcc-transport/,GSC avg position 7.88; page-one winner,No exact phrase found; contextual coverage required,Leave primary SEO fields and ranking content unchanged; add only small safe conversion support,High; protect existing winner,Protect,Leave primary SEO fields and ranking content unchanged; add only small safe conversion support,قائمة بحث شاملة؛ يجب التحقق من الجدوى قبل إنشاء صفحة
1418,P3,سيارة مع سائق من قطر الى الكويت,AR,GCC country-pair expansion,Commercial,قطر,الكويت,سائق خاص,قطر ← الكويت,/bahrain-saudi-gcc-transport/kuwait-to-qatar/,GSC avg position 7.88; page-one winner,No exact phrase found; contextual coverage required,Leave primary SEO fields and ranking content unchanged; add only small safe conversion support,High; protect existing winner,Protect,Leave primary SEO fields and ranking content unchanged; add only small safe conversion support,قائمة بحث شاملة؛ يجب التحقق من الجدوى قبل إنشاء صفحة
1419,P3,سيارة مع سائق من قطر الى عمان,AR,GCC country-pair expansion,Commercial,قطر,عمان,سائق خاص,قطر ← عمان,/bahrain-saudi-gcc-transport/oman-to-qatar/,GSC avg position 7.88; page-one winner,No exact phrase found; contextual coverage required,Leave primary SEO fields and ranking content unchanged; add only small safe conversion support,High; protect existing winner,Protect,Leave primary SEO fields and ranking content unchanged; add only small safe conversion support,قائمة بحث شاملة؛ يجب التحقق من الجدوى قبل إنشاء صفحة
1420,P3,كم ساعة من البحرين الى صفوان,AR,Systematic long-tail expansion,Informational,البحرين,صفوان,مدة,البحرين ← صفوان,/bahrain-saudi-gcc-transport/,No numeric ranking evidence supplied for this keyword,No exact phrase found; contextual coverage required,Cluster with an existing service page unless unique intent and enough factual content justify a new page,Medium; validate before publishing,Evaluate for genuinely useful new page,Cluster with an existing service page unless unique intent and enough factual content justify a new page,توسعة منهجية لعبارات المسار والخدمة؛ ليست حجم بحث موثق
1421,P3,كم ساعة من صفوان الى البحرين,AR,Systematic long-tail expansion,Informational,صفوان,البحرين,مدة,صفوان ← البحرين,/bahrain-saudi-gcc-transport/,No numeric ranking evidence supplied for this keyword,No exact phrase found; contextual coverage required,Cluster with an existing service page unless unique intent and enough factual content justify a new page,Medium; validate before publishing,Evaluate for genuinely useful new page,Cluster with an existing service page unless unique intent and enough factual content justify a new page,توسعة منهجية لعبارات المسار والخدمة؛ ليست حجم بحث موثق
1422,P3,مشوار من البحرين الى صفوان,AR,Systematic long-tail expansion,Commercial,البحرين,صفوان,مشوار,البحرين ← صفوان,/bahrain-saudi-gcc-transport/,No numeric ranking evidence supplied for this keyword,No exact phrase found; contextual coverage required,Cluster with an existing service page unless unique intent and enough factual content justify a new page,Medium; validate before publishing,Evaluate for genuinely useful new page,Cluster with an existing service page unless unique intent and enough factual content justify a new page,توسعة منهجية لعبارات المسار والخدمة؛ ليست حجم بحث موثق
1423,P3,مشوار من صفوان الى البحرين,AR,Systematic long-tail expansion,Commercial,صفوان,البحرين,مشوار,صفوان ← البحرين,/bahrain-saudi-gcc-transport/,No numeric ranking evidence supplied for this keyword,No exact phrase found; contextual coverage required,Cluster with an existing service page unless unique intent and enough factual content justify a new page,Medium; validate before publishing,Evaluate for genuinely useful new page,Cluster with an existing service page unless unique intent and enough factual content justify a new page,توسعة منهجية لعبارات المسار والخدمة؛ ليست حجم بحث موثق
1424,P3,مندوب توصيل من البحرين الى صفوان,AR,Systematic long-tail expansion,Commercial,البحرين,صفوان,طرود صغيرة,البحرين ← صفوان,/bahrain-saudi-gcc-transport/,No numeric ranking evidence supplied for this keyword,No exact phrase found; contextual coverage required,Cluster with an existing service page unless unique intent and enough factual content justify a new page,Medium; validate before publishing,Evaluate for genuinely useful new page,Cluster with an existing service page unless unique intent and enough factual content justify a new page,توسعة منهجية لعبارات المسار والخدمة؛ ليست حجم بحث موثق
1425,P3,مندوب توصيل من صفوان الى البحرين,AR,Systematic long-tail expansion,Commercial,صفوان,البحرين,طرود صغيرة,صفوان ← البحرين,/bahrain-saudi-gcc-transport/,No numeric ranking evidence supplied for this keyword,No exact phrase found; contextual coverage required,Cluster with an existing service page unless unique intent and enough factual content justify a new page,Medium; validate before publishing,Evaluate for genuinely useful new page,Cluster with an existing service page unless unique intent and enough factual content justify a new page,توسعة منهجية لعبارات المسار والخدمة؛ ليست حجم بحث موثق
1426,P3,نقل خاص من الإمارات الى السعودية,AR,GCC country-pair expansion,Commercial,الإمارات,السعودية,نقل خاص,الإمارات ← السعودية,/bahrain-saudi-gcc-transport/,No numeric ranking evidence supplied for this keyword,No exact phrase found; contextual coverage required,Cluster with an existing service page unless unique intent and enough factual content justify a new page,Medium; validate before publishing,Evaluate for genuinely useful new page,Cluster with an existing service page unless unique intent and enough factual content justify a new page,قائمة بحث شاملة؛ يجب التحقق من الجدوى قبل إنشاء صفحة
1427,P3,نقل خاص من الإمارات الى العراق,AR,GCC country-pair expansion,Commercial,الإمارات,العراق,نقل خاص,الإمارات ← العراق,/bahrain-saudi-gcc-transport/,No numeric ranking evidence supplied for this keyword,No exact phrase found; contextual coverage required,Cluster with an existing service page unless unique intent and enough factual content justify a new page,Medium; validate before publishing,Evaluate for genuinely useful new page,Cluster with an existing service page unless unique intent and enough factual content justify a new page,قائمة بحث شاملة؛ يجب التحقق من الجدوى قبل إنشاء صفحة
1428,P3,نقل خاص من الإمارات الى الكويت,AR,GCC country-pair expansion,Commercial,الإمارات,الكويت,نقل خاص,الإمارات ← الكويت,/bahrain-saudi-gcc-transport/,GSC avg position 8.48; page-one winner with CTR opportunity,No exact phrase found; contextual coverage required,Leave primary SEO fields and ranking content unchanged; add only small safe conversion support,High; protect existing winner,Protect,Leave primary SEO fields and ranking content unchanged; add only small safe conversion support,قائمة بحث شاملة؛ يجب التحقق من الجدوى قبل إنشاء صفحة
1429,P3,نقل خاص من الإمارات الى عمان,AR,GCC country-pair expansion,Commercial,الإمارات,عمان,نقل خاص,الإمارات ← عمان,/bahrain-saudi-gcc-transport/,GSC avg position 7.26; mainly informational traffic,No exact phrase found; contextual coverage required,Leave primary SEO fields and ranking content unchanged; add only small safe conversion support,High; protect existing winner,Protect,Leave primary SEO fields and ranking content unchanged; add only small safe conversion support,قائمة بحث شاملة؛ يجب التحقق من الجدوى قبل إنشاء صفحة
1430,P3,نقل خاص من الإمارات الى قطر,AR,GCC country-pair expansion,Commercial,الإمارات,قطر,نقل خاص,الإمارات ← قطر,/bahrain-saudi-gcc-transport/,GSC avg position 7.88; page-one winner,No exact phrase found; contextual coverage required,Leave primary SEO fields and ranking content unchanged; add only small safe conversion support,High; protect existing winner,Protect,Leave primary SEO fields and ranking content unchanged; add only small safe conversion support,قائمة بحث شاملة؛ يجب التحقق من الجدوى قبل إنشاء صفحة
1431,P3,نقل خاص من السعودية الى الإمارات,AR,GCC country-pair expansion,Commercial,السعودية,الإمارات,نقل خاص,السعودية ← الإمارات,/bahrain-saudi-gcc-transport/,No numeric ranking evidence supplied for this keyword,No exact phrase found; contextual coverage required,Cluster with an existing service page unless unique intent and enough factual content justify a new page,Medium; validate before publishing,Evaluate for genuinely useful new page,Cluster with an existing service page unless unique intent and enough factual content justify a new page,قائمة بحث شاملة؛ يجب التحقق من الجدوى قبل إنشاء صفحة
1432,P3,نقل خاص من السعودية الى العراق,AR,GCC country-pair expansion,Commercial,السعودية,العراق,نقل خاص,السعودية ← العراق,/bahrain-saudi-gcc-transport/,No numeric ranking evidence supplied for this keyword,No exact phrase found; contextual coverage required,Cluster with an existing service page unless unique intent and enough factual content justify a new page,Medium; validate before publishing,Evaluate for genuinely useful new page,Cluster with an existing service page unless unique intent and enough factual content justify a new page,قائمة بحث شاملة؛ يجب التحقق من الجدوى قبل إنشاء صفحة
1433,P3,نقل خاص من السعودية الى الكويت,AR,GCC country-pair expansion,Commercial,السعودية,الكويت,نقل خاص,السعودية ← الكويت,/bahrain-saudi-gcc-transport/,GSC avg position 8.48; page-one winner with CTR opportunity,No exact phrase found; contextual coverage required,Leave primary SEO fields and ranking content unchanged; add only small safe conversion support,High; protect existing winner,Protect,Leave primary SEO fields and ranking content unchanged; add only small safe conversion support,قائمة بحث شاملة؛ يجب التحقق من الجدوى قبل إنشاء صفحة
1434,P3,نقل خاص من السعودية الى عمان,AR,GCC country-pair expansion,Commercial,السعودية,عمان,نقل خاص,السعودية ← عمان,/bahrain-saudi-gcc-transport/,GSC avg position 7.26; mainly informational traffic,No exact phrase found; contextual coverage required,Leave primary SEO fields and ranking content unchanged; add only small safe conversion support,High; protect existing winner,Protect,Leave primary SEO fields and ranking content unchanged; add only small safe conversion support,قائمة بحث شاملة؛ يجب التحقق من الجدوى قبل إنشاء صفحة
1435,P3,نقل خاص من السعودية الى قطر,AR,GCC country-pair expansion,Commercial,السعودية,قطر,نقل خاص,السعودية ← قطر,/bahrain-saudi-gcc-transport/,GSC avg position 7.88; page-one winner,No exact phrase found; contextual coverage required,Leave primary SEO fields and ranking content unchanged; add only small safe conversion support,High; protect existing winner,Protect,Leave primary SEO fields and ranking content unchanged; add only small safe conversion support,قائمة بحث شاملة؛ يجب التحقق من الجدوى قبل إنشاء صفحة
1436,P3,نقل خاص من العراق الى الإمارات,AR,GCC country-pair expansion,Commercial,العراق,الإمارات,نقل خاص,العراق ← الإمارات,/bahrain-saudi-gcc-transport/,No numeric ranking evidence supplied for this keyword,No exact phrase found; contextual coverage required,Cluster with an existing service page unless unique intent and enough factual content justify a new page,Medium; validate before publishing,Evaluate for genuinely useful new page,Cluster with an existing service page unless unique intent and enough factual content justify a new page,قائمة بحث شاملة؛ يجب التحقق من الجدوى قبل إنشاء صفحة
1437,P3,نقل خاص من العراق الى السعودية,AR,GCC country-pair expansion,Commercial,العراق,السعودية,نقل خاص,العراق ← السعودية,/bahrain-saudi-gcc-transport/,No numeric ranking evidence supplied for this keyword,No exact phrase found; contextual coverage required,Cluster with an existing service page unless unique intent and enough factual content justify a new page,Medium; validate before publishing,Evaluate for genuinely useful new page,Cluster with an existing service page unless unique intent and enough factual content justify a new page,قائمة بحث شاملة؛ يجب التحقق من الجدوى قبل إنشاء صفحة
1438,P3,نقل خاص من العراق الى الكويت,AR,GCC country-pair expansion,Commercial,العراق,الكويت,نقل خاص,العراق ← الكويت,/bahrain-saudi-gcc-transport/,GSC avg position 8.48; page-one winner with CTR opportunity,No exact phrase found; contextual coverage required,Leave primary SEO fields and ranking content unchanged; add only small safe conversion support,High; protect existing winner,Protect,Leave primary SEO fields and ranking content unchanged; add only small safe conversion support,قائمة بحث شاملة؛ يجب التحقق من الجدوى قبل إنشاء صفحة
1439,P3,نقل خاص من العراق الى عمان,AR,GCC country-pair expansion,Commercial,العراق,عمان,نقل خاص,العراق ← عمان,/bahrain-saudi-gcc-transport/,GSC avg position 7.26; mainly informational traffic,No exact phrase found; contextual coverage required,Leave primary SEO fields and ranking content unchanged; add only small safe conversion support,High; protect existing winner,Protect,Leave primary SEO fields and ranking content unchanged; add only small safe conversion support,قائمة بحث شاملة؛ يجب التحقق من الجدوى قبل إنشاء صفحة
1440,P3,نقل خاص من العراق الى قطر,AR,GCC country-pair expansion,Commercial,العراق,قطر,نقل خاص,العراق ← قطر,/bahrain-saudi-gcc-transport/,GSC avg position 7.88; page-one winner,No exact phrase found; contextual coverage required,Leave primary SEO fields and ranking content unchanged; add only small safe conversion support,High; protect existing winner,Protect,Leave primary SEO fields and ranking content unchanged; add only small safe conversion support,قائمة بحث شاملة؛ يجب التحقق من الجدوى قبل إنشاء صفحة
1441,P3,نقل خاص من الكويت الى الإمارات,AR,GCC country-pair expansion,Commercial,الكويت,الإمارات,نقل خاص,الكويت ← الإمارات,/bahrain-saudi-gcc-transport/,GSC avg position 8.48; page-one winner with CTR opportunity,No exact phrase found; contextual coverage required,Leave primary SEO fields and ranking content unchanged; add only small safe conversion support,High; protect existing winner,Protect,Leave primary SEO fields and ranking content unchanged; add only small safe conversion support,قائمة بحث شاملة؛ يجب التحقق من الجدوى قبل إنشاء صفحة
1442,P3,نقل خاص من الكويت الى السعودية,AR,GCC country-pair expansion,Commercial,الكويت,السعودية,نقل خاص,الكويت ← السعودية,/bahrain-saudi-gcc-transport/,GSC avg position 8.48; page-one winner with CTR opportunity,No exact phrase found; contextual coverage required,Leave primary SEO fields and ranking content unchanged; add only small safe conversion support,High; protect existing winner,Protect,Leave primary SEO fields and ranking content unchanged; add only small safe conversion support,قائمة بحث شاملة؛ يجب التحقق من الجدوى قبل إنشاء صفحة
1443,P3,نقل خاص من الكويت الى العراق,AR,GCC country-pair expansion,Commercial,الكويت,العراق,نقل خاص,الكويت ← العراق,/bahrain-saudi-gcc-transport/,GSC avg position 8.48; page-one winner with CTR opportunity,No exact phrase found; contextual coverage required,Leave primary SEO fields and ranking content unchanged; add only small safe conversion support,High; protect existing winner,Protect,Leave primary SEO fields and ranking content unchanged; add only small safe conversion support,قائمة بحث شاملة؛ يجب التحقق من الجدوى قبل إنشاء صفحة
1444,P3,نقل خاص من الكويت الى عمان,AR,GCC country-pair expansion,Commercial,الكويت,عمان,نقل خاص,الكويت ← عمان,/bahrain-saudi-gcc-transport/oman-to-kuwait/,GSC avg position 8.48; page-one winner with CTR opportunity,No exact phrase found; contextual coverage required,Leave primary SEO fields and ranking content unchanged; add only small safe conversion support,High; protect existing winner,Protect,Leave primary SEO fields and ranking content unchanged; add only small safe conversion support,قائمة بحث شاملة؛ يجب التحقق من الجدوى قبل إنشاء صفحة
1445,P3,نقل خاص من الكويت الى قطر,AR,GCC country-pair expansion,Commercial,الكويت,قطر,نقل خاص,الكويت ← قطر,/bahrain-saudi-gcc-transport/qatar-to-kuwait/,GSC avg position 7.88; page-one winner,No exact phrase found; contextual coverage required,Leave primary SEO fields and ranking content unchanged; add only small safe conversion support,High; protect existing winner,Protect,Leave primary SEO fields and ranking content unchanged; add only small safe conversion support,قائمة بحث شاملة؛ يجب التحقق من الجدوى قبل إنشاء صفحة
1446,P3,نقل خاص من عمان الى الإمارات,AR,GCC country-pair expansion,Commercial,عمان,الإمارات,نقل خاص,عمان ← الإمارات,/bahrain-saudi-gcc-transport/,GSC avg position 7.26; mainly informational traffic,No exact phrase found; contextual coverage required,Leave primary SEO fields and ranking content unchanged; add only small safe conversion support,High; protect existing winner,Protect,Leave primary SEO fields and ranking content unchanged; add only small safe conversion support,قائمة بحث شاملة؛ يجب التحقق من الجدوى قبل إنشاء صفحة
1447,P3,نقل خاص من عمان الى السعودية,AR,GCC country-pair expansion,Commercial,عمان,السعودية,نقل خاص,عمان ← السعودية,/bahrain-saudi-gcc-transport/,GSC avg position 7.26; mainly informational traffic,No exact phrase found; contextual coverage required,Leave primary SEO fields and ranking content unchanged; add only small safe conversion support,High; protect existing winner,Protect,Leave primary SEO fields and ranking content unchanged; add only small safe conversion support,قائمة بحث شاملة؛ يجب التحقق من الجدوى قبل إنشاء صفحة
1448,P3,نقل خاص من عمان الى العراق,AR,GCC country-pair expansion,Commercial,عمان,العراق,نقل خاص,عمان ← العراق,/bahrain-saudi-gcc-transport/,GSC avg position 7.26; mainly informational traffic,No exact phrase found; contextual coverage required,Leave primary SEO fields and ranking content unchanged; add only small safe conversion support,High; protect existing winner,Protect,Leave primary SEO fields and ranking content unchanged; add only small safe conversion support,قائمة بحث شاملة؛ يجب التحقق من الجدوى قبل إنشاء صفحة
1449,P3,نقل خاص من عمان الى الكويت,AR,GCC country-pair expansion,Commercial,عمان,الكويت,نقل خاص,عمان ← الكويت,/bahrain-saudi-gcc-transport/kuwait-to-oman/,GSC avg position 8.48; page-one winner with CTR opportunity,No exact phrase found; contextual coverage required,Leave primary SEO fields and ranking content unchanged; add only small safe conversion support,High; protect existing winner,Protect,Leave primary SEO fields and ranking content unchanged; add only small safe conversion support,قائمة بحث شاملة؛ يجب التحقق من الجدوى قبل إنشاء صفحة
1450,P3,نقل خاص من عمان الى قطر,AR,GCC country-pair expansion,Commercial,عمان,قطر,نقل خاص,عمان ← قطر,/bahrain-saudi-gcc-transport/qatar-to-oman/,GSC avg position 7.88; page-one winner,No exact phrase found; contextual coverage required,Leave primary SEO fields and ranking content unchanged; add only small safe conversion support,High; protect existing winner,Protect,Leave primary SEO fields and ranking content unchanged; add only small safe conversion support,قائمة بحث شاملة؛ يجب التحقق من الجدوى قبل إنشاء صفحة
1451,P3,نقل خاص من قطر الى الإمارات,AR,GCC country-pair expansion,Commercial,قطر,الإمارات,نقل خاص,قطر ← الإمارات,/bahrain-saudi-gcc-transport/,GSC avg position 7.88; page-one winner,No exact phrase found; contextual coverage required,Leave primary SEO fields and ranking content unchanged; add only small safe conversion support,High; protect existing winner,Protect,Leave primary SEO fields and ranking content unchanged; add only small safe conversion support,قائمة بحث شاملة؛ يجب التحقق من الجدوى قبل إنشاء صفحة
1452,P3,نقل خاص من قطر الى السعودية,AR,GCC country-pair expansion,Commercial,قطر,السعودية,نقل خاص,قطر ← السعودية,/bahrain-saudi-gcc-transport/,GSC avg position 7.88; page-one winner,No exact phrase found; contextual coverage required,Leave primary SEO fields and ranking content unchanged; add only small safe conversion support,High; protect existing winner,Protect,Leave primary SEO fields and ranking content unchanged; add only small safe conversion support,قائمة بحث شاملة؛ يجب التحقق من الجدوى قبل إنشاء صفحة
1453,P3,نقل خاص من قطر الى العراق,AR,GCC country-pair expansion,Commercial,قطر,العراق,نقل خاص,قطر ← العراق,/bahrain-saudi-gcc-transport/,GSC avg position 7.88; page-one winner,No exact phrase found; contextual coverage required,Leave primary SEO fields and ranking content unchanged; add only small safe conversion support,High; protect existing winner,Protect,Leave primary SEO fields and ranking content unchanged; add only small safe conversion support,قائمة بحث شاملة؛ يجب التحقق من الجدوى قبل إنشاء صفحة
1454,P3,نقل خاص من قطر الى الكويت,AR,GCC country-pair expansion,Commercial,قطر,الكويت,نقل خاص,قطر ← الكويت,/bahrain-saudi-gcc-transport/kuwait-to-qatar/,GSC avg position 7.88; page-one winner,No exact phrase found; contextual coverage required,Leave primary SEO fields and ranking content unchanged; add only small safe conversion support,High; protect existing winner,Protect,Leave primary SEO fields and ranking content unchanged; add only small safe conversion support,قائمة بحث شاملة؛ يجب التحقق من الجدوى قبل إنشاء صفحة
1455,P3,نقل خاص من قطر الى عمان,AR,GCC country-pair expansion,Commercial,قطر,عمان,نقل خاص,قطر ← عمان,/bahrain-saudi-gcc-transport/oman-to-qatar/,GSC avg position 7.88; page-one winner,No exact phrase found; contextual coverage required,Leave primary SEO fields and ranking content unchanged; add only small safe conversion support,High; protect existing winner,Protect,Leave primary SEO fields and ranking content unchanged; add only small safe conversion support,قائمة بحث شاملة؛ يجب التحقق من الجدوى قبل إنشاء صفحة
1456,P3,7 seater from Bahrain to Safwan,EN,Systematic long-tail expansion,Commercial,Bahrain,Safwan,Family/group,Bahrain → Safwan,/bahrain-saudi-gcc-transport/,No numeric ranking evidence supplied for this keyword,No exact phrase found; contextual coverage required,Cluster with an existing service page unless unique intent and enough factual content justify a new page,Medium; validate before publishing,Evaluate for genuinely useful new page,Cluster with an existing service page unless unique intent and enough factual content justify a new page,Generated from validated route + service pattern; verify before page creation
1457,P3,7 seater from Safwan to Bahrain,EN,Systematic long-tail expansion,Commercial,Safwan,Bahrain,Family/group,Safwan → Bahrain,/bahrain-saudi-gcc-transport/,No numeric ranking evidence supplied for this keyword,No exact phrase found; contextual coverage required,Cluster with an existing service page unless unique intent and enough factual content justify a new page,Medium; validate before publishing,Evaluate for genuinely useful new page,Cluster with an existing service page unless unique intent and enough factual content justify a new page,Generated from validated route + service pattern; verify before page creation
1458,P3,Bahrain to Safwan by car,EN,Systematic long-tail expansion,Informational,Bahrain,Safwan,Driving,Bahrain → Safwan,/bahrain-saudi-gcc-transport/,No numeric ranking evidence supplied for this keyword,No exact phrase found; contextual coverage required,Cluster with an existing service page unless unique intent and enough factual content justify a new page,Medium; validate before publishing,Evaluate for genuinely useful new page,Cluster with an existing service page unless unique intent and enough factual content justify a new page,Generated from validated route + service pattern; verify before page creation
1459,P3,Bahrain to Safwan distance by road,EN,Systematic long-tail expansion,Informational,Bahrain,Safwan,Distance,Bahrain → Safwan,/bahrain-saudi-gcc-transport/,No numeric ranking evidence supplied for this keyword,No exact phrase found; contextual coverage required,Cluster with an existing service page unless unique intent and enough factual content justify a new page,Medium; validate before publishing,Evaluate for genuinely useful new page,Cluster with an existing service page unless unique intent and enough factual content justify a new page,Generated from validated route + service pattern; verify before page creation
1460,P3,Bahrain to Safwan taxi price,EN,Systematic long-tail expansion,Price,Bahrain,Safwan,Pricing,Bahrain → Safwan,/bahrain-saudi-gcc-transport/,No numeric ranking evidence supplied for this keyword,No exact phrase found; contextual coverage required,Cluster with an existing service page unless unique intent and enough factual content justify a new page,Medium; validate before publishing,Evaluate for genuinely useful new page,Cluster with an existing service page unless unique intent and enough factual content justify a new page,Generated from validated route + service pattern; verify before page creation
1461,P3,Bahrain to Safwan transfer,EN,Systematic long-tail expansion,Commercial,Bahrain,Safwan,Transfer,Bahrain → Safwan,/bahrain-saudi-gcc-transport/,No numeric ranking evidence supplied for this keyword,No exact phrase found; contextual coverage required,Cluster with an existing service page unless unique intent and enough factual content justify a new page,Medium; validate before publishing,Evaluate for genuinely useful new page,Cluster with an existing service page unless unique intent and enough factual content justify a new page,Generated from validated route + service pattern; verify before page creation
1462,P3,Bahrain to Safwan transport,EN,Systematic long-tail expansion,Commercial,Bahrain,Safwan,Transport,Bahrain → Safwan,/bahrain-saudi-gcc-transport/,No numeric ranking evidence supplied for this keyword,No exact phrase found; contextual coverage required,Cluster with an existing service page unless unique intent and enough factual content justify a new page,Medium; validate before publishing,Evaluate for genuinely useful new page,Cluster with an existing service page unless unique intent and enough factual content justify a new page,Generated from validated route + service pattern; verify before page creation
1463,P3,business transfer from Bahrain to Safwan,EN,Systematic long-tail expansion,Commercial,Bahrain,Safwan,Corporate,Bahrain → Safwan,/bahrain-saudi-gcc-transport/,No numeric ranking evidence supplied for this keyword,No exact phrase found; contextual coverage required,Cluster with an existing service page unless unique intent and enough factual content justify a new page,Medium; validate before publishing,Evaluate for genuinely useful new page,Cluster with an existing service page unless unique intent and enough factual content justify a new page,Generated from validated route + service pattern; verify before page creation
1464,P3,business transfer from Safwan to Bahrain,EN,Systematic long-tail expansion,Commercial,Safwan,Bahrain,Corporate,Safwan → Bahrain,/bahrain-saudi-gcc-transport/,No numeric ranking evidence supplied for this keyword,No exact phrase found; contextual coverage required,Cluster with an existing service page unless unique intent and enough factual content justify a new page,Medium; validate before publishing,Evaluate for genuinely useful new page,Cluster with an existing service page unless unique intent and enough factual content justify a new page,Generated from validated route + service pattern; verify before page creation
1465,P3,chauffeur from Bahrain to Safwan,EN,Systematic long-tail expansion,Commercial,Bahrain,Safwan,Chauffeur,Bahrain → Safwan,/bahrain-saudi-gcc-transport/,No numeric ranking evidence supplied for this keyword,No exact phrase found; contextual coverage required,Cluster with an existing service page unless unique intent and enough factual content justify a new page,Medium; validate before publishing,Evaluate for genuinely useful new page,Cluster with an existing service page unless unique intent and enough factual content justify a new page,Generated from validated route + service pattern; verify before page creation
1466,P3,chauffeur from Safwan to Bahrain,EN,Systematic long-tail expansion,Commercial,Safwan,Bahrain,Chauffeur,Safwan → Bahrain,/bahrain-saudi-gcc-transport/,No numeric ranking evidence supplied for this keyword,No exact phrase found; contextual coverage required,Cluster with an existing service page unless unique intent and enough factual content justify a new page,Medium; validate before publishing,Evaluate for genuinely useful new page,Cluster with an existing service page unless unique intent and enough factual content justify a new page,Generated from validated route + service pattern; verify before page creation
1467,P3,driver from Bahrain to Safwan,EN,Systematic long-tail expansion,Commercial,Bahrain,Safwan,Private driver,Bahrain → Safwan,/bahrain-saudi-gcc-transport/,No numeric ranking evidence supplied for this keyword,No exact phrase found; contextual coverage required,Cluster with an existing service page unless unique intent and enough factual content justify a new page,Medium; validate before publishing,Evaluate for genuinely useful new page,Cluster with an existing service page unless unique intent and enough factual content justify a new page,Generated from validated route + service pattern; verify before page creation
1468,P3,driver from Iraq to Kuwait,EN,GCC country-pair expansion,Commercial,Iraq,Kuwait,Private driver,Iraq → Kuwait,/bahrain-saudi-gcc-transport/,GSC avg position 8.48; page-one winner with CTR opportunity,No exact phrase found; contextual coverage required,Leave primary SEO fields and ranking content unchanged; add only small safe conversion support,High; protect existing winner,Protect,Leave primary SEO fields and ranking content unchanged; add only small safe conversion support,Research universe; validate commercial feasibility before publishing
1469,P3,driver from Iraq to Oman,EN,GCC country-pair expansion,Commercial,Iraq,Oman,Private driver,Iraq → Oman,/bahrain-saudi-gcc-transport/,GSC avg position 7.26; mainly informational traffic,No exact phrase found; contextual coverage required,Leave primary SEO fields and ranking content unchanged; add only small safe conversion support,High; protect existing winner,Protect,Leave primary SEO fields and ranking content unchanged; add only small safe conversion support,Research universe; validate commercial feasibility before publishing
1470,P3,driver from Iraq to Qatar,EN,GCC country-pair expansion,Commercial,Iraq,Qatar,Private driver,Iraq → Qatar,/bahrain-saudi-gcc-transport/,GSC avg position 7.88; page-one winner,No exact phrase found; contextual coverage required,Leave primary SEO fields and ranking content unchanged; add only small safe conversion support,High; protect existing winner,Protect,Leave primary SEO fields and ranking content unchanged; add only small safe conversion support,Research universe; validate commercial feasibility before publishing
1471,P3,driver from Iraq to Saudi Arabia,EN,GCC country-pair expansion,Commercial,Iraq,Saudi Arabia,Private driver,Iraq → Saudi Arabia,/bahrain-saudi-gcc-transport/,No numeric ranking evidence supplied for this keyword,No exact phrase found; contextual coverage required,Cluster with an existing service page unless unique intent and enough factual content justify a new page,Medium; validate before publishing,Evaluate for genuinely useful new page,Cluster with an existing service page unless unique intent and enough factual content justify a new page,Research universe; validate commercial feasibility before publishing
1472,P3,driver from Iraq to UAE,EN,GCC country-pair expansion,Commercial,Iraq,UAE,Private driver,Iraq → UAE,/bahrain-saudi-gcc-transport/,No numeric ranking evidence supplied for this keyword,No exact phrase found; contextual coverage required,Cluster with an existing service page unless unique intent and enough factual content justify a new page,Medium; validate before publishing,Evaluate for genuinely useful new page,Cluster with an existing service page unless unique intent and enough factual content justify a new page,Research universe; validate commercial feasibility before publishing
1473,P3,driver from Kuwait to Iraq,EN,GCC country-pair expansion,Commercial,Kuwait,Iraq,Private driver,Kuwait → Iraq,/bahrain-saudi-gcc-transport/,GSC avg position 8.48; page-one winner with CTR opportunity,No exact phrase found; contextual coverage required,Leave primary SEO fields and ranking content unchanged; add only small safe conversion support,High; protect existing winner,Protect,Leave primary SEO fields and ranking content unchanged; add only small safe conversion support,Research universe; validate commercial feasibility before publishing
1474,P3,driver from Kuwait to Oman,EN,GCC country-pair expansion,Commercial,Kuwait,Oman,Private driver,Kuwait → Oman,/bahrain-saudi-gcc-transport/en/kuwait-to-oman/,GSC avg position 8.48; page-one winner with CTR opportunity,No exact phrase found; contextual coverage required,Leave primary SEO fields and ranking content unchanged; add only small safe conversion support,High; protect existing winner,Protect,Leave primary SEO fields and ranking content unchanged; add only small safe conversion support,Research universe; validate commercial feasibility before publishing
1475,P3,driver from Kuwait to Qatar,EN,GCC country-pair expansion,Commercial,Kuwait,Qatar,Private driver,Kuwait → Qatar,/bahrain-saudi-gcc-transport/en/kuwait-to-qatar/,GSC avg position 7.88; page-one winner,No exact phrase found; contextual coverage required,Leave primary SEO fields and ranking content unchanged; add only small safe conversion support,High; protect existing winner,Protect,Leave primary SEO fields and ranking content unchanged; add only small safe conversion support,Research universe; validate commercial feasibility before publishing
1476,P3,driver from Kuwait to Saudi Arabia,EN,GCC country-pair expansion,Commercial,Kuwait,Saudi Arabia,Private driver,Kuwait → Saudi Arabia,/bahrain-saudi-gcc-transport/,GSC avg position 8.48; page-one winner with CTR opportunity,No exact phrase found; contextual coverage required,Leave primary SEO fields and ranking content unchanged; add only small safe conversion support,High; protect existing winner,Protect,Leave primary SEO fields and ranking content unchanged; add only small safe conversion support,Research universe; validate commercial feasibility before publishing
1477,P3,driver from Kuwait to UAE,EN,GCC country-pair expansion,Commercial,Kuwait,UAE,Private driver,Kuwait → UAE,/bahrain-saudi-gcc-transport/,GSC avg position 8.48; page-one winner with CTR opportunity,No exact phrase found; contextual coverage required,Leave primary SEO fields and ranking content unchanged; add only small safe conversion support,High; protect existing winner,Protect,Leave primary SEO fields and ranking content unchanged; add only small safe conversion support,Research universe; validate commercial feasibility before publishing
1478,P3,driver from Oman to Iraq,EN,GCC country-pair expansion,Commercial,Oman,Iraq,Private driver,Oman → Iraq,/bahrain-saudi-gcc-transport/,GSC avg position 7.26; mainly informational traffic,No exact phrase found; contextual coverage required,Leave primary SEO fields and ranking content unchanged; add only small safe conversion support,High; protect existing winner,Protect,Leave primary SEO fields and ranking content unchanged; add only small safe conversion support,Research universe; validate commercial feasibility before publishing
1479,P3,driver from Oman to Kuwait,EN,GCC country-pair expansion,Commercial,Oman,Kuwait,Private driver,Oman → Kuwait,/bahrain-saudi-gcc-transport/en/oman-to-kuwait/,GSC avg position 8.48; page-one winner with CTR opportunity,No exact phrase found; contextual coverage required,Leave primary SEO fields and ranking content unchanged; add only small safe conversion support,High; protect existing winner,Protect,Leave primary SEO fields and ranking content unchanged; add only small safe conversion support,Research universe; validate commercial feasibility before publishing
1480,P3,driver from Oman to Qatar,EN,GCC country-pair expansion,Commercial,Oman,Qatar,Private driver,Oman → Qatar,/bahrain-saudi-gcc-transport/en/oman-to-qatar/,GSC avg position 7.88; page-one winner,No exact phrase found; contextual coverage required,Leave primary SEO fields and ranking content unchanged; add only small safe conversion support,High; protect existing winner,Protect,Leave primary SEO fields and ranking content unchanged; add only small safe conversion support,Research universe; validate commercial feasibility before publishing
1481,P3,driver from Oman to Saudi Arabia,EN,GCC country-pair expansion,Commercial,Oman,Saudi Arabia,Private driver,Oman → Saudi Arabia,/bahrain-saudi-gcc-transport/,GSC avg position 7.26; mainly informational traffic,No exact phrase found; contextual coverage required,Leave primary SEO fields and ranking content unchanged; add only small safe conversion support,High; protect existing winner,Protect,Leave primary SEO fields and ranking content unchanged; add only small safe conversion support,Research universe; validate commercial feasibility before publishing
1482,P3,driver from Oman to UAE,EN,GCC country-pair expansion,Commercial,Oman,UAE,Private driver,Oman → UAE,/bahrain-saudi-gcc-transport/,GSC avg position 7.26; mainly informational traffic,No exact phrase found; contextual coverage required,Leave primary SEO fields and ranking content unchanged; add only small safe conversion support,High; protect existing winner,Protect,Leave primary SEO fields and ranking content unchanged; add only small safe conversion support,Research universe; validate commercial feasibility before publishing
1483,P3,driver from Qatar to Iraq,EN,GCC country-pair expansion,Commercial,Qatar,Iraq,Private driver,Qatar → Iraq,/bahrain-saudi-gcc-transport/,GSC avg position 7.88; page-one winner,No exact phrase found; contextual coverage required,Leave primary SEO fields and ranking content unchanged; add only small safe conversion support,High; protect existing winner,Protect,Leave primary SEO fields and ranking content unchanged; add only small safe conversion support,Research universe; validate commercial feasibility before publishing
1484,P3,driver from Qatar to Kuwait,EN,GCC country-pair expansion,Commercial,Qatar,Kuwait,Private driver,Qatar → Kuwait,/bahrain-saudi-gcc-transport/en/qatar-to-kuwait/,GSC avg position 7.88; page-one winner,No exact phrase found; contextual coverage required,Leave primary SEO fields and ranking content unchanged; add only small safe conversion support,High; protect existing winner,Protect,Leave primary SEO fields and ranking content unchanged; add only small safe conversion support,Research universe; validate commercial feasibility before publishing
1485,P3,driver from Qatar to Oman,EN,GCC country-pair expansion,Commercial,Qatar,Oman,Private driver,Qatar → Oman,/bahrain-saudi-gcc-transport/en/qatar-to-oman/,GSC avg position 7.88; page-one winner,No exact phrase found; contextual coverage required,Leave primary SEO fields and ranking content unchanged; add only small safe conversion support,High; protect existing winner,Protect,Leave primary SEO fields and ranking content unchanged; add only small safe conversion support,Research universe; validate commercial feasibility before publishing
1486,P3,driver from Qatar to Saudi Arabia,EN,GCC country-pair expansion,Commercial,Qatar,Saudi Arabia,Private driver,Qatar → Saudi Arabia,/bahrain-saudi-gcc-transport/,GSC avg position 7.88; page-one winner,No exact phrase found; contextual coverage required,Leave primary SEO fields and ranking content unchanged; add only small safe conversion support,High; protect existing winner,Protect,Leave primary SEO fields and ranking content unchanged; add only small safe conversion support,Research universe; validate commercial feasibility before publishing
1487,P3,driver from Qatar to UAE,EN,GCC country-pair expansion,Commercial,Qatar,UAE,Private driver,Qatar → UAE,/bahrain-saudi-gcc-transport/,GSC avg position 7.88; page-one winner,No exact phrase found; contextual coverage required,Leave primary SEO fields and ranking content unchanged; add only small safe conversion support,High; protect existing winner,Protect,Leave primary SEO fields and ranking content unchanged; add only small safe conversion support,Research universe; validate commercial feasibility before publishing
1488,P3,driver from Safwan to Bahrain,EN,Systematic long-tail expansion,Commercial,Safwan,Bahrain,Private driver,Safwan → Bahrain,/bahrain-saudi-gcc-transport/,No numeric ranking evidence supplied for this keyword,No exact phrase found; contextual coverage required,Cluster with an existing service page unless unique intent and enough factual content justify a new page,Medium; validate before publishing,Evaluate for genuinely useful new page,Cluster with an existing service page unless unique intent and enough factual content justify a new page,Generated from validated route + service pattern; verify before page creation
1489,P3,driver from Saudi Arabia to Iraq,EN,GCC country-pair expansion,Commercial,Saudi Arabia,Iraq,Private driver,Saudi Arabia → Iraq,/bahrain-saudi-gcc-transport/,No numeric ranking evidence supplied for this keyword,No exact phrase found; contextual coverage required,Cluster with an existing service page unless unique intent and enough factual content justify a new page,Medium; validate before publishing,Evaluate for genuinely useful new page,Cluster with an existing service page unless unique intent and enough factual content justify a new page,Research universe; validate commercial feasibility before publishing
1490,P3,driver from Saudi Arabia to Kuwait,EN,GCC country-pair expansion,Commercial,Saudi Arabia,Kuwait,Private driver,Saudi Arabia → Kuwait,/bahrain-saudi-gcc-transport/,GSC avg position 8.48; page-one winner with CTR opportunity,No exact phrase found; contextual coverage required,Leave primary SEO fields and ranking content unchanged; add only small safe conversion support,High; protect existing winner,Protect,Leave primary SEO fields and ranking content unchanged; add only small safe conversion support,Research universe; validate commercial feasibility before publishing
1491,P3,driver from Saudi Arabia to Oman,EN,GCC country-pair expansion,Commercial,Saudi Arabia,Oman,Private driver,Saudi Arabia → Oman,/bahrain-saudi-gcc-transport/,GSC avg position 7.26; mainly informational traffic,No exact phrase found; contextual coverage required,Leave primary SEO fields and ranking content unchanged; add only small safe conversion support,High; protect existing winner,Protect,Leave primary SEO fields and ranking content unchanged; add only small safe conversion support,Research universe; validate commercial feasibility before publishing
1492,P3,driver from Saudi Arabia to Qatar,EN,GCC country-pair expansion,Commercial,Saudi Arabia,Qatar,Private driver,Saudi Arabia → Qatar,/bahrain-saudi-gcc-transport/,GSC avg position 7.88; page-one winner,No exact phrase found; contextual coverage required,Leave primary SEO fields and ranking content unchanged; add only small safe conversion support,High; protect existing winner,Protect,Leave primary SEO fields and ranking content unchanged; add only small safe conversion support,Research universe; validate commercial feasibility before publishing
1493,P3,driver from Saudi Arabia to UAE,EN,GCC country-pair expansion,Commercial,Saudi Arabia,UAE,Private driver,Saudi Arabia → UAE,/bahrain-saudi-gcc-transport/,No numeric ranking evidence supplied for this keyword,No exact phrase found; contextual coverage required,Cluster with an existing service page unless unique intent and enough factual content justify a new page,Medium; validate before publishing,Evaluate for genuinely useful new page,Cluster with an existing service page unless unique intent and enough factual content justify a new page,Research universe; validate commercial feasibility before publishing
1494,P3,driver from UAE to Iraq,EN,GCC country-pair expansion,Commercial,UAE,Iraq,Private driver,UAE → Iraq,/bahrain-saudi-gcc-transport/,No numeric ranking evidence supplied for this keyword,No exact phrase found; contextual coverage required,Cluster with an existing service page unless unique intent and enough factual content justify a new page,Medium; validate before publishing,Evaluate for genuinely useful new page,Cluster with an existing service page unless unique intent and enough factual content justify a new page,Research universe; validate commercial feasibility before publishing
1495,P3,driver from UAE to Kuwait,EN,GCC country-pair expansion,Commercial,UAE,Kuwait,Private driver,UAE → Kuwait,/bahrain-saudi-gcc-transport/,GSC avg position 8.48; page-one winner with CTR opportunity,No exact phrase found; contextual coverage required,Leave primary SEO fields and ranking content unchanged; add only small safe conversion support,High; protect existing winner,Protect,Leave primary SEO fields and ranking content unchanged; add only small safe conversion support,Research universe; validate commercial feasibility before publishing
1496,P3,driver from UAE to Oman,EN,GCC country-pair expansion,Commercial,UAE,Oman,Private driver,UAE → Oman,/bahrain-saudi-gcc-transport/,GSC avg position 7.26; mainly informational traffic,No exact phrase found; contextual coverage required,Leave primary SEO fields and ranking content unchanged; add only small safe conversion support,High; protect existing winner,Protect,Leave primary SEO fields and ranking content unchanged; add only small safe conversion support,Research universe; validate commercial feasibility before publishing
1497,P3,driver from UAE to Qatar,EN,GCC country-pair expansion,Commercial,UAE,Qatar,Private driver,UAE → Qatar,/bahrain-saudi-gcc-transport/,GSC avg position 7.88; page-one winner,No exact phrase found; contextual coverage required,Leave primary SEO fields and ranking content unchanged; add only small safe conversion support,High; protect existing winner,Protect,Leave primary SEO fields and ranking content unchanged; add only small safe conversion support,Research universe; validate commercial feasibility before publishing
1498,P3,driver from UAE to Saudi Arabia,EN,GCC country-pair expansion,Commercial,UAE,Saudi Arabia,Private driver,UAE → Saudi Arabia,/bahrain-saudi-gcc-transport/,No numeric ranking evidence supplied for this keyword,No exact phrase found; contextual coverage required,Cluster with an existing service page unless unique intent and enough factual content justify a new page,Medium; validate before publishing,Evaluate for genuinely useful new page,Cluster with an existing service page unless unique intent and enough factual content justify a new page,Research universe; validate commercial feasibility before publishing
1499,P3,family transport from Bahrain to Safwan,EN,Systematic long-tail expansion,Commercial,Bahrain,Safwan,Family/group,Bahrain → Safwan,/bahrain-saudi-gcc-transport/,No numeric ranking evidence supplied for this keyword,No exact phrase found; contextual coverage required,Cluster with an existing service page unless unique intent and enough factual content justify a new page,Medium; validate before publishing,Evaluate for genuinely useful new page,Cluster with an existing service page unless unique intent and enough factual content justify a new page,Generated from validated route + service pattern; verify before page creation
1500,P3,family transport from Safwan to Bahrain,EN,Systematic long-tail expansion,Commercial,Safwan,Bahrain,Family/group,Safwan → Bahrain,/bahrain-saudi-gcc-transport/,No numeric ranking evidence supplied for this keyword,No exact phrase found; contextual coverage required,Cluster with an existing service page unless unique intent and enough factual content justify a new page,Medium; validate before publishing,Evaluate for genuinely useful new page,Cluster with an existing service page unless unique intent and enough factual content justify a new page,Generated from validated route + service pattern; verify before page creation
1501,P3,how many hours from Bahrain to Safwan,EN,Systematic long-tail expansion,Informational,Bahrain,Safwan,Travel time,Bahrain → Safwan,/bahrain-saudi-gcc-transport/,No numeric ranking evidence supplied for this keyword,No exact phrase found; contextual coverage required,Cluster with an existing service page unless unique intent and enough factual content justify a new page,Medium; validate before publishing,Evaluate for genuinely useful new page,Cluster with an existing service page unless unique intent and enough factual content justify a new page,Generated from validated route + service pattern; verify before page creation
1502,P3,how many hours from Safwan to Bahrain,EN,Systematic long-tail expansion,Informational,Safwan,Bahrain,Travel time,Safwan → Bahrain,/bahrain-saudi-gcc-transport/,No numeric ranking evidence supplied for this keyword,No exact phrase found; contextual coverage required,Cluster with an existing service page unless unique intent and enough factual content justify a new page,Medium; validate before publishing,Evaluate for genuinely useful new page,Cluster with an existing service page unless unique intent and enough factual content justify a new page,Generated from validated route + service pattern; verify before page creation
1503,P3,Iraq to Kuwait by road,EN,GCC country-pair expansion,Informational,Iraq,Kuwait,Driving,Iraq → Kuwait,/bahrain-saudi-gcc-transport/,GSC avg position 8.48; page-one winner with CTR opportunity,No exact phrase found; contextual coverage required,Leave primary SEO fields and ranking content unchanged; add only small safe conversion support,High; protect existing winner,Protect,Leave primary SEO fields and ranking content unchanged; add only small safe conversion support,Research universe; validate commercial feasibility before publishing
1504,P3,Iraq to Kuwait transport,EN,GCC country-pair expansion,Commercial,Iraq,Kuwait,Transport,Iraq → Kuwait,/bahrain-saudi-gcc-transport/,GSC avg position 8.48; page-one winner with CTR opportunity,No exact phrase found; contextual coverage required,Leave primary SEO fields and ranking content unchanged; add only small safe conversion support,High; protect existing winner,Protect,Leave primary SEO fields and ranking content unchanged; add only small safe conversion support,Research universe; validate commercial feasibility before publishing
1505,P3,Iraq to Oman by road,EN,GCC country-pair expansion,Informational,Iraq,Oman,Driving,Iraq → Oman,/bahrain-saudi-gcc-transport/,GSC avg position 7.26; mainly informational traffic,No exact phrase found; contextual coverage required,Leave primary SEO fields and ranking content unchanged; add only small safe conversion support,High; protect existing winner,Protect,Leave primary SEO fields and ranking content unchanged; add only small safe conversion support,Research universe; validate commercial feasibility before publishing
1506,P3,Iraq to Oman transport,EN,GCC country-pair expansion,Commercial,Iraq,Oman,Transport,Iraq → Oman,/bahrain-saudi-gcc-transport/,GSC avg position 7.26; mainly informational traffic,No exact phrase found; contextual coverage required,Leave primary SEO fields and ranking content unchanged; add only small safe conversion support,High; protect existing winner,Protect,Leave primary SEO fields and ranking content unchanged; add only small safe conversion support,Research universe; validate commercial feasibility before publishing
1507,P3,Iraq to Qatar by road,EN,GCC country-pair expansion,Informational,Iraq,Qatar,Driving,Iraq → Qatar,/bahrain-saudi-gcc-transport/,GSC avg position 7.88; page-one winner,No exact phrase found; contextual coverage required,Leave primary SEO fields and ranking content unchanged; add only small safe conversion support,High; protect existing winner,Protect,Leave primary SEO fields and ranking content unchanged; add only small safe conversion support,Research universe; validate commercial feasibility before publishing
1508,P3,Iraq to Qatar transport,EN,GCC country-pair expansion,Commercial,Iraq,Qatar,Transport,Iraq → Qatar,/bahrain-saudi-gcc-transport/,GSC avg position 7.88; page-one winner,No exact phrase found; contextual coverage required,Leave primary SEO fields and ranking content unchanged; add only small safe conversion support,High; protect existing winner,Protect,Leave primary SEO fields and ranking content unchanged; add only small safe conversion support,Research universe; validate commercial feasibility before publishing
1509,P3,Iraq to Saudi Arabia by road,EN,GCC country-pair expansion,Informational,Iraq,Saudi Arabia,Driving,Iraq → Saudi Arabia,/bahrain-saudi-gcc-transport/,No numeric ranking evidence supplied for this keyword,No exact phrase found; contextual coverage required,Cluster with an existing service page unless unique intent and enough factual content justify a new page,Medium; validate before publishing,Evaluate for genuinely useful new page,Cluster with an existing service page unless unique intent and enough factual content justify a new page,Research universe; validate commercial feasibility before publishing
1510,P3,Iraq to Saudi Arabia transport,EN,GCC country-pair expansion,Commercial,Iraq,Saudi Arabia,Transport,Iraq → Saudi Arabia,/bahrain-saudi-gcc-transport/,No numeric ranking evidence supplied for this keyword,No exact phrase found; contextual coverage required,Cluster with an existing service page unless unique intent and enough factual content justify a new page,Medium; validate before publishing,Evaluate for genuinely useful new page,Cluster with an existing service page unless unique intent and enough factual content justify a new page,Research universe; validate commercial feasibility before publishing
1511,P3,Iraq to UAE by road,EN,GCC country-pair expansion,Informational,Iraq,UAE,Driving,Iraq → UAE,/bahrain-saudi-gcc-transport/,No numeric ranking evidence supplied for this keyword,No exact phrase found; contextual coverage required,Cluster with an existing service page unless unique intent and enough factual content justify a new page,Medium; validate before publishing,Evaluate for genuinely useful new page,Cluster with an existing service page unless unique intent and enough factual content justify a new page,Research universe; validate commercial feasibility before publishing
1512,P3,Iraq to UAE transport,EN,GCC country-pair expansion,Commercial,Iraq,UAE,Transport,Iraq → UAE,/bahrain-saudi-gcc-transport/,No numeric ranking evidence supplied for this keyword,No exact phrase found; contextual coverage required,Cluster with an existing service page unless unique intent and enough factual content justify a new page,Medium; validate before publishing,Evaluate for genuinely useful new page,Cluster with an existing service page unless unique intent and enough factual content justify a new page,Research universe; validate commercial feasibility before publishing
1513,P3,Kuwait to Iraq by road,EN,GCC country-pair expansion,Informational,Kuwait,Iraq,Driving,Kuwait → Iraq,/bahrain-saudi-gcc-transport/,GSC avg position 8.48; page-one winner with CTR opportunity,No exact phrase found; contextual coverage required,Leave primary SEO fields and ranking content unchanged; add only small safe conversion support,High; protect existing winner,Protect,Leave primary SEO fields and ranking content unchanged; add only small safe conversion support,Research universe; validate commercial feasibility before publishing
1514,P3,Kuwait to Iraq transport,EN,GCC country-pair expansion,Commercial,Kuwait,Iraq,Transport,Kuwait → Iraq,/bahrain-saudi-gcc-transport/,GSC avg position 8.48; page-one winner with CTR opportunity,No exact phrase found; contextual coverage required,Leave primary SEO fields and ranking content unchanged; add only small safe conversion support,High; protect existing winner,Protect,Leave primary SEO fields and ranking content unchanged; add only small safe conversion support,Research universe; validate commercial feasibility before publishing
1515,P3,Kuwait to Oman by road,EN,GCC country-pair expansion,Informational,Kuwait,Oman,Driving,Kuwait → Oman,/bahrain-saudi-gcc-transport/en/kuwait-to-oman/,GSC avg position 8.48; page-one winner with CTR opportunity,No exact phrase found; contextual coverage required,Leave primary SEO fields and ranking content unchanged; add only small safe conversion support,High; protect existing winner,Protect,Leave primary SEO fields and ranking content unchanged; add only small safe conversion support,Research universe; validate commercial feasibility before publishing
1516,P3,Kuwait to Oman transport,EN,GCC country-pair expansion,Commercial,Kuwait,Oman,Transport,Kuwait → Oman,/bahrain-saudi-gcc-transport/en/kuwait-to-oman/,GSC avg position 8.48; page-one winner with CTR opportunity,No exact phrase found; contextual coverage required,Leave primary SEO fields and ranking content unchanged; add only small safe conversion support,High; protect existing winner,Protect,Leave primary SEO fields and ranking content unchanged; add only small safe conversion support,Research universe; validate commercial feasibility before publishing
1517,P3,Kuwait to Qatar by road,EN,GCC country-pair expansion,Informational,Kuwait,Qatar,Driving,Kuwait → Qatar,/bahrain-saudi-gcc-transport/en/kuwait-to-qatar/,GSC avg position 7.88; page-one winner,No exact phrase found; contextual coverage required,Leave primary SEO fields and ranking content unchanged; add only small safe conversion support,High; protect existing winner,Protect,Leave primary SEO fields and ranking content unchanged; add only small safe conversion support,Research universe; validate commercial feasibility before publishing
1518,P3,Kuwait to Qatar transport,EN,GCC country-pair expansion,Commercial,Kuwait,Qatar,Transport,Kuwait → Qatar,/bahrain-saudi-gcc-transport/en/kuwait-to-qatar/,GSC avg position 7.88; page-one winner,No exact phrase found; contextual coverage required,Leave primary SEO fields and ranking content unchanged; add only small safe conversion support,High; protect existing winner,Protect,Leave primary SEO fields and ranking content unchanged; add only small safe conversion support,Research universe; validate commercial feasibility before publishing
1519,P3,Kuwait to Saudi Arabia by road,EN,GCC country-pair expansion,Informational,Kuwait,Saudi Arabia,Driving,Kuwait → Saudi Arabia,/bahrain-saudi-gcc-transport/,GSC avg position 8.48; page-one winner with CTR opportunity,No exact phrase found; contextual coverage required,Leave primary SEO fields and ranking content unchanged; add only small safe conversion support,High; protect existing winner,Protect,Leave primary SEO fields and ranking content unchanged; add only small safe conversion support,Research universe; validate commercial feasibility before publishing
1520,P3,Kuwait to Saudi Arabia transport,EN,GCC country-pair expansion,Commercial,Kuwait,Saudi Arabia,Transport,Kuwait → Saudi Arabia,/bahrain-saudi-gcc-transport/,GSC avg position 8.48; page-one winner with CTR opportunity,No exact phrase found; contextual coverage required,Leave primary SEO fields and ranking content unchanged; add only small safe conversion support,High; protect existing winner,Protect,Leave primary SEO fields and ranking content unchanged; add only small safe conversion support,Research universe; validate commercial feasibility before publishing
1521,P3,Kuwait to UAE by road,EN,GCC country-pair expansion,Informational,Kuwait,UAE,Driving,Kuwait → UAE,/bahrain-saudi-gcc-transport/,GSC avg position 8.48; page-one winner with CTR opportunity,No exact phrase found; contextual coverage required,Leave primary SEO fields and ranking content unchanged; add only small safe conversion support,High; protect existing winner,Protect,Leave primary SEO fields and ranking content unchanged; add only small safe conversion support,Research universe; validate commercial feasibility before publishing
1522,P3,Kuwait to UAE transport,EN,GCC country-pair expansion,Commercial,Kuwait,UAE,Transport,Kuwait → UAE,/bahrain-saudi-gcc-transport/,GSC avg position 8.48; page-one winner with CTR opportunity,No exact phrase found; contextual coverage required,Leave primary SEO fields and ranking content unchanged; add only small safe conversion support,High; protect existing winner,Protect,Leave primary SEO fields and ranking content unchanged; add only small safe conversion support,Research universe; validate commercial feasibility before publishing
1523,P3,Oman to Iraq by road,EN,GCC country-pair expansion,Informational,Oman,Iraq,Driving,Oman → Iraq,/bahrain-saudi-gcc-transport/,GSC avg position 7.26; mainly informational traffic,No exact phrase found; contextual coverage required,Leave primary SEO fields and ranking content unchanged; add only small safe conversion support,High; protect existing winner,Protect,Leave primary SEO fields and ranking content unchanged; add only small safe conversion support,Research universe; validate commercial feasibility before publishing
1524,P3,Oman to Iraq transport,EN,GCC country-pair expansion,Commercial,Oman,Iraq,Transport,Oman → Iraq,/bahrain-saudi-gcc-transport/,GSC avg position 7.26; mainly informational traffic,No exact phrase found; contextual coverage required,Leave primary SEO fields and ranking content unchanged; add only small safe conversion support,High; protect existing winner,Protect,Leave primary SEO fields and ranking content unchanged; add only small safe conversion support,Research universe; validate commercial feasibility before publishing
1525,P3,Oman to Kuwait by road,EN,GCC country-pair expansion,Informational,Oman,Kuwait,Driving,Oman → Kuwait,/bahrain-saudi-gcc-transport/en/oman-to-kuwait/,GSC avg position 8.48; page-one winner with CTR opportunity,No exact phrase found; contextual coverage required,Leave primary SEO fields and ranking content unchanged; add only small safe conversion support,High; protect existing winner,Protect,Leave primary SEO fields and ranking content unchanged; add only small safe conversion support,Research universe; validate commercial feasibility before publishing
1526,P3,Oman to Kuwait transport,EN,GCC country-pair expansion,Commercial,Oman,Kuwait,Transport,Oman → Kuwait,/bahrain-saudi-gcc-transport/en/oman-to-kuwait/,GSC avg position 8.48; page-one winner with CTR opportunity,No exact phrase found; contextual coverage required,Leave primary SEO fields and ranking content unchanged; add only small safe conversion support,High; protect existing winner,Protect,Leave primary SEO fields and ranking content unchanged; add only small safe conversion support,Research universe; validate commercial feasibility before publishing
1527,P3,Oman to Qatar by road,EN,GCC country-pair expansion,Informational,Oman,Qatar,Driving,Oman → Qatar,/bahrain-saudi-gcc-transport/en/oman-to-qatar/,GSC avg position 7.88; page-one winner,No exact phrase found; contextual coverage required,Leave primary SEO fields and ranking content unchanged; add only small safe conversion support,High; protect existing winner,Protect,Leave primary SEO fields and ranking content unchanged; add only small safe conversion support,Research universe; validate commercial feasibility before publishing
1528,P3,Oman to Qatar transport,EN,GCC country-pair expansion,Commercial,Oman,Qatar,Transport,Oman → Qatar,/bahrain-saudi-gcc-transport/en/oman-to-qatar/,GSC avg position 7.88; page-one winner,No exact phrase found; contextual coverage required,Leave primary SEO fields and ranking content unchanged; add only small safe conversion support,High; protect existing winner,Protect,Leave primary SEO fields and ranking content unchanged; add only small safe conversion support,Research universe; validate commercial feasibility before publishing
1529,P3,Oman to Saudi Arabia by road,EN,GCC country-pair expansion,Informational,Oman,Saudi Arabia,Driving,Oman → Saudi Arabia,/bahrain-saudi-gcc-transport/,GSC avg position 7.26; mainly informational traffic,No exact phrase found; contextual coverage required,Leave primary SEO fields and ranking content unchanged; add only small safe conversion support,High; protect existing winner,Protect,Leave primary SEO fields and ranking content unchanged; add only small safe conversion support,Research universe; validate commercial feasibility before publishing
1530,P3,Oman to Saudi Arabia transport,EN,GCC country-pair expansion,Commercial,Oman,Saudi Arabia,Transport,Oman → Saudi Arabia,/bahrain-saudi-gcc-transport/,GSC avg position 7.26; mainly informational traffic,No exact phrase found; contextual coverage required,Leave primary SEO fields and ranking content unchanged; add only small safe conversion support,High; protect existing winner,Protect,Leave primary SEO fields and ranking content unchanged; add only small safe conversion support,Research universe; validate commercial feasibility before publishing
1531,P3,Oman to UAE by road,EN,GCC country-pair expansion,Informational,Oman,UAE,Driving,Oman → UAE,/bahrain-saudi-gcc-transport/,GSC avg position 7.26; mainly informational traffic,No exact phrase found; contextual coverage required,Leave primary SEO fields and ranking content unchanged; add only small safe conversion support,High; protect existing winner,Protect,Leave primary SEO fields and ranking content unchanged; add only small safe conversion support,Research universe; validate commercial feasibility before publishing
1532,P3,Oman to UAE transport,EN,GCC country-pair expansion,Commercial,Oman,UAE,Transport,Oman → UAE,/bahrain-saudi-gcc-transport/,GSC avg position 7.26; mainly informational traffic,No exact phrase found; contextual coverage required,Leave primary SEO fields and ranking content unchanged; add only small safe conversion support,High; protect existing winner,Protect,Leave primary SEO fields and ranking content unchanged; add only small safe conversion support,Research universe; validate commercial feasibility before publishing
1533,P3,parcel delivery from Bahrain to Safwan,EN,Systematic long-tail expansion,Commercial,Bahrain,Safwan,Small parcel,Bahrain → Safwan,/bahrain-saudi-gcc-transport/,No numeric ranking evidence supplied for this keyword,No exact phrase found; contextual coverage required,Cluster with an existing service page unless unique intent and enough factual content justify a new page,Medium; validate before publishing,Evaluate for genuinely useful new page,Cluster with an existing service page unless unique intent and enough factual content justify a new page,Generated from validated route + service pattern; verify before page creation
1534,P3,parcel delivery from Iraq to Kuwait,EN,GCC country-pair expansion,Commercial,Iraq,Kuwait,Small parcel,Iraq → Kuwait,/bahrain-saudi-gcc-transport/,GSC avg position 8.48; page-one winner with CTR opportunity,No exact phrase found; contextual coverage required,Leave primary SEO fields and ranking content unchanged; add only small safe conversion support,High; protect existing winner,Protect,Leave primary SEO fields and ranking content unchanged; add only small safe conversion support,Research universe; validate commercial feasibility before publishing
1535,P3,parcel delivery from Iraq to Oman,EN,GCC country-pair expansion,Commercial,Iraq,Oman,Small parcel,Iraq → Oman,/bahrain-saudi-gcc-transport/,GSC avg position 7.26; mainly informational traffic,No exact phrase found; contextual coverage required,Leave primary SEO fields and ranking content unchanged; add only small safe conversion support,High; protect existing winner,Protect,Leave primary SEO fields and ranking content unchanged; add only small safe conversion support,Research universe; validate commercial feasibility before publishing
1536,P3,parcel delivery from Iraq to Qatar,EN,GCC country-pair expansion,Commercial,Iraq,Qatar,Small parcel,Iraq → Qatar,/bahrain-saudi-gcc-transport/,GSC avg position 7.88; page-one winner,No exact phrase found; contextual coverage required,Leave primary SEO fields and ranking content unchanged; add only small safe conversion support,High; protect existing winner,Protect,Leave primary SEO fields and ranking content unchanged; add only small safe conversion support,Research universe; validate commercial feasibility before publishing
1537,P3,parcel delivery from Iraq to Saudi Arabia,EN,GCC country-pair expansion,Commercial,Iraq,Saudi Arabia,Small parcel,Iraq → Saudi Arabia,/bahrain-saudi-gcc-transport/,No numeric ranking evidence supplied for this keyword,No exact phrase found; contextual coverage required,Cluster with an existing service page unless unique intent and enough factual content justify a new page,Medium; validate before publishing,Evaluate for genuinely useful new page,Cluster with an existing service page unless unique intent and enough factual content justify a new page,Research universe; validate commercial feasibility before publishing
1538,P3,parcel delivery from Iraq to UAE,EN,GCC country-pair expansion,Commercial,Iraq,UAE,Small parcel,Iraq → UAE,/bahrain-saudi-gcc-transport/,No numeric ranking evidence supplied for this keyword,No exact phrase found; contextual coverage required,Cluster with an existing service page unless unique intent and enough factual content justify a new page,Medium; validate before publishing,Evaluate for genuinely useful new page,Cluster with an existing service page unless unique intent and enough factual content justify a new page,Research universe; validate commercial feasibility before publishing
1539,P3,parcel delivery from Kuwait to Iraq,EN,GCC country-pair expansion,Commercial,Kuwait,Iraq,Small parcel,Kuwait → Iraq,/bahrain-saudi-gcc-transport/,GSC avg position 8.48; page-one winner with CTR opportunity,No exact phrase found; contextual coverage required,Leave primary SEO fields and ranking content unchanged; add only small safe conversion support,High; protect existing winner,Protect,Leave primary SEO fields and ranking content unchanged; add only small safe conversion support,Research universe; validate commercial feasibility before publishing
1540,P3,parcel delivery from Kuwait to Oman,EN,GCC country-pair expansion,Commercial,Kuwait,Oman,Small parcel,Kuwait → Oman,/bahrain-saudi-gcc-transport/en/kuwait-to-oman/,GSC avg position 8.48; page-one winner with CTR opportunity,No exact phrase found; contextual coverage required,Leave primary SEO fields and ranking content unchanged; add only small safe conversion support,High; protect existing winner,Protect,Leave primary SEO fields and ranking content unchanged; add only small safe conversion support,Research universe; validate commercial feasibility before publishing
1541,P3,parcel delivery from Kuwait to Qatar,EN,GCC country-pair expansion,Commercial,Kuwait,Qatar,Small parcel,Kuwait → Qatar,/bahrain-saudi-gcc-transport/en/kuwait-to-qatar/,GSC avg position 7.88; page-one winner,No exact phrase found; contextual coverage required,Leave primary SEO fields and ranking content unchanged; add only small safe conversion support,High; protect existing winner,Protect,Leave primary SEO fields and ranking content unchanged; add only small safe conversion support,Research universe; validate commercial feasibility before publishing
1542,P3,parcel delivery from Kuwait to Saudi Arabia,EN,GCC country-pair expansion,Commercial,Kuwait,Saudi Arabia,Small parcel,Kuwait → Saudi Arabia,/bahrain-saudi-gcc-transport/,GSC avg position 8.48; page-one winner with CTR opportunity,No exact phrase found; contextual coverage required,Leave primary SEO fields and ranking content unchanged; add only small safe conversion support,High; protect existing winner,Protect,Leave primary SEO fields and ranking content unchanged; add only small safe conversion support,Research universe; validate commercial feasibility before publishing
1543,P3,parcel delivery from Kuwait to UAE,EN,GCC country-pair expansion,Commercial,Kuwait,UAE,Small parcel,Kuwait → UAE,/bahrain-saudi-gcc-transport/,GSC avg position 8.48; page-one winner with CTR opportunity,No exact phrase found; contextual coverage required,Leave primary SEO fields and ranking content unchanged; add only small safe conversion support,High; protect existing winner,Protect,Leave primary SEO fields and ranking content unchanged; add only small safe conversion support,Research universe; validate commercial feasibility before publishing
1544,P3,parcel delivery from Oman to Iraq,EN,GCC country-pair expansion,Commercial,Oman,Iraq,Small parcel,Oman → Iraq,/bahrain-saudi-gcc-transport/,GSC avg position 7.26; mainly informational traffic,No exact phrase found; contextual coverage required,Leave primary SEO fields and ranking content unchanged; add only small safe conversion support,High; protect existing winner,Protect,Leave primary SEO fields and ranking content unchanged; add only small safe conversion support,Research universe; validate commercial feasibility before publishing
1545,P3,parcel delivery from Oman to Kuwait,EN,GCC country-pair expansion,Commercial,Oman,Kuwait,Small parcel,Oman → Kuwait,/bahrain-saudi-gcc-transport/en/oman-to-kuwait/,GSC avg position 8.48; page-one winner with CTR opportunity,No exact phrase found; contextual coverage required,Leave primary SEO fields and ranking content unchanged; add only small safe conversion support,High; protect existing winner,Protect,Leave primary SEO fields and ranking content unchanged; add only small safe conversion support,Research universe; validate commercial feasibility before publishing
1546,P3,parcel delivery from Oman to Qatar,EN,GCC country-pair expansion,Commercial,Oman,Qatar,Small parcel,Oman → Qatar,/bahrain-saudi-gcc-transport/en/oman-to-qatar/,GSC avg position 7.88; page-one winner,No exact phrase found; contextual coverage required,Leave primary SEO fields and ranking content unchanged; add only small safe conversion support,High; protect existing winner,Protect,Leave primary SEO fields and ranking content unchanged; add only small safe conversion support,Research universe; validate commercial feasibility before publishing
1547,P3,parcel delivery from Oman to Saudi Arabia,EN,GCC country-pair expansion,Commercial,Oman,Saudi Arabia,Small parcel,Oman → Saudi Arabia,/bahrain-saudi-gcc-transport/,GSC avg position 7.26; mainly informational traffic,No exact phrase found; contextual coverage required,Leave primary SEO fields and ranking content unchanged; add only small safe conversion support,High; protect existing winner,Protect,Leave primary SEO fields and ranking content unchanged; add only small safe conversion support,Research universe; validate commercial feasibility before publishing
1548,P3,parcel delivery from Oman to UAE,EN,GCC country-pair expansion,Commercial,Oman,UAE,Small parcel,Oman → UAE,/bahrain-saudi-gcc-transport/,GSC avg position 7.26; mainly informational traffic,No exact phrase found; contextual coverage required,Leave primary SEO fields and ranking content unchanged; add only small safe conversion support,High; protect existing winner,Protect,Leave primary SEO fields and ranking content unchanged; add only small safe conversion support,Research universe; validate commercial feasibility before publishing
1549,P3,parcel delivery from Qatar to Iraq,EN,GCC country-pair expansion,Commercial,Qatar,Iraq,Small parcel,Qatar → Iraq,/bahrain-saudi-gcc-transport/,GSC avg position 7.88; page-one winner,No exact phrase found; contextual coverage required,Leave primary SEO fields and ranking content unchanged; add only small safe conversion support,High; protect existing winner,Protect,Leave primary SEO fields and ranking content unchanged; add only small safe conversion support,Research universe; validate commercial feasibility before publishing
1550,P3,parcel delivery from Qatar to Kuwait,EN,GCC country-pair expansion,Commercial,Qatar,Kuwait,Small parcel,Qatar → Kuwait,/bahrain-saudi-gcc-transport/en/qatar-to-kuwait/,GSC avg position 7.88; page-one winner,No exact phrase found; contextual coverage required,Leave primary SEO fields and ranking content unchanged; add only small safe conversion support,High; protect existing winner,Protect,Leave primary SEO fields and ranking content unchanged; add only small safe conversion support,Research universe; validate commercial feasibility before publishing
1551,P3,parcel delivery from Qatar to Oman,EN,GCC country-pair expansion,Commercial,Qatar,Oman,Small parcel,Qatar → Oman,/bahrain-saudi-gcc-transport/en/qatar-to-oman/,GSC avg position 7.88; page-one winner,No exact phrase found; contextual coverage required,Leave primary SEO fields and ranking content unchanged; add only small safe conversion support,High; protect existing winner,Protect,Leave primary SEO fields and ranking content unchanged; add only small safe conversion support,Research universe; validate commercial feasibility before publishing
1552,P3,parcel delivery from Qatar to Saudi Arabia,EN,GCC country-pair expansion,Commercial,Qatar,Saudi Arabia,Small parcel,Qatar → Saudi Arabia,/bahrain-saudi-gcc-transport/,GSC avg position 7.88; page-one winner,No exact phrase found; contextual coverage required,Leave primary SEO fields and ranking content unchanged; add only small safe conversion support,High; protect existing winner,Protect,Leave primary SEO fields and ranking content unchanged; add only small safe conversion support,Research universe; validate commercial feasibility before publishing
1553,P3,parcel delivery from Qatar to UAE,EN,GCC country-pair expansion,Commercial,Qatar,UAE,Small parcel,Qatar → UAE,/bahrain-saudi-gcc-transport/,GSC avg position 7.88; page-one winner,No exact phrase found; contextual coverage required,Leave primary SEO fields and ranking content unchanged; add only small safe conversion support,High; protect existing winner,Protect,Leave primary SEO fields and ranking content unchanged; add only small safe conversion support,Research universe; validate commercial feasibility before publishing
1554,P3,parcel delivery from Safwan to Bahrain,EN,Systematic long-tail expansion,Commercial,Safwan,Bahrain,Small parcel,Safwan → Bahrain,/bahrain-saudi-gcc-transport/,No numeric ranking evidence supplied for this keyword,No exact phrase found; contextual coverage required,Cluster with an existing service page unless unique intent and enough factual content justify a new page,Medium; validate before publishing,Evaluate for genuinely useful new page,Cluster with an existing service page unless unique intent and enough factual content justify a new page,Generated from validated route + service pattern; verify before page creation
1555,P3,parcel delivery from Saudi Arabia to Iraq,EN,GCC country-pair expansion,Commercial,Saudi Arabia,Iraq,Small parcel,Saudi Arabia → Iraq,/bahrain-saudi-gcc-transport/,No numeric ranking evidence supplied for this keyword,No exact phrase found; contextual coverage required,Cluster with an existing service page unless unique intent and enough factual content justify a new page,Medium; validate before publishing,Evaluate for genuinely useful new page,Cluster with an existing service page unless unique intent and enough factual content justify a new page,Research universe; validate commercial feasibility before publishing
1556,P3,parcel delivery from Saudi Arabia to Kuwait,EN,GCC country-pair expansion,Commercial,Saudi Arabia,Kuwait,Small parcel,Saudi Arabia → Kuwait,/bahrain-saudi-gcc-transport/,GSC avg position 8.48; page-one winner with CTR opportunity,No exact phrase found; contextual coverage required,Leave primary SEO fields and ranking content unchanged; add only small safe conversion support,High; protect existing winner,Protect,Leave primary SEO fields and ranking content unchanged; add only small safe conversion support,Research universe; validate commercial feasibility before publishing
1557,P3,parcel delivery from Saudi Arabia to Oman,EN,GCC country-pair expansion,Commercial,Saudi Arabia,Oman,Small parcel,Saudi Arabia → Oman,/bahrain-saudi-gcc-transport/,GSC avg position 7.26; mainly informational traffic,No exact phrase found; contextual coverage required,Leave primary SEO fields and ranking content unchanged; add only small safe conversion support,High; protect existing winner,Protect,Leave primary SEO fields and ranking content unchanged; add only small safe conversion support,Research universe; validate commercial feasibility before publishing
1558,P3,parcel delivery from Saudi Arabia to Qatar,EN,GCC country-pair expansion,Commercial,Saudi Arabia,Qatar,Small parcel,Saudi Arabia → Qatar,/bahrain-saudi-gcc-transport/,GSC avg position 7.88; page-one winner,No exact phrase found; contextual coverage required,Leave primary SEO fields and ranking content unchanged; add only small safe conversion support,High; protect existing winner,Protect,Leave primary SEO fields and ranking content unchanged; add only small safe conversion support,Research universe; validate commercial feasibility before publishing
1559,P3,parcel delivery from Saudi Arabia to UAE,EN,GCC country-pair expansion,Commercial,Saudi Arabia,UAE,Small parcel,Saudi Arabia → UAE,/bahrain-saudi-gcc-transport/,No numeric ranking evidence supplied for this keyword,No exact phrase found; contextual coverage required,Cluster with an existing service page unless unique intent and enough factual content justify a new page,Medium; validate before publishing,Evaluate for genuinely useful new page,Cluster with an existing service page unless unique intent and enough factual content justify a new page,Research universe; validate commercial feasibility before publishing
1560,P3,parcel delivery from UAE to Iraq,EN,GCC country-pair expansion,Commercial,UAE,Iraq,Small parcel,UAE → Iraq,/bahrain-saudi-gcc-transport/,No numeric ranking evidence supplied for this keyword,No exact phrase found; contextual coverage required,Cluster with an existing service page unless unique intent and enough factual content justify a new page,Medium; validate before publishing,Evaluate for genuinely useful new page,Cluster with an existing service page unless unique intent and enough factual content justify a new page,Research universe; validate commercial feasibility before publishing
1561,P3,parcel delivery from UAE to Kuwait,EN,GCC country-pair expansion,Commercial,UAE,Kuwait,Small parcel,UAE → Kuwait,/bahrain-saudi-gcc-transport/,GSC avg position 8.48; page-one winner with CTR opportunity,No exact phrase found; contextual coverage required,Leave primary SEO fields and ranking content unchanged; add only small safe conversion support,High; protect existing winner,Protect,Leave primary SEO fields and ranking content unchanged; add only small safe conversion support,Research universe; validate commercial feasibility before publishing
1562,P3,parcel delivery from UAE to Oman,EN,GCC country-pair expansion,Commercial,UAE,Oman,Small parcel,UAE → Oman,/bahrain-saudi-gcc-transport/,GSC avg position 7.26; mainly informational traffic,No exact phrase found; contextual coverage required,Leave primary SEO fields and ranking content unchanged; add only small safe conversion support,High; protect existing winner,Protect,Leave primary SEO fields and ranking content unchanged; add only small safe conversion support,Research universe; validate commercial feasibility before publishing
1563,P3,parcel delivery from UAE to Qatar,EN,GCC country-pair expansion,Commercial,UAE,Qatar,Small parcel,UAE → Qatar,/bahrain-saudi-gcc-transport/,GSC avg position 7.88; page-one winner,No exact phrase found; contextual coverage required,Leave primary SEO fields and ranking content unchanged; add only small safe conversion support,High; protect existing winner,Protect,Leave primary SEO fields and ranking content unchanged; add only small safe conversion support,Research universe; validate commercial feasibility before publishing
1564,P3,parcel delivery from UAE to Saudi Arabia,EN,GCC country-pair expansion,Commercial,UAE,Saudi Arabia,Small parcel,UAE → Saudi Arabia,/bahrain-saudi-gcc-transport/,No numeric ranking evidence supplied for this keyword,No exact phrase found; contextual coverage required,Cluster with an existing service page unless unique intent and enough factual content justify a new page,Medium; validate before publishing,Evaluate for genuinely useful new page,Cluster with an existing service page unless unique intent and enough factual content justify a new page,Research universe; validate commercial feasibility before publishing
1565,P3,private car from Bahrain to Safwan,EN,Systematic long-tail expansion,Commercial,Bahrain,Safwan,Private transfer,Bahrain → Safwan,/bahrain-saudi-gcc-transport/,No numeric ranking evidence supplied for this keyword,No exact phrase found; contextual coverage required,Cluster with an existing service page unless unique intent and enough factual content justify a new page,Medium; validate before publishing,Evaluate for genuinely useful new page,Cluster with an existing service page unless unique intent and enough factual content justify a new page,Generated from validated route + service pattern; verify before page creation
1566,P3,private car from Iraq to Kuwait,EN,GCC country-pair expansion,Commercial,Iraq,Kuwait,Private transfer,Iraq → Kuwait,/bahrain-saudi-gcc-transport/,GSC avg position 8.48; page-one winner with CTR opportunity,No exact phrase found; contextual coverage required,Leave primary SEO fields and ranking content unchanged; add only small safe conversion support,High; protect existing winner,Protect,Leave primary SEO fields and ranking content unchanged; add only small safe conversion support,Research universe; validate commercial feasibility before publishing
1567,P3,private car from Iraq to Oman,EN,GCC country-pair expansion,Commercial,Iraq,Oman,Private transfer,Iraq → Oman,/bahrain-saudi-gcc-transport/,GSC avg position 7.26; mainly informational traffic,No exact phrase found; contextual coverage required,Leave primary SEO fields and ranking content unchanged; add only small safe conversion support,High; protect existing winner,Protect,Leave primary SEO fields and ranking content unchanged; add only small safe conversion support,Research universe; validate commercial feasibility before publishing
1568,P3,private car from Iraq to Qatar,EN,GCC country-pair expansion,Commercial,Iraq,Qatar,Private transfer,Iraq → Qatar,/bahrain-saudi-gcc-transport/,GSC avg position 7.88; page-one winner,No exact phrase found; contextual coverage required,Leave primary SEO fields and ranking content unchanged; add only small safe conversion support,High; protect existing winner,Protect,Leave primary SEO fields and ranking content unchanged; add only small safe conversion support,Research universe; validate commercial feasibility before publishing
1569,P3,private car from Iraq to Saudi Arabia,EN,GCC country-pair expansion,Commercial,Iraq,Saudi Arabia,Private transfer,Iraq → Saudi Arabia,/bahrain-saudi-gcc-transport/,No numeric ranking evidence supplied for this keyword,No exact phrase found; contextual coverage required,Cluster with an existing service page unless unique intent and enough factual content justify a new page,Medium; validate before publishing,Evaluate for genuinely useful new page,Cluster with an existing service page unless unique intent and enough factual content justify a new page,Research universe; validate commercial feasibility before publishing
1570,P3,private car from Iraq to UAE,EN,GCC country-pair expansion,Commercial,Iraq,UAE,Private transfer,Iraq → UAE,/bahrain-saudi-gcc-transport/,No numeric ranking evidence supplied for this keyword,No exact phrase found; contextual coverage required,Cluster with an existing service page unless unique intent and enough factual content justify a new page,Medium; validate before publishing,Evaluate for genuinely useful new page,Cluster with an existing service page unless unique intent and enough factual content justify a new page,Research universe; validate commercial feasibility before publishing
1571,P3,private car from Kuwait to Iraq,EN,GCC country-pair expansion,Commercial,Kuwait,Iraq,Private transfer,Kuwait → Iraq,/bahrain-saudi-gcc-transport/,GSC avg position 8.48; page-one winner with CTR opportunity,No exact phrase found; contextual coverage required,Leave primary SEO fields and ranking content unchanged; add only small safe conversion support,High; protect existing winner,Protect,Leave primary SEO fields and ranking content unchanged; add only small safe conversion support,Research universe; validate commercial feasibility before publishing
1572,P3,private car from Kuwait to Oman,EN,GCC country-pair expansion,Commercial,Kuwait,Oman,Private transfer,Kuwait → Oman,/bahrain-saudi-gcc-transport/en/kuwait-to-oman/,GSC avg position 8.48; page-one winner with CTR opportunity,No exact phrase found; contextual coverage required,Leave primary SEO fields and ranking content unchanged; add only small safe conversion support,High; protect existing winner,Protect,Leave primary SEO fields and ranking content unchanged; add only small safe conversion support,Research universe; validate commercial feasibility before publishing
1573,P3,private car from Kuwait to Qatar,EN,GCC country-pair expansion,Commercial,Kuwait,Qatar,Private transfer,Kuwait → Qatar,/bahrain-saudi-gcc-transport/en/kuwait-to-qatar/,GSC avg position 7.88; page-one winner,No exact phrase found; contextual coverage required,Leave primary SEO fields and ranking content unchanged; add only small safe conversion support,High; protect existing winner,Protect,Leave primary SEO fields and ranking content unchanged; add only small safe conversion support,Research universe; validate commercial feasibility before publishing
1574,P3,private car from Kuwait to Saudi Arabia,EN,GCC country-pair expansion,Commercial,Kuwait,Saudi Arabia,Private transfer,Kuwait → Saudi Arabia,/bahrain-saudi-gcc-transport/,GSC avg position 8.48; page-one winner with CTR opportunity,No exact phrase found; contextual coverage required,Leave primary SEO fields and ranking content unchanged; add only small safe conversion support,High; protect existing winner,Protect,Leave primary SEO fields and ranking content unchanged; add only small safe conversion support,Research universe; validate commercial feasibility before publishing
1575,P3,private car from Kuwait to UAE,EN,GCC country-pair expansion,Commercial,Kuwait,UAE,Private transfer,Kuwait → UAE,/bahrain-saudi-gcc-transport/,GSC avg position 8.48; page-one winner with CTR opportunity,No exact phrase found; contextual coverage required,Leave primary SEO fields and ranking content unchanged; add only small safe conversion support,High; protect existing winner,Protect,Leave primary SEO fields and ranking content unchanged; add only small safe conversion support,Research universe; validate commercial feasibility before publishing
1576,P3,private car from Oman to Iraq,EN,GCC country-pair expansion,Commercial,Oman,Iraq,Private transfer,Oman → Iraq,/bahrain-saudi-gcc-transport/,GSC avg position 7.26; mainly informational traffic,No exact phrase found; contextual coverage required,Leave primary SEO fields and ranking content unchanged; add only small safe conversion support,High; protect existing winner,Protect,Leave primary SEO fields and ranking content unchanged; add only small safe conversion support,Research universe; validate commercial feasibility before publishing
1577,P3,private car from Oman to Kuwait,EN,GCC country-pair expansion,Commercial,Oman,Kuwait,Private transfer,Oman → Kuwait,/bahrain-saudi-gcc-transport/en/oman-to-kuwait/,GSC avg position 8.48; page-one winner with CTR opportunity,No exact phrase found; contextual coverage required,Leave primary SEO fields and ranking content unchanged; add only small safe conversion support,High; protect existing winner,Protect,Leave primary SEO fields and ranking content unchanged; add only small safe conversion support,Research universe; validate commercial feasibility before publishing
1578,P3,private car from Oman to Qatar,EN,GCC country-pair expansion,Commercial,Oman,Qatar,Private transfer,Oman → Qatar,/bahrain-saudi-gcc-transport/en/oman-to-qatar/,GSC avg position 7.88; page-one winner,No exact phrase found; contextual coverage required,Leave primary SEO fields and ranking content unchanged; add only small safe conversion support,High; protect existing winner,Protect,Leave primary SEO fields and ranking content unchanged; add only small safe conversion support,Research universe; validate commercial feasibility before publishing
1579,P3,private car from Oman to Saudi Arabia,EN,GCC country-pair expansion,Commercial,Oman,Saudi Arabia,Private transfer,Oman → Saudi Arabia,/bahrain-saudi-gcc-transport/,GSC avg position 7.26; mainly informational traffic,No exact phrase found; contextual coverage required,Leave primary SEO fields and ranking content unchanged; add only small safe conversion support,High; protect existing winner,Protect,Leave primary SEO fields and ranking content unchanged; add only small safe conversion support,Research universe; validate commercial feasibility before publishing
1580,P3,private car from Oman to UAE,EN,GCC country-pair expansion,Commercial,Oman,UAE,Private transfer,Oman → UAE,/bahrain-saudi-gcc-transport/,GSC avg position 7.26; mainly informational traffic,No exact phrase found; contextual coverage required,Leave primary SEO fields and ranking content unchanged; add only small safe conversion support,High; protect existing winner,Protect,Leave primary SEO fields and ranking content unchanged; add only small safe conversion support,Research universe; validate commercial feasibility before publishing
1581,P3,private car from Qatar to Iraq,EN,GCC country-pair expansion,Commercial,Qatar,Iraq,Private transfer,Qatar → Iraq,/bahrain-saudi-gcc-transport/,GSC avg position 7.88; page-one winner,No exact phrase found; contextual coverage required,Leave primary SEO fields and ranking content unchanged; add only small safe conversion support,High; protect existing winner,Protect,Leave primary SEO fields and ranking content unchanged; add only small safe conversion support,Research universe; validate commercial feasibility before publishing
1582,P3,private car from Qatar to Kuwait,EN,GCC country-pair expansion,Commercial,Qatar,Kuwait,Private transfer,Qatar → Kuwait,/bahrain-saudi-gcc-transport/en/qatar-to-kuwait/,GSC avg position 7.88; page-one winner,No exact phrase found; contextual coverage required,Leave primary SEO fields and ranking content unchanged; add only small safe conversion support,High; protect existing winner,Protect,Leave primary SEO fields and ranking content unchanged; add only small safe conversion support,Research universe; validate commercial feasibility before publishing
1583,P3,private car from Qatar to Oman,EN,GCC country-pair expansion,Commercial,Qatar,Oman,Private transfer,Qatar → Oman,/bahrain-saudi-gcc-transport/en/qatar-to-oman/,GSC avg position 7.88; page-one winner,No exact phrase found; contextual coverage required,Leave primary SEO fields and ranking content unchanged; add only small safe conversion support,High; protect existing winner,Protect,Leave primary SEO fields and ranking content unchanged; add only small safe conversion support,Research universe; validate commercial feasibility before publishing
1584,P3,private car from Qatar to Saudi Arabia,EN,GCC country-pair expansion,Commercial,Qatar,Saudi Arabia,Private transfer,Qatar → Saudi Arabia,/bahrain-saudi-gcc-transport/,GSC avg position 7.88; page-one winner,No exact phrase found; contextual coverage required,Leave primary SEO fields and ranking content unchanged; add only small safe conversion support,High; protect existing winner,Protect,Leave primary SEO fields and ranking content unchanged; add only small safe conversion support,Research universe; validate commercial feasibility before publishing
1585,P3,private car from Qatar to UAE,EN,GCC country-pair expansion,Commercial,Qatar,UAE,Private transfer,Qatar → UAE,/bahrain-saudi-gcc-transport/,GSC avg position 7.88; page-one winner,No exact phrase found; contextual coverage required,Leave primary SEO fields and ranking content unchanged; add only small safe conversion support,High; protect existing winner,Protect,Leave primary SEO fields and ranking content unchanged; add only small safe conversion support,Research universe; validate commercial feasibility before publishing
1586,P3,private car from Safwan to Bahrain,EN,Systematic long-tail expansion,Commercial,Safwan,Bahrain,Private transfer,Safwan → Bahrain,/bahrain-saudi-gcc-transport/,No numeric ranking evidence supplied for this keyword,No exact phrase found; contextual coverage required,Cluster with an existing service page unless unique intent and enough factual content justify a new page,Medium; validate before publishing,Evaluate for genuinely useful new page,Cluster with an existing service page unless unique intent and enough factual content justify a new page,Generated from validated route + service pattern; verify before page creation
1587,P3,private car from Saudi Arabia to Iraq,EN,GCC country-pair expansion,Commercial,Saudi Arabia,Iraq,Private transfer,Saudi Arabia → Iraq,/bahrain-saudi-gcc-transport/,No numeric ranking evidence supplied for this keyword,No exact phrase found; contextual coverage required,Cluster with an existing service page unless unique intent and enough factual content justify a new page,Medium; validate before publishing,Evaluate for genuinely useful new page,Cluster with an existing service page unless unique intent and enough factual content justify a new page,Research universe; validate commercial feasibility before publishing
1588,P3,private car from Saudi Arabia to Kuwait,EN,GCC country-pair expansion,Commercial,Saudi Arabia,Kuwait,Private transfer,Saudi Arabia → Kuwait,/bahrain-saudi-gcc-transport/,GSC avg position 8.48; page-one winner with CTR opportunity,No exact phrase found; contextual coverage required,Leave primary SEO fields and ranking content unchanged; add only small safe conversion support,High; protect existing winner,Protect,Leave primary SEO fields and ranking content unchanged; add only small safe conversion support,Research universe; validate commercial feasibility before publishing
1589,P3,private car from Saudi Arabia to Oman,EN,GCC country-pair expansion,Commercial,Saudi Arabia,Oman,Private transfer,Saudi Arabia → Oman,/bahrain-saudi-gcc-transport/,GSC avg position 7.26; mainly informational traffic,No exact phrase found; contextual coverage required,Leave primary SEO fields and ranking content unchanged; add only small safe conversion support,High; protect existing winner,Protect,Leave primary SEO fields and ranking content unchanged; add only small safe conversion support,Research universe; validate commercial feasibility before publishing
1590,P3,private car from Saudi Arabia to Qatar,EN,GCC country-pair expansion,Commercial,Saudi Arabia,Qatar,Private transfer,Saudi Arabia → Qatar,/bahrain-saudi-gcc-transport/,GSC avg position 7.88; page-one winner,No exact phrase found; contextual coverage required,Leave primary SEO fields and ranking content unchanged; add only small safe conversion support,High; protect existing winner,Protect,Leave primary SEO fields and ranking content unchanged; add only small safe conversion support,Research universe; validate commercial feasibility before publishing
1591,P3,private car from Saudi Arabia to UAE,EN,GCC country-pair expansion,Commercial,Saudi Arabia,UAE,Private transfer,Saudi Arabia → UAE,/bahrain-saudi-gcc-transport/,No numeric ranking evidence supplied for this keyword,No exact phrase found; contextual coverage required,Cluster with an existing service page unless unique intent and enough factual content justify a new page,Medium; validate before publishing,Evaluate for genuinely useful new page,Cluster with an existing service page unless unique intent and enough factual content justify a new page,Research universe; validate commercial feasibility before publishing
1592,P3,private car from UAE to Iraq,EN,GCC country-pair expansion,Commercial,UAE,Iraq,Private transfer,UAE → Iraq,/bahrain-saudi-gcc-transport/,No numeric ranking evidence supplied for this keyword,No exact phrase found; contextual coverage required,Cluster with an existing service page unless unique intent and enough factual content justify a new page,Medium; validate before publishing,Evaluate for genuinely useful new page,Cluster with an existing service page unless unique intent and enough factual content justify a new page,Research universe; validate commercial feasibility before publishing
1593,P3,private car from UAE to Kuwait,EN,GCC country-pair expansion,Commercial,UAE,Kuwait,Private transfer,UAE → Kuwait,/bahrain-saudi-gcc-transport/,GSC avg position 8.48; page-one winner with CTR opportunity,No exact phrase found; contextual coverage required,Leave primary SEO fields and ranking content unchanged; add only small safe conversion support,High; protect existing winner,Protect,Leave primary SEO fields and ranking content unchanged; add only small safe conversion support,Research universe; validate commercial feasibility before publishing
1594,P3,private car from UAE to Oman,EN,GCC country-pair expansion,Commercial,UAE,Oman,Private transfer,UAE → Oman,/bahrain-saudi-gcc-transport/,GSC avg position 7.26; mainly informational traffic,No exact phrase found; contextual coverage required,Leave primary SEO fields and ranking content unchanged; add only small safe conversion support,High; protect existing winner,Protect,Leave primary SEO fields and ranking content unchanged; add only small safe conversion support,Research universe; validate commercial feasibility before publishing
1595,P3,private car from UAE to Qatar,EN,GCC country-pair expansion,Commercial,UAE,Qatar,Private transfer,UAE → Qatar,/bahrain-saudi-gcc-transport/,GSC avg position 7.88; page-one winner,No exact phrase found; contextual coverage required,Leave primary SEO fields and ranking content unchanged; add only small safe conversion support,High; protect existing winner,Protect,Leave primary SEO fields and ranking content unchanged; add only small safe conversion support,Research universe; validate commercial feasibility before publishing
1596,P3,private car from UAE to Saudi Arabia,EN,GCC country-pair expansion,Commercial,UAE,Saudi Arabia,Private transfer,UAE → Saudi Arabia,/bahrain-saudi-gcc-transport/,No numeric ranking evidence supplied for this keyword,No exact phrase found; contextual coverage required,Cluster with an existing service page unless unique intent and enough factual content justify a new page,Medium; validate before publishing,Evaluate for genuinely useful new page,Cluster with an existing service page unless unique intent and enough factual content justify a new page,Research universe; validate commercial feasibility before publishing
1597,P3,Qatar to Iraq by road,EN,GCC country-pair expansion,Informational,Qatar,Iraq,Driving,Qatar → Iraq,/bahrain-saudi-gcc-transport/,GSC avg position 7.88; page-one winner,No exact phrase found; contextual coverage required,Leave primary SEO fields and ranking content unchanged; add only small safe conversion support,High; protect existing winner,Protect,Leave primary SEO fields and ranking content unchanged; add only small safe conversion support,Research universe; validate commercial feasibility before publishing
1598,P3,Qatar to Iraq transport,EN,GCC country-pair expansion,Commercial,Qatar,Iraq,Transport,Qatar → Iraq,/bahrain-saudi-gcc-transport/,GSC avg position 7.88; page-one winner,No exact phrase found; contextual coverage required,Leave primary SEO fields and ranking content unchanged; add only small safe conversion support,High; protect existing winner,Protect,Leave primary SEO fields and ranking content unchanged; add only small safe conversion support,Research universe; validate commercial feasibility before publishing
1599,P3,Qatar to Kuwait by road,EN,GCC country-pair expansion,Informational,Qatar,Kuwait,Driving,Qatar → Kuwait,/bahrain-saudi-gcc-transport/en/qatar-to-kuwait/,GSC avg position 7.88; page-one winner,No exact phrase found; contextual coverage required,Leave primary SEO fields and ranking content unchanged; add only small safe conversion support,High; protect existing winner,Protect,Leave primary SEO fields and ranking content unchanged; add only small safe conversion support,Research universe; validate commercial feasibility before publishing
1600,P3,Qatar to Kuwait transport,EN,GCC country-pair expansion,Commercial,Qatar,Kuwait,Transport,Qatar → Kuwait,/bahrain-saudi-gcc-transport/en/qatar-to-kuwait/,GSC avg position 7.88; page-one winner,No exact phrase found; contextual coverage required,Leave primary SEO fields and ranking content unchanged; add only small safe conversion support,High; protect existing winner,Protect,Leave primary SEO fields and ranking content unchanged; add only small safe conversion support,Research universe; validate commercial feasibility before publishing
1601,P3,Qatar to Oman by road,EN,GCC country-pair expansion,Informational,Qatar,Oman,Driving,Qatar → Oman,/bahrain-saudi-gcc-transport/en/qatar-to-oman/,GSC avg position 7.88; page-one winner,No exact phrase found; contextual coverage required,Leave primary SEO fields and ranking content unchanged; add only small safe conversion support,High; protect existing winner,Protect,Leave primary SEO fields and ranking content unchanged; add only small safe conversion support,Research universe; validate commercial feasibility before publishing
1602,P3,Qatar to Oman transport,EN,GCC country-pair expansion,Commercial,Qatar,Oman,Transport,Qatar → Oman,/bahrain-saudi-gcc-transport/en/qatar-to-oman/,GSC avg position 7.88; page-one winner,No exact phrase found; contextual coverage required,Leave primary SEO fields and ranking content unchanged; add only small safe conversion support,High; protect existing winner,Protect,Leave primary SEO fields and ranking content unchanged; add only small safe conversion support,Research universe; validate commercial feasibility before publishing
1603,P3,Qatar to Saudi Arabia by road,EN,GCC country-pair expansion,Informational,Qatar,Saudi Arabia,Driving,Qatar → Saudi Arabia,/bahrain-saudi-gcc-transport/,GSC avg position 7.88; page-one winner,No exact phrase found; contextual coverage required,Leave primary SEO fields and ranking content unchanged; add only small safe conversion support,High; protect existing winner,Protect,Leave primary SEO fields and ranking content unchanged; add only small safe conversion support,Research universe; validate commercial feasibility before publishing
1604,P3,Qatar to Saudi Arabia transport,EN,GCC country-pair expansion,Commercial,Qatar,Saudi Arabia,Transport,Qatar → Saudi Arabia,/bahrain-saudi-gcc-transport/,GSC avg position 7.88; page-one winner,No exact phrase found; contextual coverage required,Leave primary SEO fields and ranking content unchanged; add only small safe conversion support,High; protect existing winner,Protect,Leave primary SEO fields and ranking content unchanged; add only small safe conversion support,Research universe; validate commercial feasibility before publishing
1605,P3,Qatar to UAE by road,EN,GCC country-pair expansion,Informational,Qatar,UAE,Driving,Qatar → UAE,/bahrain-saudi-gcc-transport/,GSC avg position 7.88; page-one winner,No exact phrase found; contextual coverage required,Leave primary SEO fields and ranking content unchanged; add only small safe conversion support,High; protect existing winner,Protect,Leave primary SEO fields and ranking content unchanged; add only small safe conversion support,Research universe; validate commercial feasibility before publishing
1606,P3,Qatar to UAE transport,EN,GCC country-pair expansion,Commercial,Qatar,UAE,Transport,Qatar → UAE,/bahrain-saudi-gcc-transport/,GSC avg position 7.88; page-one winner,No exact phrase found; contextual coverage required,Leave primary SEO fields and ranking content unchanged; add only small safe conversion support,High; protect existing winner,Protect,Leave primary SEO fields and ranking content unchanged; add only small safe conversion support,Research universe; validate commercial feasibility before publishing
1607,P3,Safwan to Bahrain by car,EN,Systematic long-tail expansion,Informational,Safwan,Bahrain,Driving,Safwan → Bahrain,/bahrain-saudi-gcc-transport/,No numeric ranking evidence supplied for this keyword,No exact phrase found; contextual coverage required,Cluster with an existing service page unless unique intent and enough factual content justify a new page,Medium; validate before publishing,Evaluate for genuinely useful new page,Cluster with an existing service page unless unique intent and enough factual content justify a new page,Generated from validated route + service pattern; verify before page creation
1608,P3,Safwan to Bahrain distance by road,EN,Systematic long-tail expansion,Informational,Safwan,Bahrain,Distance,Safwan → Bahrain,/bahrain-saudi-gcc-transport/,No numeric ranking evidence supplied for this keyword,No exact phrase found; contextual coverage required,Cluster with an existing service page unless unique intent and enough factual content justify a new page,Medium; validate before publishing,Evaluate for genuinely useful new page,Cluster with an existing service page unless unique intent and enough factual content justify a new page,Generated from validated route + service pattern; verify before page creation
1609,P3,Safwan to Bahrain taxi price,EN,Systematic long-tail expansion,Price,Safwan,Bahrain,Pricing,Safwan → Bahrain,/bahrain-saudi-gcc-transport/,No numeric ranking evidence supplied for this keyword,No exact phrase found; contextual coverage required,Cluster with an existing service page unless unique intent and enough factual content justify a new page,Medium; validate before publishing,Evaluate for genuinely useful new page,Cluster with an existing service page unless unique intent and enough factual content justify a new page,Generated from validated route + service pattern; verify before page creation
1610,P3,Safwan to Bahrain transfer,EN,Systematic long-tail expansion,Commercial,Safwan,Bahrain,Transfer,Safwan → Bahrain,/bahrain-saudi-gcc-transport/,No numeric ranking evidence supplied for this keyword,No exact phrase found; contextual coverage required,Cluster with an existing service page unless unique intent and enough factual content justify a new page,Medium; validate before publishing,Evaluate for genuinely useful new page,Cluster with an existing service page unless unique intent and enough factual content justify a new page,Generated from validated route + service pattern; verify before page creation
1611,P3,Safwan to Bahrain transport,EN,Systematic long-tail expansion,Commercial,Safwan,Bahrain,Transport,Safwan → Bahrain,/bahrain-saudi-gcc-transport/,No numeric ranking evidence supplied for this keyword,No exact phrase found; contextual coverage required,Cluster with an existing service page unless unique intent and enough factual content justify a new page,Medium; validate before publishing,Evaluate for genuinely useful new page,Cluster with an existing service page unless unique intent and enough factual content justify a new page,Generated from validated route + service pattern; verify before page creation
1612,P3,Saudi Arabia to Iraq by road,EN,GCC country-pair expansion,Informational,Saudi Arabia,Iraq,Driving,Saudi Arabia → Iraq,/bahrain-saudi-gcc-transport/,No numeric ranking evidence supplied for this keyword,No exact phrase found; contextual coverage required,Cluster with an existing service page unless unique intent and enough factual content justify a new page,Medium; validate before publishing,Evaluate for genuinely useful new page,Cluster with an existing service page unless unique intent and enough factual content justify a new page,Research universe; validate commercial feasibility before publishing
1613,P3,Saudi Arabia to Iraq transport,EN,GCC country-pair expansion,Commercial,Saudi Arabia,Iraq,Transport,Saudi Arabia → Iraq,/bahrain-saudi-gcc-transport/,No numeric ranking evidence supplied for this keyword,No exact phrase found; contextual coverage required,Cluster with an existing service page unless unique intent and enough factual content justify a new page,Medium; validate before publishing,Evaluate for genuinely useful new page,Cluster with an existing service page unless unique intent and enough factual content justify a new page,Research universe; validate commercial feasibility before publishing
1614,P3,Saudi Arabia to Kuwait by road,EN,GCC country-pair expansion,Informational,Saudi Arabia,Kuwait,Driving,Saudi Arabia → Kuwait,/bahrain-saudi-gcc-transport/,GSC avg position 8.48; page-one winner with CTR opportunity,No exact phrase found; contextual coverage required,Leave primary SEO fields and ranking content unchanged; add only small safe conversion support,High; protect existing winner,Protect,Leave primary SEO fields and ranking content unchanged; add only small safe conversion support,Research universe; validate commercial feasibility before publishing
1615,P3,Saudi Arabia to Kuwait transport,EN,GCC country-pair expansion,Commercial,Saudi Arabia,Kuwait,Transport,Saudi Arabia → Kuwait,/bahrain-saudi-gcc-transport/,GSC avg position 8.48; page-one winner with CTR opportunity,No exact phrase found; contextual coverage required,Leave primary SEO fields and ranking content unchanged; add only small safe conversion support,High; protect existing winner,Protect,Leave primary SEO fields and ranking content unchanged; add only small safe conversion support,Research universe; validate commercial feasibility before publishing
1616,P3,Saudi Arabia to Oman by road,EN,GCC country-pair expansion,Informational,Saudi Arabia,Oman,Driving,Saudi Arabia → Oman,/bahrain-saudi-gcc-transport/,GSC avg position 7.26; mainly informational traffic,No exact phrase found; contextual coverage required,Leave primary SEO fields and ranking content unchanged; add only small safe conversion support,High; protect existing winner,Protect,Leave primary SEO fields and ranking content unchanged; add only small safe conversion support,Research universe; validate commercial feasibility before publishing
1617,P3,Saudi Arabia to Oman transport,EN,GCC country-pair expansion,Commercial,Saudi Arabia,Oman,Transport,Saudi Arabia → Oman,/bahrain-saudi-gcc-transport/,GSC avg position 7.26; mainly informational traffic,No exact phrase found; contextual coverage required,Leave primary SEO fields and ranking content unchanged; add only small safe conversion support,High; protect existing winner,Protect,Leave primary SEO fields and ranking content unchanged; add only small safe conversion support,Research universe; validate commercial feasibility before publishing
1618,P3,Saudi Arabia to Qatar by road,EN,GCC country-pair expansion,Informational,Saudi Arabia,Qatar,Driving,Saudi Arabia → Qatar,/bahrain-saudi-gcc-transport/,GSC avg position 7.88; page-one winner,No exact phrase found; contextual coverage required,Leave primary SEO fields and ranking content unchanged; add only small safe conversion support,High; protect existing winner,Protect,Leave primary SEO fields and ranking content unchanged; add only small safe conversion support,Research universe; validate commercial feasibility before publishing
1619,P3,Saudi Arabia to Qatar transport,EN,GCC country-pair expansion,Commercial,Saudi Arabia,Qatar,Transport,Saudi Arabia → Qatar,/bahrain-saudi-gcc-transport/,GSC avg position 7.88; page-one winner,No exact phrase found; contextual coverage required,Leave primary SEO fields and ranking content unchanged; add only small safe conversion support,High; protect existing winner,Protect,Leave primary SEO fields and ranking content unchanged; add only small safe conversion support,Research universe; validate commercial feasibility before publishing
1620,P3,Saudi Arabia to UAE by road,EN,GCC country-pair expansion,Informational,Saudi Arabia,UAE,Driving,Saudi Arabia → UAE,/bahrain-saudi-gcc-transport/,No numeric ranking evidence supplied for this keyword,No exact phrase found; contextual coverage required,Cluster with an existing service page unless unique intent and enough factual content justify a new page,Medium; validate before publishing,Evaluate for genuinely useful new page,Cluster with an existing service page unless unique intent and enough factual content justify a new page,Research universe; validate commercial feasibility before publishing
1621,P3,Saudi Arabia to UAE transport,EN,GCC country-pair expansion,Commercial,Saudi Arabia,UAE,Transport,Saudi Arabia → UAE,/bahrain-saudi-gcc-transport/,No numeric ranking evidence supplied for this keyword,No exact phrase found; contextual coverage required,Cluster with an existing service page unless unique intent and enough factual content justify a new page,Medium; validate before publishing,Evaluate for genuinely useful new page,Cluster with an existing service page unless unique intent and enough factual content justify a new page,Research universe; validate commercial feasibility before publishing
1622,P3,taxi from Bahrain to Safwan,EN,Systematic long-tail expansion,Commercial,Bahrain,Safwan,Taxi intent,Bahrain → Safwan,/bahrain-saudi-gcc-transport/,No numeric ranking evidence supplied for this keyword,No exact phrase found; contextual coverage required,Cluster with an existing service page unless unique intent and enough factual content justify a new page,Medium; validate before publishing,Evaluate for genuinely useful new page,Cluster with an existing service page unless unique intent and enough factual content justify a new page,Generated from validated route + service pattern; verify before page creation
1623,P3,taxi from Safwan to Bahrain,EN,Systematic long-tail expansion,Commercial,Safwan,Bahrain,Taxi intent,Safwan → Bahrain,/bahrain-saudi-gcc-transport/,No numeric ranking evidence supplied for this keyword,No exact phrase found; contextual coverage required,Cluster with an existing service page unless unique intent and enough factual content justify a new page,Medium; validate before publishing,Evaluate for genuinely useful new page,Cluster with an existing service page unless unique intent and enough factual content justify a new page,Generated from validated route + service pattern; verify before page creation
1624,P3,UAE to Iraq by road,EN,GCC country-pair expansion,Informational,UAE,Iraq,Driving,UAE → Iraq,/bahrain-saudi-gcc-transport/,No numeric ranking evidence supplied for this keyword,No exact phrase found; contextual coverage required,Cluster with an existing service page unless unique intent and enough factual content justify a new page,Medium; validate before publishing,Evaluate for genuinely useful new page,Cluster with an existing service page unless unique intent and enough factual content justify a new page,Research universe; validate commercial feasibility before publishing
1625,P3,UAE to Iraq transport,EN,GCC country-pair expansion,Commercial,UAE,Iraq,Transport,UAE → Iraq,/bahrain-saudi-gcc-transport/,No numeric ranking evidence supplied for this keyword,No exact phrase found; contextual coverage required,Cluster with an existing service page unless unique intent and enough factual content justify a new page,Medium; validate before publishing,Evaluate for genuinely useful new page,Cluster with an existing service page unless unique intent and enough factual content justify a new page,Research universe; validate commercial feasibility before publishing
1626,P3,UAE to Kuwait by road,EN,GCC country-pair expansion,Informational,UAE,Kuwait,Driving,UAE → Kuwait,/bahrain-saudi-gcc-transport/,GSC avg position 8.48; page-one winner with CTR opportunity,No exact phrase found; contextual coverage required,Leave primary SEO fields and ranking content unchanged; add only small safe conversion support,High; protect existing winner,Protect,Leave primary SEO fields and ranking content unchanged; add only small safe conversion support,Research universe; validate commercial feasibility before publishing
1627,P3,UAE to Kuwait transport,EN,GCC country-pair expansion,Commercial,UAE,Kuwait,Transport,UAE → Kuwait,/bahrain-saudi-gcc-transport/,GSC avg position 8.48; page-one winner with CTR opportunity,No exact phrase found; contextual coverage required,Leave primary SEO fields and ranking content unchanged; add only small safe conversion support,High; protect existing winner,Protect,Leave primary SEO fields and ranking content unchanged; add only small safe conversion support,Research universe; validate commercial feasibility before publishing
1628,P3,UAE to Oman by road,EN,GCC country-pair expansion,Informational,UAE,Oman,Driving,UAE → Oman,/bahrain-saudi-gcc-transport/,GSC avg position 7.26; mainly informational traffic,No exact phrase found; contextual coverage required,Leave primary SEO fields and ranking content unchanged; add only small safe conversion support,High; protect existing winner,Protect,Leave primary SEO fields and ranking content unchanged; add only small safe conversion support,Research universe; validate commercial feasibility before publishing
1629,P3,UAE to Oman transport,EN,GCC country-pair expansion,Commercial,UAE,Oman,Transport,UAE → Oman,/bahrain-saudi-gcc-transport/,GSC avg position 7.26; mainly informational traffic,No exact phrase found; contextual coverage required,Leave primary SEO fields and ranking content unchanged; add only small safe conversion support,High; protect existing winner,Protect,Leave primary SEO fields and ranking content unchanged; add only small safe conversion support,Research universe; validate commercial feasibility before publishing
1630,P3,UAE to Qatar by road,EN,GCC country-pair expansion,Informational,UAE,Qatar,Driving,UAE → Qatar,/bahrain-saudi-gcc-transport/,GSC avg position 7.88; page-one winner,No exact phrase found; contextual coverage required,Leave primary SEO fields and ranking content unchanged; add only small safe conversion support,High; protect existing winner,Protect,Leave primary SEO fields and ranking content unchanged; add only small safe conversion support,Research universe; validate commercial feasibility before publishing
1631,P3,UAE to Qatar transport,EN,GCC country-pair expansion,Commercial,UAE,Qatar,Transport,UAE → Qatar,/bahrain-saudi-gcc-transport/,GSC avg position 7.88; page-one winner,No exact phrase found; contextual coverage required,Leave primary SEO fields and ranking content unchanged; add only small safe conversion support,High; protect existing winner,Protect,Leave primary SEO fields and ranking content unchanged; add only small safe conversion support,Research universe; validate commercial feasibility before publishing
1632,P3,UAE to Saudi Arabia by road,EN,GCC country-pair expansion,Informational,UAE,Saudi Arabia,Driving,UAE → Saudi Arabia,/bahrain-saudi-gcc-transport/,No numeric ranking evidence supplied for this keyword,No exact phrase found; contextual coverage required,Cluster with an existing service page unless unique intent and enough factual content justify a new page,Medium; validate before publishing,Evaluate for genuinely useful new page,Cluster with an existing service page unless unique intent and enough factual content justify a new page,Research universe; validate commercial feasibility before publishing
1633,P3,UAE to Saudi Arabia transport,EN,GCC country-pair expansion,Commercial,UAE,Saudi Arabia,Transport,UAE → Saudi Arabia,/bahrain-saudi-gcc-transport/,No numeric ranking evidence supplied for this keyword,No exact phrase found; contextual coverage required,Cluster with an existing service page unless unique intent and enough factual content justify a new page,Medium; validate before publishing,Evaluate for genuinely useful new page,Cluster with an existing service page unless unique intent and enough factual content justify a new page,Research universe; validate commercial feasibility before publishing
